arquivo,captura_ts,porte,calado_min_vante,trim_max_re,imersao_min_propulsor
wayback/calados_operacionais_2021/20230330203418.html,20230330203418,Porte do Navio,Calado Mínimo a Vante,Máximo Trim a Ré,Percentual Mínimo de Imersão do propulsor
wayback/calados_operacionais_2021/20230330203418.html,20230330203418,10.001 ≤ DWT ≤ 20.000,"≥ 3,0 m","2,5 m",100%
wayback/calados_operacionais_2021/20230330203418.html,20230330203418,20.001 ≤ DWT ≤ 50.000,"≥ 3,5 m","3,0 m",90%
wayback/calados_operacionais_2021/20230330203418.html,20230330203418,50.001 ≤ DWT ≤ 80.000,"≥ 4,0 m","1,5% LOA",90%
wayback/calados_operacionais_2021/20230330203418.html,20230330203418,80.001 ≤ DWT ≤ 100.000,"≥ 5,0 m","0,7% LOA",90%
wayback/calados_operacionais_2021/20230330203418.html,20230330203418,100.001 ≤ DWT ≤ 200.000,"≥ 6,3 m","0,7% LOA",90%
wayback/calados_operacionais_2021/20230330203418.html,20230330203418,DWT > 200.000,"≥ 7,5 m","0,7% LOA",90%
wayback/calados_operacionais_2021/20231204100812.html,20231204100812,Porte do Navio,Calado Mínimo a Vante,Máximo Trim a Ré,Percentual Mínimo de Imersão do propulsor
wayback/calados_operacionais_2021/20231204100812.html,20231204100812,10.001 ≤ DWT ≤ 20.000,"≥ 3,0 m","2,5 m",100%
wayback/calados_operacionais_2021/20231204100812.html,20231204100812,20.001 ≤ DWT ≤ 50.000,"≥ 3,5 m","3,0 m",90%
wayback/calados_operacionais_2021/20231204100812.html,20231204100812,50.001 ≤ DWT ≤ 80.000,"≥ 4,0 m","1,5% LOA",90%
wayback/calados_operacionais_2021/20231204100812.html,20231204100812,80.001 ≤ DWT ≤ 100.000,"≥ 5,0 m","0,7% LOA",90%
wayback/calados_operacionais_2021/20231204100812.html,20231204100812,100.001 ≤ DWT ≤ 200.000,"≥ 6,3 m","0,7% LOA",90%
wayback/calados_operacionais_2021/20231204100812.html,20231204100812,DWT > 200.000,"≥ 7,5 m","0,7% LOA",90%
wayback/calados_operacionais_2021/20240415123629.html,20240415123629,Porte do Navio,Calado Mínimo a Vante,Máximo Trim a Ré,Percentual Mínimo de Imersão do propulsor
wayback/calados_operacionais_2021/20240415123629.html,20240415123629,10.001 ≤ DWT ≤ 20.000,"≥ 3,0 m","2,5 m",100%
wayback/calados_operacionais_2021/20240415123629.html,20240415123629,20.001 ≤ DWT ≤ 50.000,"≥ 3,5 m","3,0 m",90%
wayback/calados_operacionais_2021/20240415123629.html,20240415123629,50.001 ≤ DWT ≤ 80.000,"≥ 4,0 m","1,5% LOA",90%
wayback/calados_operacionais_2021/20240415123629.html,20240415123629,80.001 ≤ DWT ≤ 100.000,"≥ 5,0 m","0,7% LOA",90%
wayback/calados_operacionais_2021/20240415123629.html,20240415123629,100.001 ≤ DWT ≤ 200.000,"≥ 6,3 m","0,7% LOA",90%
wayback/calados_operacionais_2021/20240415123629.html,20240415123629,DWT > 200.000,"≥ 7,5 m","0,7% LOA",90%
wayback/calados_operacionais_2021/20240917021223.html,20240917021223,Porte do Navio,Calado Mínimo a Vante,Máximo Trim a Ré,Percentual Mínimo de Imersão do propulsor
wayback/calados_operacionais_2021/20240917021223.html,20240917021223,10.001 ≤ DWT ≤ 20.000,"≥ 3,0 m","2,5 m",100%
wayback/calados_operacionais_2021/20240917021223.html,20240917021223,20.001 ≤ DWT ≤ 50.000,"≥ 3,5 m","3,0 m",90%
wayback/calados_operacionais_2021/20240917021223.html,20240917021223,50.001 ≤ DWT ≤ 80.000,"≥ 4,0 m","1,5% LOA",90%
wayback/calados_operacionais_2021/20240917021223.html,20240917021223,80.001 ≤ DWT ≤ 100.000,"≥ 5,0 m","0,7% LOA",90%
wayback/calados_operacionais_2021/20240917021223.html,20240917021223,100.001 ≤ DWT ≤ 200.000,"≥ 6,3 m","0,7% LOA",90%
wayback/calados_operacionais_2021/20240917021223.html,20240917021223,DWT > 200.000,"≥ 7,5 m","0,7% LOA",90%
wayback/calados_operacionais_2021/20250125025207.html,20250125025207,Porte do Navio,Calado Mínimo a Vante,Máximo Trim a Ré,Percentual Mínimo de Imersão do propulsor
wayback/calados_operacionais_2021/20250125025207.html,20250125025207,10.001 ≤ DWT ≤ 20.000,"≥ 3,0 m","2,5 m",100%
wayback/calados_operacionais_2021/20250125025207.html,20250125025207,20.001 ≤ DWT ≤ 50.000,"≥ 3,5 m","3,0 m",90%
wayback/calados_operacionais_2021/20250125025207.html,20250125025207,50.001 ≤ DWT ≤ 80.000,"≥ 4,0 m","1,5% LOA",90%
wayback/calados_operacionais_2021/20250125025207.html,20250125025207,80.001 ≤ DWT ≤ 100.000,"≥ 5,0 m","0,7% LOA",90%
wayback/calados_operacionais_2021/20250125025207.html,20250125025207,100.001 ≤ DWT ≤ 200.000,"≥ 6,3 m","0,7% LOA",90%
wayback/calados_operacionais_2021/20250125025207.html,20250125025207,DWT > 200.000,"≥ 7,5 m","0,7% LOA",90%
wayback/calados_operacionais_2021/20250516013825.html,20250516013825,Porte do Navio,Calado Mínimo a Vante,Máximo Trim a Ré,Percentual Mínimo de Imersão do propulsor
wayback/calados_operacionais_2021/20250516013825.html,20250516013825,10.001 ≤ DWT ≤ 20.000,"≥ 3,0 m","2,5 m",100%
wayback/calados_operacionais_2021/20250516013825.html,20250516013825,20.001 ≤ DWT ≤ 50.000,"≥ 3,5 m","3,0 m",90%
wayback/calados_operacionais_2021/20250516013825.html,20250516013825,50.001 ≤ DWT ≤ 80.000,"≥ 4,0 m","1,5% LOA",90%
wayback/calados_operacionais_2021/20250516013825.html,20250516013825,80.001 ≤ DWT ≤ 100.000,"≥ 5,0 m","0,7% LOA",90%
wayback/calados_operacionais_2021/20250516013825.html,20250516013825,100.001 ≤ DWT ≤ 200.000,"≥ 6,3 m","0,7% LOA",90%
wayback/calados_operacionais_2021/20250516013825.html,20250516013825,DWT > 200.000,"≥ 7,5 m","0,7% LOA",90%
wayback/calados_operacionais_2021/20250622213429.html,20250622213429,Porte do Navio,Calado Mínimo a Vante,Máximo Trim a Ré,Percentual Mínimo de Imersão do propulsor
wayback/calados_operacionais_2021/20250622213429.html,20250622213429,10.001 ≤ DWT ≤ 20.000,"≥ 3,0 m","2,5 m",100%
wayback/calados_operacionais_2021/20250622213429.html,20250622213429,20.001 ≤ DWT ≤ 50.000,"≥ 3,5 m","3,0 m",90%
wayback/calados_operacionais_2021/20250622213429.html,20250622213429,50.001 ≤ DWT ≤ 80.000,"≥ 4,0 m","1,5% LOA",90%
wayback/calados_operacionais_2021/20250622213429.html,20250622213429,80.001 ≤ DWT ≤ 100.000,"≥ 5,0 m","0,7% LOA",90%
wayback/calados_operacionais_2021/20250622213429.html,20250622213429,100.001 ≤ DWT ≤ 200.000,"≥ 6,3 m","0,7% LOA",90%
wayback/calados_operacionais_2021/20250622213429.html,20250622213429,DWT > 200.000,"≥ 7,5 m","0,7% LOA",90%
wayback/calados_operacionais_2021/20251205213245.html,20251205213245,Porte do Navio,Calado Mínimo a Vante,Máximo Trim a Ré,Percentual Mínimo de Imersão do propulsor
wayback/calados_operacionais_2021/20251205213245.html,20251205213245,10.001 ≤ DWT ≤ 20.000,"≥ 3,0 m","2,5 m",100%
wayback/calados_operacionais_2021/20251205213245.html,20251205213245,20.001 ≤ DWT ≤ 50.000,"≥ 3,5 m","3,0 m",90%
wayback/calados_operacionais_2021/20251205213245.html,20251205213245,50.001 ≤ DWT ≤ 80.000,"≥ 4,0 m","1,5% LOA",90%
wayback/calados_operacionais_2021/20251205213245.html,20251205213245,80.001 ≤ DWT ≤ 100.000,"≥ 5,0 m","0,7% LOA",90%
wayback/calados_operacionais_2021/20251205213245.html,20251205213245,100.001 ≤ DWT ≤ 200.000,"≥ 6,3 m","0,7% LOA",90%
wayback/calados_operacionais_2021/20251205213245.html,20251205213245,DWT > 200.000,"≥ 7,5 m","0,7% LOA",90%
wayback/calados_operacionais_2021/20260314084447.html,20260314084447,Porte do Navio,Calado Mínimo a Vante,Máximo Trim a Ré,Percentual Mínimo de Imersão do propulsor
wayback/calados_operacionais_2021/20260314084447.html,20260314084447,10.001 ≤ DWT ≤ 20.000,"≥ 3,0 m","2,5 m",100%
wayback/calados_operacionais_2021/20260314084447.html,20260314084447,20.001 ≤ DWT ≤ 50.000,"≥ 3,5 m","3,0 m",90%
wayback/calados_operacionais_2021/20260314084447.html,20260314084447,50.001 ≤ DWT ≤ 80.000,"≥ 4,0 m","1,5% LOA",90%
wayback/calados_operacionais_2021/20260314084447.html,20260314084447,80.001 ≤ DWT ≤ 100.000,"≥ 5,0 m","0,7% LOA",90%
wayback/calados_operacionais_2021/20260314084447.html,20260314084447,100.001 ≤ DWT ≤ 200.000,"≥ 6,3 m","0,7% LOA",90%
wayback/calados_operacionais_2021/20260314084447.html,20260314084447,DWT > 200.000,"≥ 7,5 m","0,7% LOA",90%
wayback/calados_operacionais_2021/20260617163833.html,20260617163833,Porte do Navio,Calado Mínimo a Vante,Máximo Trim a Ré,Percentual Mínimo de Imersão do propulsor
wayback/calados_operacionais_2021/20260617163833.html,20260617163833,10.001 ≤ DWT ≤ 20.000,"≥ 3,0 m","2,5 m",100%
wayback/calados_operacionais_2021/20260617163833.html,20260617163833,20.001 ≤ DWT ≤ 50.000,"≥ 3,5 m","3,0 m",90%
wayback/calados_operacionais_2021/20260617163833.html,20260617163833,50.001 ≤ DWT ≤ 80.000,"≥ 4,0 m","1,5% LOA",90%
wayback/calados_operacionais_2021/20260617163833.html,20260617163833,80.001 ≤ DWT ≤ 100.000,"≥ 5,0 m","0,7% LOA",90%
wayback/calados_operacionais_2021/20260617163833.html,20260617163833,100.001 ≤ DWT ≤ 200.000,"≥ 6,3 m","0,7% LOA",90%
wayback/calados_operacionais_2021/20260617163833.html,20260617163833,DWT > 200.000,"≥ 7,5 m","0,7% LOA",90%
fase0/20260930_calados_operacionais.html,20260930000000,Porte do Navio,Calado Mínimo a Vante,Máximo Trim a Ré,Percentual Mínimo de Imersão do propulsor
fase0/20260930_calados_operacionais.html,20260930000000,10.001 ≤ DWT ≤ 20.000,"≥ 3,0 m","2,5 m",100%
fase0/20260930_calados_operacionais.html,20260930000000,20.001 ≤ DWT ≤ 50.000,"≥ 3,5 m","3,0 m",90%
fase0/20260930_calados_operacionais.html,20260930000000,50.001 ≤ DWT ≤ 80.000,"≥ 4,0 m","1,5% LOA",90%
fase0/20260930_calados_operacionais.html,20260930000000,80.001 ≤ DWT ≤ 100.000,"≥ 5,0 m","0,7% LOA",90%
fase0/20260930_calados_operacionais.html,20260930000000,100.001 ≤ DWT ≤ 200.000,"≥ 6,3 m","0,7% LOA",90%
fase0/20260930_calados_operacionais.html,20260930000000,DWT > 200.000,"≥ 7,5 m","0,7% LOA",90%
atual/20261002_calados_operacionais.html,20261002000000,Porte do Navio,Calado Mínimo a Vante,Máximo Trim a Ré,Percentual Mínimo de Imersão do propulsor
atual/20261002_calados_operacionais.html,20261002000000,10.001 ≤ DWT ≤ 20.000,"≥ 3,0 m","2,5 m",100%
atual/20261002_calados_operacionais.html,20261002000000,20.001 ≤ DWT ≤ 50.000,"≥ 3,5 m","3,0 m",90%
atual/20261002_calados_operacionais.html,20261002000000,50.001 ≤ DWT ≤ 80.000,"≥ 4,0 m","1,5% LOA",90%
atual/20261002_calados_operacionais.html,20261002000000,80.001 ≤ DWT ≤ 100.000,"≥ 5,0 m","0,7% LOA",90%
atual/20261002_calados_operacionais.html,20261002000000,100.001 ≤ DWT ≤ 200.000,"≥ 6,3 m","0,7% LOA",90%
atual/20261002_calados_operacionais.html,20261002000000,DWT > 200.000,"≥ 7,5 m","0,7% LOA",90%
