porto,autoridade,url,captura_ts,tipo_captura,arquivo,calado_m,local,contexto,regra_extracao,datas_vigencia_impressas,revisado
Paranaguá,APPA / Portos do Paraná,www.portosdoparana.pr.gov.br/Operacional/Pagina/Calados,20190923164949,wayback,paranagu/operacional_pagina_calados/wayback/20190923164949,12.5,Canal da Galheta,"0 Norma de Tráfego Terminal Matarazzo 5,80 Norma de Tráfego Canal da Galheta 12,50 Norma de Tráfego Compartilhe: Voltar In",canal_paranagua,,False
Paranaguá,APPA / Portos do Paraná,www.portosdoparana.pr.gov.br/Operacional/Pagina/Calados,20191118074416,wayback,paranagu/operacional_pagina_calados/wayback/20191118074416,12.5,Canal da Galheta,"0 Norma de Tráfego Terminal Matarazzo 5,80 Norma de Tráfego Canal da Galheta 12,50 Norma de Tráfego Compartilhe: Voltar In",canal_paranagua,,False
Paranaguá,APPA / Portos do Paraná,www.portosdoparana.pr.gov.br/Operacional/Pagina/Calados,20200117154807,wayback,paranagu/operacional_pagina_calados/wayback/20200117154807,12.5,Canal da Galheta,"0 Norma de Tráfego Terminal Matarazzo 5,80 Norma de Tráfego Canal da Galheta 12,50 Norma de Tráfego Compartilhe: Voltar In",canal_paranagua,,False
Paranaguá,APPA / Portos do Paraná,www.portosdoparana.pr.gov.br/Operacional/Pagina/Calados,20200416120700,wayback,paranagu/operacional_pagina_calados/wayback/20200416120700,12.5,Canal da Galheta,"0 Norma de Tráfego Terminal Matarazzo 5,80 Norma de Tráfego Canal da Galheta 12,50 Norma de Tráfego Compartilhe: Voltar In",canal_paranagua,,False
Paranaguá,APPA / Portos do Paraná,www.portosdoparana.pr.gov.br/Operacional/Pagina/Calados,20220801041802,wayback,paranagu/operacional_pagina_calados/wayback/20220801041802,12.5,Canal da Galheta,"0 Norma de Tráfego Terminal Matarazzo 5,80 Norma de Tráfego Canal da Galheta 12,50 Norma de Tráfego Compartilhe: Voltar In",canal_paranagua,,False
Paranaguá,APPA / Portos do Paraná,www.portosdoparana.pr.gov.br/Operacional/Pagina/Calados,20220927135918,wayback,paranagu/operacional_pagina_calados/wayback/20220927135918,12.5,Canal da Galheta,"0 Norma de Tráfego Terminal Matarazzo 5,80 Norma de Tráfego Canal da Galheta 12,50 Norma de Tráfego Compartilhe: Voltar In",canal_paranagua,,False
Paranaguá,APPA / Portos do Paraná,www.portosdoparana.pr.gov.br/Operacional/Pagina/Calados,20230201184428,wayback,paranagu/operacional_pagina_calados/wayback/20230201184428,12.5,Canal da Galheta,"0 Norma de Tráfego Terminal Matarazzo 5,80 Norma de Tráfego Canal da Galheta 12,50 Norma de Tráfego Compartilhe: Voltar In",canal_paranagua,,False
Paranaguá,APPA / Portos do Paraná,www.portosdoparana.pr.gov.br/Operacional/Pagina/Calados,20230522001724,wayback,paranagu/operacional_pagina_calados/wayback/20230522001724,12.5,Canal da Galheta,"0 Norma de Tráfego Terminal Matarazzo 5,80 Norma de Tráfego Canal da Galheta 12,50 Norma de Tráfego Compartilhe: Voltar In",canal_paranagua,,False
Paranaguá,APPA / Portos do Paraná,www.portosdoparana.pr.gov.br/Operacional/Pagina/Calados,20230608011805,wayback,paranagu/operacional_pagina_calados/wayback/20230608011805,12.5,Canal da Galheta,"0 Norma de Tráfego Terminal Matarazzo 5,80 Norma de Tráfego Canal da Galheta 12,50 Norma de Tráfego Compartilhe: Voltar In",canal_paranagua,,False
Paranaguá,APPA / Portos do Paraná,www.portosdoparana.pr.gov.br/Operacional/Pagina/Calados,20230805004002,wayback,paranagu/operacional_pagina_calados/wayback/20230805004002,12.8,Canal principal (boias 28A–31),"onta do Félix - 114 8,5 CANAL LOCALIZAÇÃO CALADO MÁXIMO (m) PRINCIPAL Entre as boias luminosas de nº 28A, 29, 30 e 31 12,8 ALTERNATIVO CANAL NORTE Entre a boia Pe",canal_paranagua,,False
Paranaguá,APPA / Portos do Paraná,www.portosdoparana.pr.gov.br/Operacional/Pagina/Calados,20230805004002,wayback,paranagu/operacional_pagina_calados/wayback/20230805004002,12.8,Canal alternativo Sul (Surdinho),"Pedra da Palangana (Cardinal Leste) e as boias 29 e 31. 8,5 ALTERNATIVO SUL (SURDINHO) Entre a boia Cardinal Norte (TECON-N) e a boia Cardinal Leste (Surdinho), em frente ao berço 218. 12,8 Compartilhe: Voltar Início Imprimir Bai",canal_paranagua,,False
Paranaguá,APPA / Portos do Paraná,www.portosdoparana.pr.gov.br/Operacional/Pagina/Calados,20231204092343,wayback,paranagu/operacional_pagina_calados/wayback/20231204092343,12.8,Canal principal (boias 28A–31),"nta do Félix - 114 9,00 CANAL LOCALIZAÇÃO CALADO MÁXIMO (m) PRINCIPAL Entre as boias luminosas de nº 28A, 29, 30 e 31 12,8 ALTERNATIVO CANAL NORTE Entre a boia Pe",canal_paranagua,,False
Paranaguá,APPA / Portos do Paraná,www.portosdoparana.pr.gov.br/Operacional/Pagina/Calados,20231204092343,wayback,paranagu/operacional_pagina_calados/wayback/20231204092343,12.8,Canal alternativo Sul (Surdinho),"Pedra da Palangana (Cardinal Leste) e as boias 29 e 31. 8,5 ALTERNATIVO SUL (SURDINHO) Entre a boia Cardinal Norte (TECON-N) e a boia Cardinal Leste (Surdinho), em frente ao berço 218. 12,8 Compartilhe: Voltar Início Imprimir Bai",canal_paranagua,,False
Paranaguá,APPA / Portos do Paraná,www.portosdoparana.pr.gov.br/Operacional/Pagina/Calados,20240524191950,wayback,paranagu/operacional_pagina_calados/wayback/20240524191950,12.8,Canal principal (boias 28A–31),"nta do Félix - 114 8,30 CANAL LOCALIZAÇÃO CALADO MÁXIMO (m) PRINCIPAL Entre as boias luminosas de nº 28A, 29, 30 e 31 12,8 ALTERNATIVO CANAL NORTE Entre a boia Pe",canal_paranagua,,False
Paranaguá,APPA / Portos do Paraná,www.portosdoparana.pr.gov.br/Operacional/Pagina/Calados,20240524191950,wayback,paranagu/operacional_pagina_calados/wayback/20240524191950,12.8,Canal alternativo Sul (Surdinho),"edra da Palangana (Cardinal Leste) e as boias 29 e 31. 8,50 ALTERNATIVO SUL (SURDINHO) Entre a boia Cardinal Norte (TECON-N) e a boia Cardinal Leste (Surdinho), em frente ao berço 218. 12,80 Compartilhe: Voltar Início Imprimir Bai",canal_paranagua,,False
Paranaguá,APPA / Portos do Paraná,www.portosdoparana.pr.gov.br/Operacional/Pagina/Calados,20241004204042,wayback,paranagu/operacional_pagina_calados/wayback/20241004204042,12.8,Canal principal (boias 28A–31),"nta do Félix - 114 9,15 CANAL LOCALIZAÇÃO CALADO MÁXIMO (m) PRINCIPAL Entre as boias luminosas de nº 28A, 29, 30 e 31 12,8 ALTERNATIVO CANAL NORTE Entre a boia Pe",canal_paranagua,,False
Paranaguá,APPA / Portos do Paraná,www.portosdoparana.pr.gov.br/Operacional/Pagina/Calados,20241004204042,wayback,paranagu/operacional_pagina_calados/wayback/20241004204042,12.8,Canal alternativo Sul (Surdinho),"edra da Palangana (Cardinal Leste) e as boias 29 e 31. 8,50 ALTERNATIVO SUL (SURDINHO) Entre a boia Cardinal Norte (TECON-N) e a boia Cardinal Leste (Surdinho), em frente ao berço 218. 12,80 Compartilhe: Voltar Início Imprimir Bai",canal_paranagua,,False
Paranaguá,APPA / Portos do Paraná,www.portosdoparana.pr.gov.br/Operacional/Pagina/Calados,20250323043510,wayback,paranagu/operacional_pagina_calados/wayback/20250323043510,13.1,Canal principal (boias 28A–31),"nta do Félix - 114 9,15 CANAL LOCALIZAÇÃO CALADO MÁXIMO (m) PRINCIPAL Entre as boias luminosas de nº 28A, 29, 30 e 31 13,10 ALTERNATIVO CANAL NORTE Entre a boia Pe",canal_paranagua,,False
Paranaguá,APPA / Portos do Paraná,www.portosdoparana.pr.gov.br/Operacional/Pagina/Calados,20250323043510,wayback,paranagu/operacional_pagina_calados/wayback/20250323043510,13.1,Canal alternativo Sul (Surdinho),"edra da Palangana (Cardinal Leste) e as boias 29 e 31. 8,50 ALTERNATIVO SUL (SURDINHO) Entre a boia Cardinal Norte (TECON-N) e a boia Cardinal Leste (Surdinho), em frente ao berço 218. 13,10 Compartilhe: Voltar Início Imprimir Bai",canal_paranagua,,False
Paranaguá,APPA / Portos do Paraná,www.portosdoparana.pr.gov.br/Operacional/Pagina/Calados,20250621073909,wayback,paranagu/operacional_pagina_calados/wayback/20250621073909,13.1,Canal principal (boias 28A–31),"nta do Félix - 114 9,15 CANAL LOCALIZAÇÃO CALADO MÁXIMO (m) PRINCIPAL Entre as boias luminosas de nº 28A, 29, 30 e 31 13,10 ALTERNATIVO CANAL NORTE Entre a boia Pe",canal_paranagua,,False
Paranaguá,APPA / Portos do Paraná,www.portosdoparana.pr.gov.br/Operacional/Pagina/Calados,20250621073909,wayback,paranagu/operacional_pagina_calados/wayback/20250621073909,13.1,Canal alternativo Sul (Surdinho),"edra da Palangana (Cardinal Leste) e as boias 29 e 31. 8,50 ALTERNATIVO SUL (SURDINHO) Entre a boia Cardinal Norte (TECON-N) e a boia Cardinal Leste (Surdinho), em frente ao berço 218. 13,10 Compartilhe: Voltar Início Imprimir Bai",canal_paranagua,,False
Paranaguá,APPA / Portos do Paraná,www.portosdoparana.pr.gov.br/Operacional/Pagina/Calados,20260211182125,wayback,paranagu/operacional_pagina_calados/wayback/20260211182125,13.3,Canal principal (boias 28A–31),"nta do Félix - 114 9,15 CANAL LOCALIZAÇÃO CALADO MÁXIMO (m) PRINCIPAL Entre as boias luminosas de nº 28A, 29, 30 e 31 13,30 ALTERNATIVO CANAL NORTE Entre a boia Pe",canal_paranagua,,False
Paranaguá,APPA / Portos do Paraná,www.portosdoparana.pr.gov.br/Operacional/Pagina/Calados,20260211182125,wayback,paranagu/operacional_pagina_calados/wayback/20260211182125,13.3,Canal alternativo Sul (Surdinho),"edra da Palangana (Cardinal Leste) e as boias 29 e 31. 8,50 ALTERNATIVO SUL (SURDINHO) Entre a boia Cardinal Norte (TECON-N) e a boia Cardinal Leste (Surdinho), em frente ao berço 218. 13,30 Compartilhe: Voltar Início Imprimir Bai",canal_paranagua,,False
Paranaguá,APPA / Portos do Paraná,www.portosdoparana.pr.gov.br/Operacional/Pagina/Calados,20260510141312,wayback,paranagu/operacional_pagina_calados/wayback/20260510141312,13.3,Canal principal (boias 28A–31),"nta do Félix - 114 9,15 CANAL LOCALIZAÇÃO CALADO MÁXIMO (m) PRINCIPAL Entre as boias luminosas de nº 28A, 29, 30 e 31 13,30 ALTERNATIVO CANAL NORTE Entre a boia Pe",canal_paranagua,,False
Paranaguá,APPA / Portos do Paraná,www.portosdoparana.pr.gov.br/Operacional/Pagina/Calados,20260510141312,wayback,paranagu/operacional_pagina_calados/wayback/20260510141312,13.3,Canal alternativo Sul (Surdinho),"edra da Palangana (Cardinal Leste) e as boias 29 e 31. 8,50 ALTERNATIVO SUL (SURDINHO) Entre a boia Cardinal Norte (TECON-N) e a boia Cardinal Leste (Surdinho), em frente ao berço 218. 13,30 Compartilhe: Voltar Início Imprimir Bai",canal_paranagua,,False
Paranaguá,APPA / Portos do Paraná,www.portosdoparana.pr.gov.br/Operacional/Pagina/Calados,20261002000000,atual,paranagu/operacional_pagina_calados/atual_20261002,13.3,Canal principal (boias 28A–31),"nta do Félix - 114 9,15 CANAL LOCALIZAÇÃO CALADO MÁXIMO (m) PRINCIPAL Entre as boias luminosas de nº 28A, 29, 30 e 31 13,30 ALTERNATIVO CANAL NORTE Entre a boia Pe",canal_paranagua,,False
Paranaguá,APPA / Portos do Paraná,www.portosdoparana.pr.gov.br/Operacional/Pagina/Calados,20261002000000,atual,paranagu/operacional_pagina_calados/atual_20261002,13.3,Canal alternativo Sul (Surdinho),"edra da Palangana (Cardinal Leste) e as boias 29 e 31. 8,50 ALTERNATIVO SUL (SURDINHO) Entre a boia Cardinal Norte (TECON-N) e a boia Cardinal Leste (Surdinho), em frente ao berço 218. 13,30 Compartilhe: Voltar Início Imprimir Bai",canal_paranagua,,False
Rio Grande,Portos RS,www.portosrs.com.br/site/public/uploads/site/normativas/259.pdf,20261002000000,atual,rio_grande/site_public_uploads_site_normativas_259_pdf/atual_20261002,14.2,,"º4 localizadas no canal 
de acesso ao Porto Novo. 
5,0 Canal de Acesso ao Porto Velho. 
 
5) CALADOS MÁXIMOS: 
 
5.1) O calado vigente no canal externo do Porto do Rio Grande limitado pelas coordenadas 
UTM x:408386.1932, y:6431805.2410 e x:397818.5673, y:6439429.8894 é de 14,20m",generica,,False
Rio Grande,Portos RS,www.portosrs.com.br/site/public/uploads/site/normativas/259.pdf,20261002000000,atual,rio_grande/site_public_uploads_site_normativas_259_pdf/atual_20261002,14.2,,"minada CANAL INTERNO I,limitada pelas coordenadas 
UTMx:397818.5673, y:6439429.8894 e x:396279.2362, y:6448123.4367terá calado de 
14,20m considerando densidade da água 1.000 kg/m3 (fresh water). 
  
5.2.2) A segunda seção denominada CANAL INTERNO II delimitada pelas coordenadas",generica,,False
Rio Grande,Portos RS,www.portosrs.com.br/site/public/uploads/site/normativas/259.pdf,20261002000000,atual,rio_grande/site_public_uploads_site_normativas_259_pdf/atual_20261002,9.45,,"limite do terminal graneleiro BUNGE e ao limite do 
terminal de graneis liquido TRANSPETRO, respectivamente. 
 
5.3) O calado vigente nos canal do Porto Novo limitado pelas coordenadas UTM 
x:397312.2425, y:6450316.2513 e x:398345.7165, y:6455350.3983é de 9,45m, considerando 
de",generica,,False
Rio Grande,Portos RS,www.portosrs.com.br/site/public/uploads/site/normativas/259.pdf,20261002000000,atual,rio_grande/site_public_uploads_site_normativas_259_pdf/atual_20261002,7.2,,"316.2513 e x:398345.7165, y:6455350.3983é de 9,45m, considerando 
densidade da água 1.000 kg/m3 (fresh water) 
 
5.4) O calado vigente no canal de acesso a São José do Norte é de 7,20m. 
 
5.5) Os calados máximos nas instalações portuárias do Porto Organizado do Rio Grande 
indic",generica,,False
Rio Grande,Portos RS,www.portosrs.com.br/site/public/uploads/site/normativas/259.pdf,20261002000000,atual,rio_grande/site_public_uploads_site_normativas_259_pdf/atual_20261002,12.2,,"rísticas: 
6.1.1) Área ALFA: 
 
A) Permitido o fundeio para reabastecimento de combustível, para Navios de até 240m 
e calado máximo de 12,20m, no período diurno, entre as boias nº 9 e nº 11.  
 
B) Para os Navios maiores que 190m as seguintes medidas são de caráter obrigatório:",generica,,False
Rio Grande,Portos RS,www.portosrs.com.br/site/public/uploads/site/normativas/259.pdf,20261002000000,atual,rio_grande/site_public_uploads_site_normativas_259_pdf/atual_20261002,13.0,,"da Portos RS 
e parecer favorável da CPRS. 
 
6.1.4) Área DELTA: 
 
A) Permitido o fundeio para Navios de at é 240m e calado máximo de 13,00m, entre as 
boias nº 15 e nº 17.  
 
B) Por ser uma área de espaço exíguo para o giro dos navios, as operações de 
 
 
reabastecimento na",generica,,False
Rio Grande,Portos RS,www.portosrs.com.br/site/public/uploads/site/normativas/259.pdf,20261002000000,atual,rio_grande/site_public_uploads_site_normativas_259_pdf/atual_20261002,10.0,,"egras constantes no item 5.5.3 da NPCP-RS/2025. 
B. Permitido o fundeio para navios de até: 
B.1) 190m de comprimento e calado máximo de 10,0m; ou 
B.2) 240m de comprimento e calado máximo de 9,45m; 
C. O fundeio para transbordo ou reabastecimento de combustível será autorizado p",generica,,False
Rio Grande,Portos RS,www.portosrs.com.br/site/public/uploads/site/normativas/259.pdf,20261002000000,atual,rio_grande/site_public_uploads_site_normativas_259_pdf/atual_20261002,9.45,,"egras constantes no item 5.5.3 da NPCP-RS/2025. 
B. Permitido o fundeio para navios de até: 
B.1) 190m de comprimento e calado máximo de 10,0m; ou 
B.2) 240m de comprimento e calado máximo de 9,45m; 
C. O fundeio para transbordo ou reabastecimento de combustível será autorizado p",generica,,False
Rio Grande,Portos RS,www.portosrs.com.br/site/public/uploads/site/normativas/259.pdf,20261002000000,atual,rio_grande/site_public_uploads_site_normativas_259_pdf/atual_20261002,9.45,,"mitido o fundeio para navios de até: 
B.1) 190m de comprimento e calado máximo de 10,0m; ou 
B.2) 240m de comprimento e calado máximo de 9,45m; 
C. O fundeio para transbordo ou reabastecimento de combustível será autorizado para 
um Navio por vez. Poderá ser autorizado o fundeio",generica,,False
Rio Grande,Portos RS,www.portosrs.com.br/site/public/uploads/site/normativas/259.pdf,20261002000000,atual,rio_grande/site_public_uploads_site_normativas_259_pdf/atual_20261002,6.7,,"avio em reabastecimento de combustível nesta área será permitido 
para, no máximo, dois Navios simultaneamente. 
 
C) O calado máximo permitido para estas áreas é de 6,7m.  
 
Área GOLF I  Fundeio permitido para Navios de até 150m de comprimento.  
Área GOLF II  Fundeio permiti",generica,,False
Rio Grande,Portos RS,www.portosrs.com.br/site/public/uploads/site/normativas/259.pdf,20261002000000,atual,rio_grande/site_public_uploads_site_normativas_259_pdf/atual_20261002,14.2,,"07'17'' S 52°05'47'' W 
 
 
 
 
 
8) MANOBRAS DE GIRO NA ÁREA NORTE DO TECON: 
 
8.1) Navios graneleiros: 
 
Navio Tipo Calado (Máx) PRT Observações 
1 Loa ≤ 235m 14,2m 1 Vento ≤ 27 nós 
Corrente ≤3 nós 
2 Loa 235,1m a 245m 13,2m 1 Vento ≤ 27 nós 
Corrente ≤3 nós 
3 Loa 245,1m a",generica,,False
Rio Grande,Portos RS,www.portosrs.com.br/site/public/uploads/site/normativas/259.pdf,20261002000000,atual,rio_grande/site_public_uploads_site_normativas_259_pdf/atual_20261002,13.2,,"07'17'' S 52°05'47'' W 
 
 
 
 
 
8) MANOBRAS DE GIRO NA ÁREA NORTE DO TECON: 
 
8.1) Navios graneleiros: 
 
Navio Tipo Calado (Máx) PRT Observações 
1 Loa ≤ 235m 14,2m 1 Vento ≤ 27 nós 
Corrente ≤3 nós 
2 Loa 235,1m a 245m 13,2m 1 Vento ≤ 27 nós 
Corrente ≤3 nós 
3 Loa 245,1m a",generica,,False
Rio Grande,Portos RS,www.portosrs.com.br/site/public/uploads/site/normativas/259.pdf,20261002000000,atual,rio_grande/site_public_uploads_site_normativas_259_pdf/atual_20261002,12.8,,"3 nós 
3 Loa 245,1m a 297m 12,2m 1 Vento ≤ 27 nós 
Corrente ≤3 nós 
  
 

 
 
8.2) Navios de contêineres: 
 
Navio Tipo Calado (Máx) PRT Observações 
1 Loa ≤ 298m 
12,8 m 1 Vento ≤ 27 nós 
Corrente ≤3 nós 
12,8m x 14,2m 2 
Vento ≤ 27 nós 
Corrente ≤ 3 nós 
Mínimo 4 rebocadores (©",generica,,False
Rio Grande,Portos RS,www.portosrs.com.br/site/public/uploads/site/normativas/259.pdf,20261002000000,atual,rio_grande/site_public_uploads_site_normativas_259_pdf/atual_20261002,14.2,,"3 nós 
3 Loa 245,1m a 297m 12,2m 1 Vento ≤ 27 nós 
Corrente ≤3 nós 
  
 

 
 
8.2) Navios de contêineres: 
 
Navio Tipo Calado (Máx) PRT Observações 
1 Loa ≤ 298m 
12,8 m 1 Vento ≤ 27 nós 
Corrente ≤3 nós 
12,8m x 14,2m 2 
Vento ≤ 27 nós 
Corrente ≤ 3 nós 
Mínimo 4 rebocadores (©",generica,,False
Rio Grande,Portos RS,www.portosrs.com.br/site/public/uploads/site/normativas/259.pdf,20261002000000,atual,rio_grande/site_public_uploads_site_normativas_259_pdf/atual_20261002,12.8,,"e intervalo) da região 
em questão, para garantir a manutenção das condições. 
 
Navio Tipo 1: (Loa ≤ 298m) 
Atual  24h Calado ≤ 12,8m Vento ≤ 27 nós Corrente ≤3 nós 
Etapa 1 10x Diurno Calado Proa ≤ 12,8m 
Calado Popa ≤ 13,2m 
Vento ≤ 20 nós Corrente ≤1,5 nós 
Etapa 2 10x Diurno",generica,,False
Rio Grande,Portos RS,www.portosrs.com.br/site/public/uploads/site/normativas/259.pdf,20261002000000,atual,rio_grande/site_public_uploads_site_normativas_259_pdf/atual_20261002,13.2,,"e intervalo) da região 
em questão, para garantir a manutenção das condições. 
 
Navio Tipo 1: (Loa ≤ 298m) 
Atual  24h Calado ≤ 12,8m Vento ≤ 27 nós Corrente ≤3 nós 
Etapa 1 10x Diurno Calado Proa ≤ 12,8m 
Calado Popa ≤ 13,2m 
Vento ≤ 20 nós Corrente ≤1,5 nós 
Etapa 2 10x Diurno",generica,,False
Rio Grande,Portos RS,www.portosrs.com.br/site/public/uploads/site/normativas/259.pdf,20261002000000,atual,rio_grande/site_public_uploads_site_normativas_259_pdf/atual_20261002,12.8,,"condições. 
 
Navio Tipo 1: (Loa ≤ 298m) 
Atual  24h Calado ≤ 12,8m Vento ≤ 27 nós Corrente ≤3 nós 
Etapa 1 10x Diurno Calado Proa ≤ 12,8m 
Calado Popa ≤ 13,2m 
Vento ≤ 20 nós Corrente ≤1,5 nós 
Etapa 2 10x Diurno Calado Proa ≤ 12,8m 
Calado Popa ≤ 14,2m Vento ≤ 20 nós Corrente",generica,,False
Rio Grande,Portos RS,www.portosrs.com.br/site/public/uploads/site/normativas/259.pdf,20261002000000,atual,rio_grande/site_public_uploads_site_normativas_259_pdf/atual_20261002,13.2,,"condições. 
 
Navio Tipo 1: (Loa ≤ 298m) 
Atual  24h Calado ≤ 12,8m Vento ≤ 27 nós Corrente ≤3 nós 
Etapa 1 10x Diurno Calado Proa ≤ 12,8m 
Calado Popa ≤ 13,2m 
Vento ≤ 20 nós Corrente ≤1,5 nós 
Etapa 2 10x Diurno Calado Proa ≤ 12,8m 
Calado Popa ≤ 14,2m Vento ≤ 20 nós Corrente",generica,,False
Rio Grande,Portos RS,www.portosrs.com.br/site/public/uploads/site/normativas/259.pdf,20261002000000,atual,rio_grande/site_public_uploads_site_normativas_259_pdf/atual_20261002,14.2,,"condições. 
 
Navio Tipo 1: (Loa ≤ 298m) 
Atual  24h Calado ≤ 12,8m Vento ≤ 27 nós Corrente ≤3 nós 
Etapa 1 10x Diurno Calado Proa ≤ 12,8m 
Calado Popa ≤ 13,2m 
Vento ≤ 20 nós Corrente ≤1,5 nós 
Etapa 2 10x Diurno Calado Proa ≤ 12,8m 
Calado Popa ≤ 14,2m Vento ≤ 20 nós Corrente",generica,,False
Rio Grande,Portos RS,www.portosrs.com.br/site/public/uploads/site/normativas/259.pdf,20261002000000,atual,rio_grande/site_public_uploads_site_normativas_259_pdf/atual_20261002,13.2,,"Tipo 1: (Loa ≤ 298m) 
Atual  24h Calado ≤ 12,8m Vento ≤ 27 nós Corrente ≤3 nós 
Etapa 1 10x Diurno Calado Proa ≤ 12,8m 
Calado Popa ≤ 13,2m 
Vento ≤ 20 nós Corrente ≤1,5 nós 
Etapa 2 10x Diurno Calado Proa ≤ 12,8m 
Calado Popa ≤ 14,2m Vento ≤ 20 nós Corrente ≤1,5 nós 
Etapa 3 10x",generica,,False
Rio Grande,Portos RS,www.portosrs.com.br/site/public/uploads/site/normativas/259.pdf,20261002000000,atual,rio_grande/site_public_uploads_site_normativas_259_pdf/atual_20261002,12.8,,"Tipo 1: (Loa ≤ 298m) 
Atual  24h Calado ≤ 12,8m Vento ≤ 27 nós Corrente ≤3 nós 
Etapa 1 10x Diurno Calado Proa ≤ 12,8m 
Calado Popa ≤ 13,2m 
Vento ≤ 20 nós Corrente ≤1,5 nós 
Etapa 2 10x Diurno Calado Proa ≤ 12,8m 
Calado Popa ≤ 14,2m Vento ≤ 20 nós Corrente ≤1,5 nós 
Etapa 3 10x",generica,,False
Rio Grande,Portos RS,www.portosrs.com.br/site/public/uploads/site/normativas/259.pdf,20261002000000,atual,rio_grande/site_public_uploads_site_normativas_259_pdf/atual_20261002,14.2,,"Tipo 1: (Loa ≤ 298m) 
Atual  24h Calado ≤ 12,8m Vento ≤ 27 nós Corrente ≤3 nós 
Etapa 1 10x Diurno Calado Proa ≤ 12,8m 
Calado Popa ≤ 13,2m 
Vento ≤ 20 nós Corrente ≤1,5 nós 
Etapa 2 10x Diurno Calado Proa ≤ 12,8m 
Calado Popa ≤ 14,2m Vento ≤ 20 nós Corrente ≤1,5 nós 
Etapa 3 10x",generica,,False
Rio Grande,Portos RS,www.portosrs.com.br/site/public/uploads/site/normativas/259.pdf,20261002000000,atual,rio_grande/site_public_uploads_site_normativas_259_pdf/atual_20261002,12.8,,"nós 
Etapa 1 10x Diurno Calado Proa ≤ 12,8m 
Calado Popa ≤ 13,2m 
Vento ≤ 20 nós Corrente ≤1,5 nós 
Etapa 2 10x Diurno Calado Proa ≤ 12,8m 
Calado Popa ≤ 14,2m Vento ≤ 20 nós Corrente ≤1,5 nós 
Etapa 3 10x Diurno Calado Proa ≤ 12,8m 
Calado Popa ≤ 14,2m Vento ≤ 27 nós Corrente ≤",generica,,False
Rio Grande,Portos RS,www.portosrs.com.br/site/public/uploads/site/normativas/259.pdf,20261002000000,atual,rio_grande/site_public_uploads_site_normativas_259_pdf/atual_20261002,14.2,,"nós 
Etapa 1 10x Diurno Calado Proa ≤ 12,8m 
Calado Popa ≤ 13,2m 
Vento ≤ 20 nós Corrente ≤1,5 nós 
Etapa 2 10x Diurno Calado Proa ≤ 12,8m 
Calado Popa ≤ 14,2m Vento ≤ 20 nós Corrente ≤1,5 nós 
Etapa 3 10x Diurno Calado Proa ≤ 12,8m 
Calado Popa ≤ 14,2m Vento ≤ 27 nós Corrente ≤",generica,,False
Rio Grande,Portos RS,www.portosrs.com.br/site/public/uploads/site/normativas/259.pdf,20261002000000,atual,rio_grande/site_public_uploads_site_normativas_259_pdf/atual_20261002,14.2,,"rno Calado Proa ≤ 12,8m 
Calado Popa ≤ 13,2m 
Vento ≤ 20 nós Corrente ≤1,5 nós 
Etapa 2 10x Diurno Calado Proa ≤ 12,8m 
Calado Popa ≤ 14,2m Vento ≤ 20 nós Corrente ≤1,5 nós 
Etapa 3 10x Diurno Calado Proa ≤ 12,8m 
Calado Popa ≤ 14,2m Vento ≤ 27 nós Corrente ≤3 nós 
Final  24h Cal",generica,,False
Rio Grande,Portos RS,www.portosrs.com.br/site/public/uploads/site/normativas/259.pdf,20261002000000,atual,rio_grande/site_public_uploads_site_normativas_259_pdf/atual_20261002,12.8,,"rno Calado Proa ≤ 12,8m 
Calado Popa ≤ 13,2m 
Vento ≤ 20 nós Corrente ≤1,5 nós 
Etapa 2 10x Diurno Calado Proa ≤ 12,8m 
Calado Popa ≤ 14,2m Vento ≤ 20 nós Corrente ≤1,5 nós 
Etapa 3 10x Diurno Calado Proa ≤ 12,8m 
Calado Popa ≤ 14,2m Vento ≤ 27 nós Corrente ≤3 nós 
Final  24h Cal",generica,,False
Rio Grande,Portos RS,www.portosrs.com.br/site/public/uploads/site/normativas/259.pdf,20261002000000,atual,rio_grande/site_public_uploads_site_normativas_259_pdf/atual_20261002,12.8,,"5 nós 
Etapa 2 10x Diurno Calado Proa ≤ 12,8m 
Calado Popa ≤ 14,2m Vento ≤ 20 nós Corrente ≤1,5 nós 
Etapa 3 10x Diurno Calado Proa ≤ 12,8m 
Calado Popa ≤ 14,2m Vento ≤ 27 nós Corrente ≤3 nós 
Final  24h Calado Proa ≤ 12,8m 
Calado Popa ≤ 14,2m Vento ≤ 27 nós Corrente ≤3 nós 
*Ma",generica,,False
Rio Grande,Portos RS,www.portosrs.com.br/site/public/uploads/site/normativas/259.pdf,20261002000000,atual,rio_grande/site_public_uploads_site_normativas_259_pdf/atual_20261002,14.2,,"5 nós 
Etapa 2 10x Diurno Calado Proa ≤ 12,8m 
Calado Popa ≤ 14,2m Vento ≤ 20 nós Corrente ≤1,5 nós 
Etapa 3 10x Diurno Calado Proa ≤ 12,8m 
Calado Popa ≤ 14,2m Vento ≤ 27 nós Corrente ≤3 nós 
Final  24h Calado Proa ≤ 12,8m 
Calado Popa ≤ 14,2m Vento ≤ 27 nós Corrente ≤3 nós 
*Ma",generica,,False
Rio Grande,Portos RS,www.portosrs.com.br/site/public/uploads/site/normativas/259.pdf,20261002000000,atual,rio_grande/site_public_uploads_site_normativas_259_pdf/atual_20261002,14.2,,"urno Calado Proa ≤ 12,8m 
Calado Popa ≤ 14,2m Vento ≤ 20 nós Corrente ≤1,5 nós 
Etapa 3 10x Diurno Calado Proa ≤ 12,8m 
Calado Popa ≤ 14,2m Vento ≤ 27 nós Corrente ≤3 nós 
Final  24h Calado Proa ≤ 12,8m 
Calado Popa ≤ 14,2m Vento ≤ 27 nós Corrente ≤3 nós 
*Manobras de navio do ti",generica,,False
Rio Grande,Portos RS,www.portosrs.com.br/site/public/uploads/site/normativas/259.pdf,20261002000000,atual,rio_grande/site_public_uploads_site_normativas_259_pdf/atual_20261002,12.8,,"urno Calado Proa ≤ 12,8m 
Calado Popa ≤ 14,2m Vento ≤ 20 nós Corrente ≤1,5 nós 
Etapa 3 10x Diurno Calado Proa ≤ 12,8m 
Calado Popa ≤ 14,2m Vento ≤ 27 nós Corrente ≤3 nós 
Final  24h Calado Proa ≤ 12,8m 
Calado Popa ≤ 14,2m Vento ≤ 27 nós Corrente ≤3 nós 
*Manobras de navio do ti",generica,,False
Rio Grande,Portos RS,www.portosrs.com.br/site/public/uploads/site/normativas/259.pdf,20261002000000,atual,rio_grande/site_public_uploads_site_normativas_259_pdf/atual_20261002,12.8,,"rrente ≤1,5 nós 
Etapa 3 10x Diurno Calado Proa ≤ 12,8m 
Calado Popa ≤ 14,2m Vento ≤ 27 nós Corrente ≤3 nós 
Final  24h Calado Proa ≤ 12,8m 
Calado Popa ≤ 14,2m Vento ≤ 27 nós Corrente ≤3 nós 
*Manobras de navio do tipo 2 ou 3 servem para validar as manobras do tipo 1. 
 
Navio T",generica,,False
Rio Grande,Portos RS,www.portosrs.com.br/site/public/uploads/site/normativas/259.pdf,20261002000000,atual,rio_grande/site_public_uploads_site_normativas_259_pdf/atual_20261002,14.2,,"rrente ≤1,5 nós 
Etapa 3 10x Diurno Calado Proa ≤ 12,8m 
Calado Popa ≤ 14,2m Vento ≤ 27 nós Corrente ≤3 nós 
Final  24h Calado Proa ≤ 12,8m 
Calado Popa ≤ 14,2m Vento ≤ 27 nós Corrente ≤3 nós 
*Manobras de navio do tipo 2 ou 3 servem para validar as manobras do tipo 1. 
 
Navio T",generica,,False
Rio Grande,Portos RS,www.portosrs.com.br/site/public/uploads/site/normativas/259.pdf,20261002000000,atual,rio_grande/site_public_uploads_site_normativas_259_pdf/atual_20261002,14.2,,"a 3 10x Diurno Calado Proa ≤ 12,8m 
Calado Popa ≤ 14,2m Vento ≤ 27 nós Corrente ≤3 nós 
Final  24h Calado Proa ≤ 12,8m 
Calado Popa ≤ 14,2m Vento ≤ 27 nós Corrente ≤3 nós 
*Manobras de navio do tipo 2 ou 3 servem para validar as manobras do tipo 1. 
 
Navio Tipo 2 ou 3: (Loa até",generica,,False
Rio Grande,Portos RS,www.portosrs.com.br/site/public/uploads/site/normativas/259.pdf,20261002000000,atual,rio_grande/site_public_uploads_site_normativas_259_pdf/atual_20261002,12.2,,"ras de navio do tipo 2 ou 3 servem para validar as manobras do tipo 1. 
 
Navio Tipo 2 ou 3: (Loa até 306m) 
Atual  24h Calado ≤ 12,2m Vento ≤ 27 nós Corrente ≤3 nós 
Etapa 1 10x Diurno 
Calado Proa ≤ 12,3m 
Calado Popa ≤ 13,2m 
Vento ≤ 20 nós Corrente ≤1,5 nós 
Calado Proa ≤ 12,",generica,,False
Rio Grande,Portos RS,www.portosrs.com.br/site/public/uploads/site/normativas/259.pdf,20261002000000,atual,rio_grande/site_public_uploads_site_normativas_259_pdf/atual_20261002,12.3,,"ras de navio do tipo 2 ou 3 servem para validar as manobras do tipo 1. 
 
Navio Tipo 2 ou 3: (Loa até 306m) 
Atual  24h Calado ≤ 12,2m Vento ≤ 27 nós Corrente ≤3 nós 
Etapa 1 10x Diurno 
Calado Proa ≤ 12,3m 
Calado Popa ≤ 13,2m 
Vento ≤ 20 nós Corrente ≤1,5 nós 
Calado Proa ≤ 12,",generica,,False
Rio Grande,Portos RS,www.portosrs.com.br/site/public/uploads/site/normativas/259.pdf,20261002000000,atual,rio_grande/site_public_uploads_site_normativas_259_pdf/atual_20261002,13.2,,"ras de navio do tipo 2 ou 3 servem para validar as manobras do tipo 1. 
 
Navio Tipo 2 ou 3: (Loa até 306m) 
Atual  24h Calado ≤ 12,2m Vento ≤ 27 nós Corrente ≤3 nós 
Etapa 1 10x Diurno 
Calado Proa ≤ 12,3m 
Calado Popa ≤ 13,2m 
Vento ≤ 20 nós Corrente ≤1,5 nós 
Calado Proa ≤ 12,",generica,,False
Rio Grande,Portos RS,www.portosrs.com.br/site/public/uploads/site/normativas/259.pdf,20261002000000,atual,rio_grande/site_public_uploads_site_normativas_259_pdf/atual_20261002,12.3,,"1. 
 
Navio Tipo 2 ou 3: (Loa até 306m) 
Atual  24h Calado ≤ 12,2m Vento ≤ 27 nós Corrente ≤3 nós 
Etapa 1 10x Diurno 
Calado Proa ≤ 12,3m 
Calado Popa ≤ 13,2m 
Vento ≤ 20 nós Corrente ≤1,5 nós 
Calado Proa ≤ 12,3m 
Calado Popa ≤ 14,2m Vento ≤ 15 nós Corrente ≤1,0 nós 
Etapa 2 1",generica,,False
Rio Grande,Portos RS,www.portosrs.com.br/site/public/uploads/site/normativas/259.pdf,20261002000000,atual,rio_grande/site_public_uploads_site_normativas_259_pdf/atual_20261002,13.2,,"1. 
 
Navio Tipo 2 ou 3: (Loa até 306m) 
Atual  24h Calado ≤ 12,2m Vento ≤ 27 nós Corrente ≤3 nós 
Etapa 1 10x Diurno 
Calado Proa ≤ 12,3m 
Calado Popa ≤ 13,2m 
Vento ≤ 20 nós Corrente ≤1,5 nós 
Calado Proa ≤ 12,3m 
Calado Popa ≤ 14,2m Vento ≤ 15 nós Corrente ≤1,0 nós 
Etapa 2 1",generica,,False
Rio Grande,Portos RS,www.portosrs.com.br/site/public/uploads/site/normativas/259.pdf,20261002000000,atual,rio_grande/site_public_uploads_site_normativas_259_pdf/atual_20261002,14.2,,"1. 
 
Navio Tipo 2 ou 3: (Loa até 306m) 
Atual  24h Calado ≤ 12,2m Vento ≤ 27 nós Corrente ≤3 nós 
Etapa 1 10x Diurno 
Calado Proa ≤ 12,3m 
Calado Popa ≤ 13,2m 
Vento ≤ 20 nós Corrente ≤1,5 nós 
Calado Proa ≤ 12,3m 
Calado Popa ≤ 14,2m Vento ≤ 15 nós Corrente ≤1,0 nós 
Etapa 2 1",generica,,False
Rio Grande,Portos RS,www.portosrs.com.br/site/public/uploads/site/normativas/259.pdf,20261002000000,atual,rio_grande/site_public_uploads_site_normativas_259_pdf/atual_20261002,13.2,,"u 3: (Loa até 306m) 
Atual  24h Calado ≤ 12,2m Vento ≤ 27 nós Corrente ≤3 nós 
Etapa 1 10x Diurno 
Calado Proa ≤ 12,3m 
Calado Popa ≤ 13,2m 
Vento ≤ 20 nós Corrente ≤1,5 nós 
Calado Proa ≤ 12,3m 
Calado Popa ≤ 14,2m Vento ≤ 15 nós Corrente ≤1,0 nós 
Etapa 2 10x Diurno Calado Proa",generica,,False
Rio Grande,Portos RS,www.portosrs.com.br/site/public/uploads/site/normativas/259.pdf,20261002000000,atual,rio_grande/site_public_uploads_site_normativas_259_pdf/atual_20261002,12.3,,"u 3: (Loa até 306m) 
Atual  24h Calado ≤ 12,2m Vento ≤ 27 nós Corrente ≤3 nós 
Etapa 1 10x Diurno 
Calado Proa ≤ 12,3m 
Calado Popa ≤ 13,2m 
Vento ≤ 20 nós Corrente ≤1,5 nós 
Calado Proa ≤ 12,3m 
Calado Popa ≤ 14,2m Vento ≤ 15 nós Corrente ≤1,0 nós 
Etapa 2 10x Diurno Calado Proa",generica,,False
Rio Grande,Portos RS,www.portosrs.com.br/site/public/uploads/site/normativas/259.pdf,20261002000000,atual,rio_grande/site_public_uploads_site_normativas_259_pdf/atual_20261002,14.2,,"u 3: (Loa até 306m) 
Atual  24h Calado ≤ 12,2m Vento ≤ 27 nós Corrente ≤3 nós 
Etapa 1 10x Diurno 
Calado Proa ≤ 12,3m 
Calado Popa ≤ 13,2m 
Vento ≤ 20 nós Corrente ≤1,5 nós 
Calado Proa ≤ 12,3m 
Calado Popa ≤ 14,2m Vento ≤ 15 nós Corrente ≤1,0 nós 
Etapa 2 10x Diurno Calado Proa",generica,,False
Rio Grande,Portos RS,www.portosrs.com.br/site/public/uploads/site/normativas/259.pdf,20261002000000,atual,rio_grande/site_public_uploads_site_normativas_259_pdf/atual_20261002,12.3,,"27 nós Corrente ≤3 nós 
Etapa 1 10x Diurno 
Calado Proa ≤ 12,3m 
Calado Popa ≤ 13,2m 
Vento ≤ 20 nós Corrente ≤1,5 nós 
Calado Proa ≤ 12,3m 
Calado Popa ≤ 14,2m Vento ≤ 15 nós Corrente ≤1,0 nós 
Etapa 2 10x Diurno Calado Proa ≤ 12,3m 
Calado Popa ≤ 14,2m Vento ≤ 20 nós Corrente ≤",generica,,False
Rio Grande,Portos RS,www.portosrs.com.br/site/public/uploads/site/normativas/259.pdf,20261002000000,atual,rio_grande/site_public_uploads_site_normativas_259_pdf/atual_20261002,14.2,,"27 nós Corrente ≤3 nós 
Etapa 1 10x Diurno 
Calado Proa ≤ 12,3m 
Calado Popa ≤ 13,2m 
Vento ≤ 20 nós Corrente ≤1,5 nós 
Calado Proa ≤ 12,3m 
Calado Popa ≤ 14,2m Vento ≤ 15 nós Corrente ≤1,0 nós 
Etapa 2 10x Diurno Calado Proa ≤ 12,3m 
Calado Popa ≤ 14,2m Vento ≤ 20 nós Corrente ≤",generica,,False
Rio Grande,Portos RS,www.portosrs.com.br/site/public/uploads/site/normativas/259.pdf,20261002000000,atual,rio_grande/site_public_uploads_site_normativas_259_pdf/atual_20261002,14.2,,"s 
Etapa 1 10x Diurno 
Calado Proa ≤ 12,3m 
Calado Popa ≤ 13,2m 
Vento ≤ 20 nós Corrente ≤1,5 nós 
Calado Proa ≤ 12,3m 
Calado Popa ≤ 14,2m Vento ≤ 15 nós Corrente ≤1,0 nós 
Etapa 2 10x Diurno Calado Proa ≤ 12,3m 
Calado Popa ≤ 14,2m Vento ≤ 20 nós Corrente ≤1,5 nós 
Etapa 3 10x",generica,,False
Rio Grande,Portos RS,www.portosrs.com.br/site/public/uploads/site/normativas/259.pdf,20261002000000,atual,rio_grande/site_public_uploads_site_normativas_259_pdf/atual_20261002,12.3,,"s 
Etapa 1 10x Diurno 
Calado Proa ≤ 12,3m 
Calado Popa ≤ 13,2m 
Vento ≤ 20 nós Corrente ≤1,5 nós 
Calado Proa ≤ 12,3m 
Calado Popa ≤ 14,2m Vento ≤ 15 nós Corrente ≤1,0 nós 
Etapa 2 10x Diurno Calado Proa ≤ 12,3m 
Calado Popa ≤ 14,2m Vento ≤ 20 nós Corrente ≤1,5 nós 
Etapa 3 10x",generica,,False
Rio Grande,Portos RS,www.portosrs.com.br/site/public/uploads/site/normativas/259.pdf,20261002000000,atual,rio_grande/site_public_uploads_site_normativas_259_pdf/atual_20261002,12.3,,"20 nós Corrente ≤1,5 nós 
Calado Proa ≤ 12,3m 
Calado Popa ≤ 14,2m Vento ≤ 15 nós Corrente ≤1,0 nós 
Etapa 2 10x Diurno Calado Proa ≤ 12,3m 
Calado Popa ≤ 14,2m Vento ≤ 20 nós Corrente ≤1,5 nós 
Etapa 3 10x Diurno Calado Proa ≤ 12,3m 
Calado Popa ≤ 14,2m Vento ≤ 27 nós Corrente ≤",generica,,False
Rio Grande,Portos RS,www.portosrs.com.br/site/public/uploads/site/normativas/259.pdf,20261002000000,atual,rio_grande/site_public_uploads_site_normativas_259_pdf/atual_20261002,14.2,,"20 nós Corrente ≤1,5 nós 
Calado Proa ≤ 12,3m 
Calado Popa ≤ 14,2m Vento ≤ 15 nós Corrente ≤1,0 nós 
Etapa 2 10x Diurno Calado Proa ≤ 12,3m 
Calado Popa ≤ 14,2m Vento ≤ 20 nós Corrente ≤1,5 nós 
Etapa 3 10x Diurno Calado Proa ≤ 12,3m 
Calado Popa ≤ 14,2m Vento ≤ 27 nós Corrente ≤",generica,,False
Rio Grande,Portos RS,www.portosrs.com.br/site/public/uploads/site/normativas/259.pdf,20261002000000,atual,rio_grande/site_public_uploads_site_normativas_259_pdf/atual_20261002,14.2,,"nós 
Calado Proa ≤ 12,3m 
Calado Popa ≤ 14,2m Vento ≤ 15 nós Corrente ≤1,0 nós 
Etapa 2 10x Diurno Calado Proa ≤ 12,3m 
Calado Popa ≤ 14,2m Vento ≤ 20 nós Corrente ≤1,5 nós 
Etapa 3 10x Diurno Calado Proa ≤ 12,3m 
Calado Popa ≤ 14,2m Vento ≤ 27 nós Corrente ≤3 nós 
Final  24h Cal",generica,,False
Rio Grande,Portos RS,www.portosrs.com.br/site/public/uploads/site/normativas/259.pdf,20261002000000,atual,rio_grande/site_public_uploads_site_normativas_259_pdf/atual_20261002,12.3,,"nós 
Calado Proa ≤ 12,3m 
Calado Popa ≤ 14,2m Vento ≤ 15 nós Corrente ≤1,0 nós 
Etapa 2 10x Diurno Calado Proa ≤ 12,3m 
Calado Popa ≤ 14,2m Vento ≤ 20 nós Corrente ≤1,5 nós 
Etapa 3 10x Diurno Calado Proa ≤ 12,3m 
Calado Popa ≤ 14,2m Vento ≤ 27 nós Corrente ≤3 nós 
Final  24h Cal",generica,,False
Rio Grande,Portos RS,www.portosrs.com.br/site/public/uploads/site/normativas/259.pdf,20261002000000,atual,rio_grande/site_public_uploads_site_normativas_259_pdf/atual_20261002,12.3,,"0 nós 
Etapa 2 10x Diurno Calado Proa ≤ 12,3m 
Calado Popa ≤ 14,2m Vento ≤ 20 nós Corrente ≤1,5 nós 
Etapa 3 10x Diurno Calado Proa ≤ 12,3m 
Calado Popa ≤ 14,2m Vento ≤ 27 nós Corrente ≤3 nós 
Final  24h Calado Proa ≤ 12,3m 
Calado Popa ≤ 14,2m Vento ≤ 27 nós Corrente ≤3 nós",generica,,False
Rio Grande,Portos RS,www.portosrs.com.br/site/public/uploads/site/normativas/259.pdf,20261002000000,atual,rio_grande/site_public_uploads_site_normativas_259_pdf/atual_20261002,14.2,,"0 nós 
Etapa 2 10x Diurno Calado Proa ≤ 12,3m 
Calado Popa ≤ 14,2m Vento ≤ 20 nós Corrente ≤1,5 nós 
Etapa 3 10x Diurno Calado Proa ≤ 12,3m 
Calado Popa ≤ 14,2m Vento ≤ 27 nós Corrente ≤3 nós 
Final  24h Calado Proa ≤ 12,3m 
Calado Popa ≤ 14,2m Vento ≤ 27 nós Corrente ≤3 nós",generica,,False
Rio Grande,Portos RS,www.portosrs.com.br/site/public/uploads/site/normativas/259.pdf,20261002000000,atual,rio_grande/site_public_uploads_site_normativas_259_pdf/atual_20261002,14.2,,"urno Calado Proa ≤ 12,3m 
Calado Popa ≤ 14,2m Vento ≤ 20 nós Corrente ≤1,5 nós 
Etapa 3 10x Diurno Calado Proa ≤ 12,3m 
Calado Popa ≤ 14,2m Vento ≤ 27 nós Corrente ≤3 nós 
Final  24h Calado Proa ≤ 12,3m 
Calado Popa ≤ 14,2m Vento ≤ 27 nós Corrente ≤3 nós 
 
 
 
Navio Tipo 4: (Loa",generica,,False
Rio Grande,Portos RS,www.portosrs.com.br/site/public/uploads/site/normativas/259.pdf,20261002000000,atual,rio_grande/site_public_uploads_site_normativas_259_pdf/atual_20261002,12.3,,"urno Calado Proa ≤ 12,3m 
Calado Popa ≤ 14,2m Vento ≤ 20 nós Corrente ≤1,5 nós 
Etapa 3 10x Diurno Calado Proa ≤ 12,3m 
Calado Popa ≤ 14,2m Vento ≤ 27 nós Corrente ≤3 nós 
Final  24h Calado Proa ≤ 12,3m 
Calado Popa ≤ 14,2m Vento ≤ 27 nós Corrente ≤3 nós 
 
 
 
Navio Tipo 4: (Loa",generica,,False
Rio Grande,Portos RS,www.portosrs.com.br/site/public/uploads/site/normativas/259.pdf,20261002000000,atual,rio_grande/site_public_uploads_site_normativas_259_pdf/atual_20261002,12.3,,"rrente ≤1,5 nós 
Etapa 3 10x Diurno Calado Proa ≤ 12,3m 
Calado Popa ≤ 14,2m Vento ≤ 27 nós Corrente ≤3 nós 
Final  24h Calado Proa ≤ 12,3m 
Calado Popa ≤ 14,2m Vento ≤ 27 nós Corrente ≤3 nós 
 
 
 
Navio Tipo 4: (Loa até 340m) 
Atual  24h Calado ≤ 11,2m Vento ≤ 27 nós Corrente ≤",generica,,False
Rio Grande,Portos RS,www.portosrs.com.br/site/public/uploads/site/normativas/259.pdf,20261002000000,atual,rio_grande/site_public_uploads_site_normativas_259_pdf/atual_20261002,14.2,,"rrente ≤1,5 nós 
Etapa 3 10x Diurno Calado Proa ≤ 12,3m 
Calado Popa ≤ 14,2m Vento ≤ 27 nós Corrente ≤3 nós 
Final  24h Calado Proa ≤ 12,3m 
Calado Popa ≤ 14,2m Vento ≤ 27 nós Corrente ≤3 nós 
 
 
 
Navio Tipo 4: (Loa até 340m) 
Atual  24h Calado ≤ 11,2m Vento ≤ 27 nós Corrente ≤",generica,,False
Rio Grande,Portos RS,www.portosrs.com.br/site/public/uploads/site/normativas/259.pdf,20261002000000,atual,rio_grande/site_public_uploads_site_normativas_259_pdf/atual_20261002,11.2,,"rrente ≤1,5 nós 
Etapa 3 10x Diurno Calado Proa ≤ 12,3m 
Calado Popa ≤ 14,2m Vento ≤ 27 nós Corrente ≤3 nós 
Final  24h Calado Proa ≤ 12,3m 
Calado Popa ≤ 14,2m Vento ≤ 27 nós Corrente ≤3 nós 
 
 
 
Navio Tipo 4: (Loa até 340m) 
Atual  24h Calado ≤ 11,2m Vento ≤ 27 nós Corrente ≤",generica,,False
Rio Grande,Portos RS,www.portosrs.com.br/site/public/uploads/site/normativas/259.pdf,20261002000000,atual,rio_grande/site_public_uploads_site_normativas_259_pdf/atual_20261002,14.2,,"a 3 10x Diurno Calado Proa ≤ 12,3m 
Calado Popa ≤ 14,2m Vento ≤ 27 nós Corrente ≤3 nós 
Final  24h Calado Proa ≤ 12,3m 
Calado Popa ≤ 14,2m Vento ≤ 27 nós Corrente ≤3 nós 
 
 
 
Navio Tipo 4: (Loa até 340m) 
Atual  24h Calado ≤ 11,2m Vento ≤ 27 nós Corrente ≤3 nós 
Etapa 1 10x Di",generica,,False
Rio Grande,Portos RS,www.portosrs.com.br/site/public/uploads/site/normativas/259.pdf,20261002000000,atual,rio_grande/site_public_uploads_site_normativas_259_pdf/atual_20261002,11.2,,"a 3 10x Diurno Calado Proa ≤ 12,3m 
Calado Popa ≤ 14,2m Vento ≤ 27 nós Corrente ≤3 nós 
Final  24h Calado Proa ≤ 12,3m 
Calado Popa ≤ 14,2m Vento ≤ 27 nós Corrente ≤3 nós 
 
 
 
Navio Tipo 4: (Loa até 340m) 
Atual  24h Calado ≤ 11,2m Vento ≤ 27 nós Corrente ≤3 nós 
Etapa 1 10x Di",generica,,False
Rio Grande,Portos RS,www.portosrs.com.br/site/public/uploads/site/normativas/259.pdf,20261002000000,atual,rio_grande/site_public_uploads_site_normativas_259_pdf/atual_20261002,11.2,,"Calado Proa ≤ 12,3m 
Calado Popa ≤ 14,2m Vento ≤ 27 nós Corrente ≤3 nós 
 
 
 
Navio Tipo 4: (Loa até 340m) 
Atual  24h Calado ≤ 11,2m Vento ≤ 27 nós Corrente ≤3 nós 
Etapa 1 10x Diurno Calado Proa ≤ 11,7m 
Calado Popa ≤ 13,2m 
Vento ≤ 20 nós Corrente ≤1,5 nós 
Etapa 2 10x Diurno",generica,,False
Rio Grande,Portos RS,www.portosrs.com.br/site/public/uploads/site/normativas/259.pdf,20261002000000,atual,rio_grande/site_public_uploads_site_normativas_259_pdf/atual_20261002,11.7,,"Calado Proa ≤ 12,3m 
Calado Popa ≤ 14,2m Vento ≤ 27 nós Corrente ≤3 nós 
 
 
 
Navio Tipo 4: (Loa até 340m) 
Atual  24h Calado ≤ 11,2m Vento ≤ 27 nós Corrente ≤3 nós 
Etapa 1 10x Diurno Calado Proa ≤ 11,7m 
Calado Popa ≤ 13,2m 
Vento ≤ 20 nós Corrente ≤1,5 nós 
Etapa 2 10x Diurno",generica,,False
Rio Grande,Portos RS,www.portosrs.com.br/site/public/uploads/site/normativas/259.pdf,20261002000000,atual,rio_grande/site_public_uploads_site_normativas_259_pdf/atual_20261002,13.2,,"Calado Proa ≤ 12,3m 
Calado Popa ≤ 14,2m Vento ≤ 27 nós Corrente ≤3 nós 
 
 
 
Navio Tipo 4: (Loa até 340m) 
Atual  24h Calado ≤ 11,2m Vento ≤ 27 nós Corrente ≤3 nós 
Etapa 1 10x Diurno Calado Proa ≤ 11,7m 
Calado Popa ≤ 13,2m 
Vento ≤ 20 nós Corrente ≤1,5 nós 
Etapa 2 10x Diurno",generica,,False
Rio Grande,Portos RS,www.portosrs.com.br/site/public/uploads/site/normativas/259.pdf,20261002000000,atual,rio_grande/site_public_uploads_site_normativas_259_pdf/atual_20261002,11.7,,"3 nós 
 
 
 
Navio Tipo 4: (Loa até 340m) 
Atual  24h Calado ≤ 11,2m Vento ≤ 27 nós Corrente ≤3 nós 
Etapa 1 10x Diurno Calado Proa ≤ 11,7m 
Calado Popa ≤ 13,2m 
Vento ≤ 20 nós Corrente ≤1,5 nós 
Etapa 2 10x Diurno Calado Proa ≤ 11,7m 
Calado Popa ≤ 14,2m Vento ≤ 20 nós Corrente",generica,,False
Rio Grande,Portos RS,www.portosrs.com.br/site/public/uploads/site/normativas/259.pdf,20261002000000,atual,rio_grande/site_public_uploads_site_normativas_259_pdf/atual_20261002,13.2,,"3 nós 
 
 
 
Navio Tipo 4: (Loa até 340m) 
Atual  24h Calado ≤ 11,2m Vento ≤ 27 nós Corrente ≤3 nós 
Etapa 1 10x Diurno Calado Proa ≤ 11,7m 
Calado Popa ≤ 13,2m 
Vento ≤ 20 nós Corrente ≤1,5 nós 
Etapa 2 10x Diurno Calado Proa ≤ 11,7m 
Calado Popa ≤ 14,2m Vento ≤ 20 nós Corrente",generica,,False
Rio Grande,Portos RS,www.portosrs.com.br/site/public/uploads/site/normativas/259.pdf,20261002000000,atual,rio_grande/site_public_uploads_site_normativas_259_pdf/atual_20261002,14.2,,"3 nós 
 
 
 
Navio Tipo 4: (Loa até 340m) 
Atual  24h Calado ≤ 11,2m Vento ≤ 27 nós Corrente ≤3 nós 
Etapa 1 10x Diurno Calado Proa ≤ 11,7m 
Calado Popa ≤ 13,2m 
Vento ≤ 20 nós Corrente ≤1,5 nós 
Etapa 2 10x Diurno Calado Proa ≤ 11,7m 
Calado Popa ≤ 14,2m Vento ≤ 20 nós Corrente",generica,,False
Rio Grande,Portos RS,www.portosrs.com.br/site/public/uploads/site/normativas/259.pdf,20261002000000,atual,rio_grande/site_public_uploads_site_normativas_259_pdf/atual_20261002,13.2,,"po 4: (Loa até 340m) 
Atual  24h Calado ≤ 11,2m Vento ≤ 27 nós Corrente ≤3 nós 
Etapa 1 10x Diurno Calado Proa ≤ 11,7m 
Calado Popa ≤ 13,2m 
Vento ≤ 20 nós Corrente ≤1,5 nós 
Etapa 2 10x Diurno Calado Proa ≤ 11,7m 
Calado Popa ≤ 14,2m Vento ≤ 20 nós Corrente ≤1,5 nós 
Etapa 3 10x",generica,,False
Rio Grande,Portos RS,www.portosrs.com.br/site/public/uploads/site/normativas/259.pdf,20261002000000,atual,rio_grande/site_public_uploads_site_normativas_259_pdf/atual_20261002,11.7,,"po 4: (Loa até 340m) 
Atual  24h Calado ≤ 11,2m Vento ≤ 27 nós Corrente ≤3 nós 
Etapa 1 10x Diurno Calado Proa ≤ 11,7m 
Calado Popa ≤ 13,2m 
Vento ≤ 20 nós Corrente ≤1,5 nós 
Etapa 2 10x Diurno Calado Proa ≤ 11,7m 
Calado Popa ≤ 14,2m Vento ≤ 20 nós Corrente ≤1,5 nós 
Etapa 3 10x",generica,,False
Rio Grande,Portos RS,www.portosrs.com.br/site/public/uploads/site/normativas/259.pdf,20261002000000,atual,rio_grande/site_public_uploads_site_normativas_259_pdf/atual_20261002,14.2,,"po 4: (Loa até 340m) 
Atual  24h Calado ≤ 11,2m Vento ≤ 27 nós Corrente ≤3 nós 
Etapa 1 10x Diurno Calado Proa ≤ 11,7m 
Calado Popa ≤ 13,2m 
Vento ≤ 20 nós Corrente ≤1,5 nós 
Etapa 2 10x Diurno Calado Proa ≤ 11,7m 
Calado Popa ≤ 14,2m Vento ≤ 20 nós Corrente ≤1,5 nós 
Etapa 3 10x",generica,,False
Rio Grande,Portos RS,www.portosrs.com.br/site/public/uploads/site/normativas/259.pdf,20261002000000,atual,rio_grande/site_public_uploads_site_normativas_259_pdf/atual_20261002,11.7,,"nós 
Etapa 1 10x Diurno Calado Proa ≤ 11,7m 
Calado Popa ≤ 13,2m 
Vento ≤ 20 nós Corrente ≤1,5 nós 
Etapa 2 10x Diurno Calado Proa ≤ 11,7m 
Calado Popa ≤ 14,2m Vento ≤ 20 nós Corrente ≤1,5 nós 
Etapa 3 10x Diurno Calado Proa ≤ 11,7m 
Calado Popa ≤ 14,2m Vento ≤ 27 nós Corrente ≤",generica,,False
Rio Grande,Portos RS,www.portosrs.com.br/site/public/uploads/site/normativas/259.pdf,20261002000000,atual,rio_grande/site_public_uploads_site_normativas_259_pdf/atual_20261002,14.2,,"nós 
Etapa 1 10x Diurno Calado Proa ≤ 11,7m 
Calado Popa ≤ 13,2m 
Vento ≤ 20 nós Corrente ≤1,5 nós 
Etapa 2 10x Diurno Calado Proa ≤ 11,7m 
Calado Popa ≤ 14,2m Vento ≤ 20 nós Corrente ≤1,5 nós 
Etapa 3 10x Diurno Calado Proa ≤ 11,7m 
Calado Popa ≤ 14,2m Vento ≤ 27 nós Corrente ≤",generica,,False
Rio Grande,Portos RS,www.portosrs.com.br/site/public/uploads/site/normativas/259.pdf,20261002000000,atual,rio_grande/site_public_uploads_site_normativas_259_pdf/atual_20261002,14.2,,"rno Calado Proa ≤ 11,7m 
Calado Popa ≤ 13,2m 
Vento ≤ 20 nós Corrente ≤1,5 nós 
Etapa 2 10x Diurno Calado Proa ≤ 11,7m 
Calado Popa ≤ 14,2m Vento ≤ 20 nós Corrente ≤1,5 nós 
Etapa 3 10x Diurno Calado Proa ≤ 11,7m 
Calado Popa ≤ 14,2m Vento ≤ 27 nós Corrente ≤ 2 nós 
Final  24h Ca",generica,,False
Rio Grande,Portos RS,www.portosrs.com.br/site/public/uploads/site/normativas/259.pdf,20261002000000,atual,rio_grande/site_public_uploads_site_normativas_259_pdf/atual_20261002,11.7,,"rno Calado Proa ≤ 11,7m 
Calado Popa ≤ 13,2m 
Vento ≤ 20 nós Corrente ≤1,5 nós 
Etapa 2 10x Diurno Calado Proa ≤ 11,7m 
Calado Popa ≤ 14,2m Vento ≤ 20 nós Corrente ≤1,5 nós 
Etapa 3 10x Diurno Calado Proa ≤ 11,7m 
Calado Popa ≤ 14,2m Vento ≤ 27 nós Corrente ≤ 2 nós 
Final  24h Ca",generica,,False
Rio Grande,Portos RS,www.portosrs.com.br/site/public/uploads/site/normativas/259.pdf,20261002000000,atual,rio_grande/site_public_uploads_site_normativas_259_pdf/atual_20261002,11.7,,"5 nós 
Etapa 2 10x Diurno Calado Proa ≤ 11,7m 
Calado Popa ≤ 14,2m Vento ≤ 20 nós Corrente ≤1,5 nós 
Etapa 3 10x Diurno Calado Proa ≤ 11,7m 
Calado Popa ≤ 14,2m Vento ≤ 27 nós Corrente ≤ 2 nós 
Final  24h Calado Proa ≤ 11,7m 
Calado Popa ≤ 14,2m Vento ≤ 27 nós Corrente ≤ 2 nós",generica,,False
Rio Grande,Portos RS,www.portosrs.com.br/site/public/uploads/site/normativas/259.pdf,20261002000000,atual,rio_grande/site_public_uploads_site_normativas_259_pdf/atual_20261002,14.2,,"5 nós 
Etapa 2 10x Diurno Calado Proa ≤ 11,7m 
Calado Popa ≤ 14,2m Vento ≤ 20 nós Corrente ≤1,5 nós 
Etapa 3 10x Diurno Calado Proa ≤ 11,7m 
Calado Popa ≤ 14,2m Vento ≤ 27 nós Corrente ≤ 2 nós 
Final  24h Calado Proa ≤ 11,7m 
Calado Popa ≤ 14,2m Vento ≤ 27 nós Corrente ≤ 2 nós",generica,,False
Rio Grande,Portos RS,www.portosrs.com.br/site/public/uploads/site/normativas/259.pdf,20261002000000,atual,rio_grande/site_public_uploads_site_normativas_259_pdf/atual_20261002,14.2,,"urno Calado Proa ≤ 11,7m 
Calado Popa ≤ 14,2m Vento ≤ 20 nós Corrente ≤1,5 nós 
Etapa 3 10x Diurno Calado Proa ≤ 11,7m 
Calado Popa ≤ 14,2m Vento ≤ 27 nós Corrente ≤ 2 nós 
Final  24h Calado Proa ≤ 11,7m 
Calado Popa ≤ 14,2m Vento ≤ 27 nós Corrente ≤ 2 nós",generica,,False
Rio Grande,Portos RS,www.portosrs.com.br/site/public/uploads/site/normativas/259.pdf,20261002000000,atual,rio_grande/site_public_uploads_site_normativas_259_pdf/atual_20261002,11.7,,"urno Calado Proa ≤ 11,7m 
Calado Popa ≤ 14,2m Vento ≤ 20 nós Corrente ≤1,5 nós 
Etapa 3 10x Diurno Calado Proa ≤ 11,7m 
Calado Popa ≤ 14,2m Vento ≤ 27 nós Corrente ≤ 2 nós 
Final  24h Calado Proa ≤ 11,7m 
Calado Popa ≤ 14,2m Vento ≤ 27 nós Corrente ≤ 2 nós",generica,,False
Rio Grande,Portos RS,www.portosrs.com.br/site/public/uploads/site/normativas/259.pdf,20261002000000,atual,rio_grande/site_public_uploads_site_normativas_259_pdf/atual_20261002,11.7,,"rente ≤1,5 nós 
Etapa 3 10x Diurno Calado Proa ≤ 11,7m 
Calado Popa ≤ 14,2m Vento ≤ 27 nós Corrente ≤ 2 nós 
Final  24h Calado Proa ≤ 11,7m 
Calado Popa ≤ 14,2m Vento ≤ 27 nós Corrente ≤ 2 nós 
 
 
 
 
 
 
 
 
 
 
 
 
 
 
 
 
 
 
 
 
 
 
 
 
 
 
 
 
 
 
 
 
 
 
 
 
 
INFORMAÇÕES",generica,,False
Rio Grande,Portos RS,www.portosrs.com.br/site/public/uploads/site/normativas/259.pdf,20261002000000,atual,rio_grande/site_public_uploads_site_normativas_259_pdf/atual_20261002,14.2,,"rente ≤1,5 nós 
Etapa 3 10x Diurno Calado Proa ≤ 11,7m 
Calado Popa ≤ 14,2m Vento ≤ 27 nós Corrente ≤ 2 nós 
Final  24h Calado Proa ≤ 11,7m 
Calado Popa ≤ 14,2m Vento ≤ 27 nós Corrente ≤ 2 nós 
 
 
 
 
 
 
 
 
 
 
 
 
 
 
 
 
 
 
 
 
 
 
 
 
 
 
 
 
 
 
 
 
 
 
 
 
 
INFORMAÇÕES",generica,,False
Rio Grande,Portos RS,www.portosrs.com.br/site/public/uploads/site/normativas/259.pdf,20261002000000,atual,rio_grande/site_public_uploads_site_normativas_259_pdf/atual_20261002,14.2,,"3 10x Diurno Calado Proa ≤ 11,7m 
Calado Popa ≤ 14,2m Vento ≤ 27 nós Corrente ≤ 2 nós 
Final  24h Calado Proa ≤ 11,7m 
Calado Popa ≤ 14,2m Vento ≤ 27 nós Corrente ≤ 2 nós 
 
 
 
 
 
 
 
 
 
 
 
 
 
 
 
 
 
 
 
 
 
 
 
 
 
 
 
 
 
 
 
 
 
 
 
 
 
INFORMAÇÕES DE CONTROLE 
 
Título",generica,,False
Rio Grande,Portos RS,www.portosrs.com.br/site/public/uploads/site/normativas/259.pdf,20261002000000,atual,rio_grande/site_public_uploads_site_normativas_259_pdf/atual_20261002,12.19,,"da 7ª Revisão 7 de julho de 2025 
Data da 8ª Revisão 9 de fevereiro de 2026 
 
Modificações Realizadas: 
 
Alteração de calado do Terminal YARA BRASIL FERTILIZANTES S/A – Cais SUL: de 12,19m para 
12,69m. 
Alteração de calado do Terminal YARA BRASIL FERTILIZANTES S/A – Cais NORTE",generica,,False
Rio Grande,Portos RS,www.portosrs.com.br/site/public/uploads/site/normativas/259.pdf,20261002000000,atual,rio_grande/site_public_uploads_site_normativas_259_pdf/atual_20261002,12.69,,"da 7ª Revisão 7 de julho de 2025 
Data da 8ª Revisão 9 de fevereiro de 2026 
 
Modificações Realizadas: 
 
Alteração de calado do Terminal YARA BRASIL FERTILIZANTES S/A – Cais SUL: de 12,19m para 
12,69m. 
Alteração de calado do Terminal YARA BRASIL FERTILIZANTES S/A – Cais NORTE",generica,,False
Rio Grande,Portos RS,www.portosrs.com.br/site/public/uploads/site/normativas/259.pdf,20261002000000,atual,rio_grande/site_public_uploads_site_normativas_259_pdf/atual_20261002,11.47,,"das: 
 
Alteração de calado do Terminal YARA BRASIL FERTILIZANTES S/A – Cais SUL: de 12,19m para 
12,69m. 
Alteração de calado do Terminal YARA BRASIL FERTILIZANTES S/A – Cais NORTE: de 10m para 11,47m. 
 
MUDANÇA NO TEXTO ÁREA DELTA: 
Adequação do texto para atendimento da PORTA",generica,,False
Itaqui,EMAP,www.portodoitaqui.com.br/porto-do-itaqui/infraestrutura,20261002000000,atual,itaqui/porto_do_itaqui_infraestrutura/atual_20261002,22.3,,"e as seguintes características: Caracteristicas do Canal de Acesso Medida Atual Profundidade 23m Largura Limitante 500m Calado Máximo Autorizado 22,3m Comprimento 101Km Ferrovias O Porto do Itaqui tem conexão ferroviária direta com duas ferrovias, a Transnordestina (FTL), que pas",generica,,False
Rio Grande,,,20260930000000,fase0,fase0/riogrande_normativa_259.pdf,14.2,,"º4 localizadas no canal 
de acesso ao Porto Novo. 
5,0 Canal de Acesso ao Porto Velho. 
 
5) CALADOS MÁXIMOS: 
 
5.1) O calado vigente no canal externo do Porto do Rio Grande limitado pelas coordenadas 
UTM x:408386.1932, y:6431805.2410 e x:397818.5673, y:6439429.8894 é de 14,20m",,,False
Rio Grande,,,20260930000000,fase0,fase0/riogrande_normativa_259.pdf,14.2,,"minada CANAL INTERNO I,limitada pelas coordenadas 
UTMx:397818.5673, y:6439429.8894 e x:396279.2362, y:6448123.4367terá calado de 
14,20m considerando densidade da água 1.000 kg/m3 (fresh water). 
  
5.2.2) A segunda seção denominada CANAL INTERNO II delimitada pelas coordenadas",,,False
Rio Grande,,,20260930000000,fase0,fase0/riogrande_normativa_259.pdf,9.45,,"limite do terminal graneleiro BUNGE e ao limite do 
terminal de graneis liquido TRANSPETRO, respectivamente. 
 
5.3) O calado vigente nos canal do Porto Novo limitado pelas coordenadas UTM 
x:397312.2425, y:6450316.2513 e x:398345.7165, y:6455350.3983é de 9,45m, considerando 
de",,,False
Rio Grande,,,20260930000000,fase0,fase0/riogrande_normativa_259.pdf,7.2,,"316.2513 e x:398345.7165, y:6455350.3983é de 9,45m, considerando 
densidade da água 1.000 kg/m3 (fresh water) 
 
5.4) O calado vigente no canal de acesso a São José do Norte é de 7,20m. 
 
5.5) Os calados máximos nas instalações portuárias do Porto Organizado do Rio Grande 
indic",,,False
Rio Grande,,,20260930000000,fase0,fase0/riogrande_normativa_259.pdf,12.2,,"rísticas: 
6.1.1) Área ALFA: 
 
A) Permitido o fundeio para reabastecimento de combustível, para Navios de até 240m 
e calado máximo de 12,20m, no período diurno, entre as boias nº 9 e nº 11.  
 
B) Para os Navios maiores que 190m as seguintes medidas são de caráter obrigatório:",,,False
Rio Grande,,,20260930000000,fase0,fase0/riogrande_normativa_259.pdf,13.0,,"da Portos RS 
e parecer favorável da CPRS. 
 
6.1.4) Área DELTA: 
 
A) Permitido o fundeio para Navios de at é 240m e calado máximo de 13,00m, entre as 
boias nº 15 e nº 17.  
 
B) Por ser uma área de espaço exíguo para o giro dos navios, as operações de 
 
 
reabastecimento na",,,False
Rio Grande,,,20260930000000,fase0,fase0/riogrande_normativa_259.pdf,10.0,,"egras constantes no item 5.5.3 da NPCP-RS/2025. 
B. Permitido o fundeio para navios de até: 
B.1) 190m de comprimento e calado máximo de 10,0m; ou 
B.2) 240m de comprimento e calado máximo de 9,45m; 
C. O fundeio para transbordo ou reabastecimento de combustível será autorizado p",,,False
Rio Grande,,,20260930000000,fase0,fase0/riogrande_normativa_259.pdf,9.45,,"egras constantes no item 5.5.3 da NPCP-RS/2025. 
B. Permitido o fundeio para navios de até: 
B.1) 190m de comprimento e calado máximo de 10,0m; ou 
B.2) 240m de comprimento e calado máximo de 9,45m; 
C. O fundeio para transbordo ou reabastecimento de combustível será autorizado p",,,False
Rio Grande,,,20260930000000,fase0,fase0/riogrande_normativa_259.pdf,9.45,,"mitido o fundeio para navios de até: 
B.1) 190m de comprimento e calado máximo de 10,0m; ou 
B.2) 240m de comprimento e calado máximo de 9,45m; 
C. O fundeio para transbordo ou reabastecimento de combustível será autorizado para 
um Navio por vez. Poderá ser autorizado o fundeio",,,False
Rio Grande,,,20260930000000,fase0,fase0/riogrande_normativa_259.pdf,6.7,,"avio em reabastecimento de combustível nesta área será permitido 
para, no máximo, dois Navios simultaneamente. 
 
C) O calado máximo permitido para estas áreas é de 6,7m.  
 
Área GOLF I  Fundeio permitido para Navios de até 150m de comprimento.  
Área GOLF II  Fundeio permiti",,,False
Rio Grande,,,20260930000000,fase0,fase0/riogrande_normativa_259.pdf,14.2,,"07'17'' S 52°05'47'' W 
 
 
 
 
 
8) MANOBRAS DE GIRO NA ÁREA NORTE DO TECON: 
 
8.1) Navios graneleiros: 
 
Navio Tipo Calado (Máx) PRT Observações 
1 Loa ≤ 235m 14,2m 1 Vento ≤ 27 nós 
Corrente ≤3 nós 
2 Loa 235,1m a 245m 13,2m 1 Vento ≤ 27 nós 
Corrente ≤3 nós 
3 Loa 245,1m a",,,False
Rio Grande,,,20260930000000,fase0,fase0/riogrande_normativa_259.pdf,13.2,,"07'17'' S 52°05'47'' W 
 
 
 
 
 
8) MANOBRAS DE GIRO NA ÁREA NORTE DO TECON: 
 
8.1) Navios graneleiros: 
 
Navio Tipo Calado (Máx) PRT Observações 
1 Loa ≤ 235m 14,2m 1 Vento ≤ 27 nós 
Corrente ≤3 nós 
2 Loa 235,1m a 245m 13,2m 1 Vento ≤ 27 nós 
Corrente ≤3 nós 
3 Loa 245,1m a",,,False
Rio Grande,,,20260930000000,fase0,fase0/riogrande_normativa_259.pdf,12.8,,"3 nós 
3 Loa 245,1m a 297m 12,2m 1 Vento ≤ 27 nós 
Corrente ≤3 nós 
  
 

 
 
8.2) Navios de contêineres: 
 
Navio Tipo Calado (Máx) PRT Observações 
1 Loa ≤ 298m 
12,8 m 1 Vento ≤ 27 nós 
Corrente ≤3 nós 
12,8m x 14,2m 2 
Vento ≤ 27 nós 
Corrente ≤ 3 nós 
Mínimo 4 rebocadores (©",,,False
Rio Grande,,,20260930000000,fase0,fase0/riogrande_normativa_259.pdf,14.2,,"3 nós 
3 Loa 245,1m a 297m 12,2m 1 Vento ≤ 27 nós 
Corrente ≤3 nós 
  
 

 
 
8.2) Navios de contêineres: 
 
Navio Tipo Calado (Máx) PRT Observações 
1 Loa ≤ 298m 
12,8 m 1 Vento ≤ 27 nós 
Corrente ≤3 nós 
12,8m x 14,2m 2 
Vento ≤ 27 nós 
Corrente ≤ 3 nós 
Mínimo 4 rebocadores (©",,,False
Rio Grande,,,20260930000000,fase0,fase0/riogrande_normativa_259.pdf,12.8,,"e intervalo) da região 
em questão, para garantir a manutenção das condições. 
 
Navio Tipo 1: (Loa ≤ 298m) 
Atual  24h Calado ≤ 12,8m Vento ≤ 27 nós Corrente ≤3 nós 
Etapa 1 10x Diurno Calado Proa ≤ 12,8m 
Calado Popa ≤ 13,2m 
Vento ≤ 20 nós Corrente ≤1,5 nós 
Etapa 2 10x Diurno",,,False
Rio Grande,,,20260930000000,fase0,fase0/riogrande_normativa_259.pdf,13.2,,"e intervalo) da região 
em questão, para garantir a manutenção das condições. 
 
Navio Tipo 1: (Loa ≤ 298m) 
Atual  24h Calado ≤ 12,8m Vento ≤ 27 nós Corrente ≤3 nós 
Etapa 1 10x Diurno Calado Proa ≤ 12,8m 
Calado Popa ≤ 13,2m 
Vento ≤ 20 nós Corrente ≤1,5 nós 
Etapa 2 10x Diurno",,,False
Rio Grande,,,20260930000000,fase0,fase0/riogrande_normativa_259.pdf,12.8,,"condições. 
 
Navio Tipo 1: (Loa ≤ 298m) 
Atual  24h Calado ≤ 12,8m Vento ≤ 27 nós Corrente ≤3 nós 
Etapa 1 10x Diurno Calado Proa ≤ 12,8m 
Calado Popa ≤ 13,2m 
Vento ≤ 20 nós Corrente ≤1,5 nós 
Etapa 2 10x Diurno Calado Proa ≤ 12,8m 
Calado Popa ≤ 14,2m Vento ≤ 20 nós Corrente",,,False
Rio Grande,,,20260930000000,fase0,fase0/riogrande_normativa_259.pdf,13.2,,"condições. 
 
Navio Tipo 1: (Loa ≤ 298m) 
Atual  24h Calado ≤ 12,8m Vento ≤ 27 nós Corrente ≤3 nós 
Etapa 1 10x Diurno Calado Proa ≤ 12,8m 
Calado Popa ≤ 13,2m 
Vento ≤ 20 nós Corrente ≤1,5 nós 
Etapa 2 10x Diurno Calado Proa ≤ 12,8m 
Calado Popa ≤ 14,2m Vento ≤ 20 nós Corrente",,,False
Rio Grande,,,20260930000000,fase0,fase0/riogrande_normativa_259.pdf,14.2,,"condições. 
 
Navio Tipo 1: (Loa ≤ 298m) 
Atual  24h Calado ≤ 12,8m Vento ≤ 27 nós Corrente ≤3 nós 
Etapa 1 10x Diurno Calado Proa ≤ 12,8m 
Calado Popa ≤ 13,2m 
Vento ≤ 20 nós Corrente ≤1,5 nós 
Etapa 2 10x Diurno Calado Proa ≤ 12,8m 
Calado Popa ≤ 14,2m Vento ≤ 20 nós Corrente",,,False
Rio Grande,,,20260930000000,fase0,fase0/riogrande_normativa_259.pdf,13.2,,"Tipo 1: (Loa ≤ 298m) 
Atual  24h Calado ≤ 12,8m Vento ≤ 27 nós Corrente ≤3 nós 
Etapa 1 10x Diurno Calado Proa ≤ 12,8m 
Calado Popa ≤ 13,2m 
Vento ≤ 20 nós Corrente ≤1,5 nós 
Etapa 2 10x Diurno Calado Proa ≤ 12,8m 
Calado Popa ≤ 14,2m Vento ≤ 20 nós Corrente ≤1,5 nós 
Etapa 3 10x",,,False
Rio Grande,,,20260930000000,fase0,fase0/riogrande_normativa_259.pdf,12.8,,"Tipo 1: (Loa ≤ 298m) 
Atual  24h Calado ≤ 12,8m Vento ≤ 27 nós Corrente ≤3 nós 
Etapa 1 10x Diurno Calado Proa ≤ 12,8m 
Calado Popa ≤ 13,2m 
Vento ≤ 20 nós Corrente ≤1,5 nós 
Etapa 2 10x Diurno Calado Proa ≤ 12,8m 
Calado Popa ≤ 14,2m Vento ≤ 20 nós Corrente ≤1,5 nós 
Etapa 3 10x",,,False
Rio Grande,,,20260930000000,fase0,fase0/riogrande_normativa_259.pdf,14.2,,"Tipo 1: (Loa ≤ 298m) 
Atual  24h Calado ≤ 12,8m Vento ≤ 27 nós Corrente ≤3 nós 
Etapa 1 10x Diurno Calado Proa ≤ 12,8m 
Calado Popa ≤ 13,2m 
Vento ≤ 20 nós Corrente ≤1,5 nós 
Etapa 2 10x Diurno Calado Proa ≤ 12,8m 
Calado Popa ≤ 14,2m Vento ≤ 20 nós Corrente ≤1,5 nós 
Etapa 3 10x",,,False
Rio Grande,,,20260930000000,fase0,fase0/riogrande_normativa_259.pdf,12.8,,"nós 
Etapa 1 10x Diurno Calado Proa ≤ 12,8m 
Calado Popa ≤ 13,2m 
Vento ≤ 20 nós Corrente ≤1,5 nós 
Etapa 2 10x Diurno Calado Proa ≤ 12,8m 
Calado Popa ≤ 14,2m Vento ≤ 20 nós Corrente ≤1,5 nós 
Etapa 3 10x Diurno Calado Proa ≤ 12,8m 
Calado Popa ≤ 14,2m Vento ≤ 27 nós Corrente ≤",,,False
Rio Grande,,,20260930000000,fase0,fase0/riogrande_normativa_259.pdf,14.2,,"nós 
Etapa 1 10x Diurno Calado Proa ≤ 12,8m 
Calado Popa ≤ 13,2m 
Vento ≤ 20 nós Corrente ≤1,5 nós 
Etapa 2 10x Diurno Calado Proa ≤ 12,8m 
Calado Popa ≤ 14,2m Vento ≤ 20 nós Corrente ≤1,5 nós 
Etapa 3 10x Diurno Calado Proa ≤ 12,8m 
Calado Popa ≤ 14,2m Vento ≤ 27 nós Corrente ≤",,,False
Rio Grande,,,20260930000000,fase0,fase0/riogrande_normativa_259.pdf,14.2,,"rno Calado Proa ≤ 12,8m 
Calado Popa ≤ 13,2m 
Vento ≤ 20 nós Corrente ≤1,5 nós 
Etapa 2 10x Diurno Calado Proa ≤ 12,8m 
Calado Popa ≤ 14,2m Vento ≤ 20 nós Corrente ≤1,5 nós 
Etapa 3 10x Diurno Calado Proa ≤ 12,8m 
Calado Popa ≤ 14,2m Vento ≤ 27 nós Corrente ≤3 nós 
Final  24h Cal",,,False
Rio Grande,,,20260930000000,fase0,fase0/riogrande_normativa_259.pdf,12.8,,"rno Calado Proa ≤ 12,8m 
Calado Popa ≤ 13,2m 
Vento ≤ 20 nós Corrente ≤1,5 nós 
Etapa 2 10x Diurno Calado Proa ≤ 12,8m 
Calado Popa ≤ 14,2m Vento ≤ 20 nós Corrente ≤1,5 nós 
Etapa 3 10x Diurno Calado Proa ≤ 12,8m 
Calado Popa ≤ 14,2m Vento ≤ 27 nós Corrente ≤3 nós 
Final  24h Cal",,,False
Rio Grande,,,20260930000000,fase0,fase0/riogrande_normativa_259.pdf,12.8,,"5 nós 
Etapa 2 10x Diurno Calado Proa ≤ 12,8m 
Calado Popa ≤ 14,2m Vento ≤ 20 nós Corrente ≤1,5 nós 
Etapa 3 10x Diurno Calado Proa ≤ 12,8m 
Calado Popa ≤ 14,2m Vento ≤ 27 nós Corrente ≤3 nós 
Final  24h Calado Proa ≤ 12,8m 
Calado Popa ≤ 14,2m Vento ≤ 27 nós Corrente ≤3 nós 
*Ma",,,False
Rio Grande,,,20260930000000,fase0,fase0/riogrande_normativa_259.pdf,14.2,,"5 nós 
Etapa 2 10x Diurno Calado Proa ≤ 12,8m 
Calado Popa ≤ 14,2m Vento ≤ 20 nós Corrente ≤1,5 nós 
Etapa 3 10x Diurno Calado Proa ≤ 12,8m 
Calado Popa ≤ 14,2m Vento ≤ 27 nós Corrente ≤3 nós 
Final  24h Calado Proa ≤ 12,8m 
Calado Popa ≤ 14,2m Vento ≤ 27 nós Corrente ≤3 nós 
*Ma",,,False
Rio Grande,,,20260930000000,fase0,fase0/riogrande_normativa_259.pdf,14.2,,"urno Calado Proa ≤ 12,8m 
Calado Popa ≤ 14,2m Vento ≤ 20 nós Corrente ≤1,5 nós 
Etapa 3 10x Diurno Calado Proa ≤ 12,8m 
Calado Popa ≤ 14,2m Vento ≤ 27 nós Corrente ≤3 nós 
Final  24h Calado Proa ≤ 12,8m 
Calado Popa ≤ 14,2m Vento ≤ 27 nós Corrente ≤3 nós 
*Manobras de navio do ti",,,False
Rio Grande,,,20260930000000,fase0,fase0/riogrande_normativa_259.pdf,12.8,,"urno Calado Proa ≤ 12,8m 
Calado Popa ≤ 14,2m Vento ≤ 20 nós Corrente ≤1,5 nós 
Etapa 3 10x Diurno Calado Proa ≤ 12,8m 
Calado Popa ≤ 14,2m Vento ≤ 27 nós Corrente ≤3 nós 
Final  24h Calado Proa ≤ 12,8m 
Calado Popa ≤ 14,2m Vento ≤ 27 nós Corrente ≤3 nós 
*Manobras de navio do ti",,,False
Rio Grande,,,20260930000000,fase0,fase0/riogrande_normativa_259.pdf,12.8,,"rrente ≤1,5 nós 
Etapa 3 10x Diurno Calado Proa ≤ 12,8m 
Calado Popa ≤ 14,2m Vento ≤ 27 nós Corrente ≤3 nós 
Final  24h Calado Proa ≤ 12,8m 
Calado Popa ≤ 14,2m Vento ≤ 27 nós Corrente ≤3 nós 
*Manobras de navio do tipo 2 ou 3 servem para validar as manobras do tipo 1. 
 
Navio T",,,False
Rio Grande,,,20260930000000,fase0,fase0/riogrande_normativa_259.pdf,14.2,,"rrente ≤1,5 nós 
Etapa 3 10x Diurno Calado Proa ≤ 12,8m 
Calado Popa ≤ 14,2m Vento ≤ 27 nós Corrente ≤3 nós 
Final  24h Calado Proa ≤ 12,8m 
Calado Popa ≤ 14,2m Vento ≤ 27 nós Corrente ≤3 nós 
*Manobras de navio do tipo 2 ou 3 servem para validar as manobras do tipo 1. 
 
Navio T",,,False
Rio Grande,,,20260930000000,fase0,fase0/riogrande_normativa_259.pdf,14.2,,"a 3 10x Diurno Calado Proa ≤ 12,8m 
Calado Popa ≤ 14,2m Vento ≤ 27 nós Corrente ≤3 nós 
Final  24h Calado Proa ≤ 12,8m 
Calado Popa ≤ 14,2m Vento ≤ 27 nós Corrente ≤3 nós 
*Manobras de navio do tipo 2 ou 3 servem para validar as manobras do tipo 1. 
 
Navio Tipo 2 ou 3: (Loa até",,,False
Rio Grande,,,20260930000000,fase0,fase0/riogrande_normativa_259.pdf,12.2,,"ras de navio do tipo 2 ou 3 servem para validar as manobras do tipo 1. 
 
Navio Tipo 2 ou 3: (Loa até 306m) 
Atual  24h Calado ≤ 12,2m Vento ≤ 27 nós Corrente ≤3 nós 
Etapa 1 10x Diurno 
Calado Proa ≤ 12,3m 
Calado Popa ≤ 13,2m 
Vento ≤ 20 nós Corrente ≤1,5 nós 
Calado Proa ≤ 12,",,,False
Rio Grande,,,20260930000000,fase0,fase0/riogrande_normativa_259.pdf,12.3,,"ras de navio do tipo 2 ou 3 servem para validar as manobras do tipo 1. 
 
Navio Tipo 2 ou 3: (Loa até 306m) 
Atual  24h Calado ≤ 12,2m Vento ≤ 27 nós Corrente ≤3 nós 
Etapa 1 10x Diurno 
Calado Proa ≤ 12,3m 
Calado Popa ≤ 13,2m 
Vento ≤ 20 nós Corrente ≤1,5 nós 
Calado Proa ≤ 12,",,,False
Rio Grande,,,20260930000000,fase0,fase0/riogrande_normativa_259.pdf,13.2,,"ras de navio do tipo 2 ou 3 servem para validar as manobras do tipo 1. 
 
Navio Tipo 2 ou 3: (Loa até 306m) 
Atual  24h Calado ≤ 12,2m Vento ≤ 27 nós Corrente ≤3 nós 
Etapa 1 10x Diurno 
Calado Proa ≤ 12,3m 
Calado Popa ≤ 13,2m 
Vento ≤ 20 nós Corrente ≤1,5 nós 
Calado Proa ≤ 12,",,,False
Rio Grande,,,20260930000000,fase0,fase0/riogrande_normativa_259.pdf,12.3,,"1. 
 
Navio Tipo 2 ou 3: (Loa até 306m) 
Atual  24h Calado ≤ 12,2m Vento ≤ 27 nós Corrente ≤3 nós 
Etapa 1 10x Diurno 
Calado Proa ≤ 12,3m 
Calado Popa ≤ 13,2m 
Vento ≤ 20 nós Corrente ≤1,5 nós 
Calado Proa ≤ 12,3m 
Calado Popa ≤ 14,2m Vento ≤ 15 nós Corrente ≤1,0 nós 
Etapa 2 1",,,False
Rio Grande,,,20260930000000,fase0,fase0/riogrande_normativa_259.pdf,13.2,,"1. 
 
Navio Tipo 2 ou 3: (Loa até 306m) 
Atual  24h Calado ≤ 12,2m Vento ≤ 27 nós Corrente ≤3 nós 
Etapa 1 10x Diurno 
Calado Proa ≤ 12,3m 
Calado Popa ≤ 13,2m 
Vento ≤ 20 nós Corrente ≤1,5 nós 
Calado Proa ≤ 12,3m 
Calado Popa ≤ 14,2m Vento ≤ 15 nós Corrente ≤1,0 nós 
Etapa 2 1",,,False
Rio Grande,,,20260930000000,fase0,fase0/riogrande_normativa_259.pdf,14.2,,"1. 
 
Navio Tipo 2 ou 3: (Loa até 306m) 
Atual  24h Calado ≤ 12,2m Vento ≤ 27 nós Corrente ≤3 nós 
Etapa 1 10x Diurno 
Calado Proa ≤ 12,3m 
Calado Popa ≤ 13,2m 
Vento ≤ 20 nós Corrente ≤1,5 nós 
Calado Proa ≤ 12,3m 
Calado Popa ≤ 14,2m Vento ≤ 15 nós Corrente ≤1,0 nós 
Etapa 2 1",,,False
Rio Grande,,,20260930000000,fase0,fase0/riogrande_normativa_259.pdf,13.2,,"u 3: (Loa até 306m) 
Atual  24h Calado ≤ 12,2m Vento ≤ 27 nós Corrente ≤3 nós 
Etapa 1 10x Diurno 
Calado Proa ≤ 12,3m 
Calado Popa ≤ 13,2m 
Vento ≤ 20 nós Corrente ≤1,5 nós 
Calado Proa ≤ 12,3m 
Calado Popa ≤ 14,2m Vento ≤ 15 nós Corrente ≤1,0 nós 
Etapa 2 10x Diurno Calado Proa",,,False
Rio Grande,,,20260930000000,fase0,fase0/riogrande_normativa_259.pdf,12.3,,"u 3: (Loa até 306m) 
Atual  24h Calado ≤ 12,2m Vento ≤ 27 nós Corrente ≤3 nós 
Etapa 1 10x Diurno 
Calado Proa ≤ 12,3m 
Calado Popa ≤ 13,2m 
Vento ≤ 20 nós Corrente ≤1,5 nós 
Calado Proa ≤ 12,3m 
Calado Popa ≤ 14,2m Vento ≤ 15 nós Corrente ≤1,0 nós 
Etapa 2 10x Diurno Calado Proa",,,False
Rio Grande,,,20260930000000,fase0,fase0/riogrande_normativa_259.pdf,14.2,,"u 3: (Loa até 306m) 
Atual  24h Calado ≤ 12,2m Vento ≤ 27 nós Corrente ≤3 nós 
Etapa 1 10x Diurno 
Calado Proa ≤ 12,3m 
Calado Popa ≤ 13,2m 
Vento ≤ 20 nós Corrente ≤1,5 nós 
Calado Proa ≤ 12,3m 
Calado Popa ≤ 14,2m Vento ≤ 15 nós Corrente ≤1,0 nós 
Etapa 2 10x Diurno Calado Proa",,,False
Rio Grande,,,20260930000000,fase0,fase0/riogrande_normativa_259.pdf,12.3,,"27 nós Corrente ≤3 nós 
Etapa 1 10x Diurno 
Calado Proa ≤ 12,3m 
Calado Popa ≤ 13,2m 
Vento ≤ 20 nós Corrente ≤1,5 nós 
Calado Proa ≤ 12,3m 
Calado Popa ≤ 14,2m Vento ≤ 15 nós Corrente ≤1,0 nós 
Etapa 2 10x Diurno Calado Proa ≤ 12,3m 
Calado Popa ≤ 14,2m Vento ≤ 20 nós Corrente ≤",,,False
Rio Grande,,,20260930000000,fase0,fase0/riogrande_normativa_259.pdf,14.2,,"27 nós Corrente ≤3 nós 
Etapa 1 10x Diurno 
Calado Proa ≤ 12,3m 
Calado Popa ≤ 13,2m 
Vento ≤ 20 nós Corrente ≤1,5 nós 
Calado Proa ≤ 12,3m 
Calado Popa ≤ 14,2m Vento ≤ 15 nós Corrente ≤1,0 nós 
Etapa 2 10x Diurno Calado Proa ≤ 12,3m 
Calado Popa ≤ 14,2m Vento ≤ 20 nós Corrente ≤",,,False
Rio Grande,,,20260930000000,fase0,fase0/riogrande_normativa_259.pdf,14.2,,"s 
Etapa 1 10x Diurno 
Calado Proa ≤ 12,3m 
Calado Popa ≤ 13,2m 
Vento ≤ 20 nós Corrente ≤1,5 nós 
Calado Proa ≤ 12,3m 
Calado Popa ≤ 14,2m Vento ≤ 15 nós Corrente ≤1,0 nós 
Etapa 2 10x Diurno Calado Proa ≤ 12,3m 
Calado Popa ≤ 14,2m Vento ≤ 20 nós Corrente ≤1,5 nós 
Etapa 3 10x",,,False
Rio Grande,,,20260930000000,fase0,fase0/riogrande_normativa_259.pdf,12.3,,"s 
Etapa 1 10x Diurno 
Calado Proa ≤ 12,3m 
Calado Popa ≤ 13,2m 
Vento ≤ 20 nós Corrente ≤1,5 nós 
Calado Proa ≤ 12,3m 
Calado Popa ≤ 14,2m Vento ≤ 15 nós Corrente ≤1,0 nós 
Etapa 2 10x Diurno Calado Proa ≤ 12,3m 
Calado Popa ≤ 14,2m Vento ≤ 20 nós Corrente ≤1,5 nós 
Etapa 3 10x",,,False
Rio Grande,,,20260930000000,fase0,fase0/riogrande_normativa_259.pdf,12.3,,"20 nós Corrente ≤1,5 nós 
Calado Proa ≤ 12,3m 
Calado Popa ≤ 14,2m Vento ≤ 15 nós Corrente ≤1,0 nós 
Etapa 2 10x Diurno Calado Proa ≤ 12,3m 
Calado Popa ≤ 14,2m Vento ≤ 20 nós Corrente ≤1,5 nós 
Etapa 3 10x Diurno Calado Proa ≤ 12,3m 
Calado Popa ≤ 14,2m Vento ≤ 27 nós Corrente ≤",,,False
Rio Grande,,,20260930000000,fase0,fase0/riogrande_normativa_259.pdf,14.2,,"20 nós Corrente ≤1,5 nós 
Calado Proa ≤ 12,3m 
Calado Popa ≤ 14,2m Vento ≤ 15 nós Corrente ≤1,0 nós 
Etapa 2 10x Diurno Calado Proa ≤ 12,3m 
Calado Popa ≤ 14,2m Vento ≤ 20 nós Corrente ≤1,5 nós 
Etapa 3 10x Diurno Calado Proa ≤ 12,3m 
Calado Popa ≤ 14,2m Vento ≤ 27 nós Corrente ≤",,,False
Rio Grande,,,20260930000000,fase0,fase0/riogrande_normativa_259.pdf,14.2,,"nós 
Calado Proa ≤ 12,3m 
Calado Popa ≤ 14,2m Vento ≤ 15 nós Corrente ≤1,0 nós 
Etapa 2 10x Diurno Calado Proa ≤ 12,3m 
Calado Popa ≤ 14,2m Vento ≤ 20 nós Corrente ≤1,5 nós 
Etapa 3 10x Diurno Calado Proa ≤ 12,3m 
Calado Popa ≤ 14,2m Vento ≤ 27 nós Corrente ≤3 nós 
Final  24h Cal",,,False
Rio Grande,,,20260930000000,fase0,fase0/riogrande_normativa_259.pdf,12.3,,"nós 
Calado Proa ≤ 12,3m 
Calado Popa ≤ 14,2m Vento ≤ 15 nós Corrente ≤1,0 nós 
Etapa 2 10x Diurno Calado Proa ≤ 12,3m 
Calado Popa ≤ 14,2m Vento ≤ 20 nós Corrente ≤1,5 nós 
Etapa 3 10x Diurno Calado Proa ≤ 12,3m 
Calado Popa ≤ 14,2m Vento ≤ 27 nós Corrente ≤3 nós 
Final  24h Cal",,,False
Rio Grande,,,20260930000000,fase0,fase0/riogrande_normativa_259.pdf,12.3,,"0 nós 
Etapa 2 10x Diurno Calado Proa ≤ 12,3m 
Calado Popa ≤ 14,2m Vento ≤ 20 nós Corrente ≤1,5 nós 
Etapa 3 10x Diurno Calado Proa ≤ 12,3m 
Calado Popa ≤ 14,2m Vento ≤ 27 nós Corrente ≤3 nós 
Final  24h Calado Proa ≤ 12,3m 
Calado Popa ≤ 14,2m Vento ≤ 27 nós Corrente ≤3 nós",,,False
Rio Grande,,,20260930000000,fase0,fase0/riogrande_normativa_259.pdf,14.2,,"0 nós 
Etapa 2 10x Diurno Calado Proa ≤ 12,3m 
Calado Popa ≤ 14,2m Vento ≤ 20 nós Corrente ≤1,5 nós 
Etapa 3 10x Diurno Calado Proa ≤ 12,3m 
Calado Popa ≤ 14,2m Vento ≤ 27 nós Corrente ≤3 nós 
Final  24h Calado Proa ≤ 12,3m 
Calado Popa ≤ 14,2m Vento ≤ 27 nós Corrente ≤3 nós",,,False
Rio Grande,,,20260930000000,fase0,fase0/riogrande_normativa_259.pdf,14.2,,"urno Calado Proa ≤ 12,3m 
Calado Popa ≤ 14,2m Vento ≤ 20 nós Corrente ≤1,5 nós 
Etapa 3 10x Diurno Calado Proa ≤ 12,3m 
Calado Popa ≤ 14,2m Vento ≤ 27 nós Corrente ≤3 nós 
Final  24h Calado Proa ≤ 12,3m 
Calado Popa ≤ 14,2m Vento ≤ 27 nós Corrente ≤3 nós 
 
 
 
Navio Tipo 4: (Loa",,,False
Rio Grande,,,20260930000000,fase0,fase0/riogrande_normativa_259.pdf,12.3,,"urno Calado Proa ≤ 12,3m 
Calado Popa ≤ 14,2m Vento ≤ 20 nós Corrente ≤1,5 nós 
Etapa 3 10x Diurno Calado Proa ≤ 12,3m 
Calado Popa ≤ 14,2m Vento ≤ 27 nós Corrente ≤3 nós 
Final  24h Calado Proa ≤ 12,3m 
Calado Popa ≤ 14,2m Vento ≤ 27 nós Corrente ≤3 nós 
 
 
 
Navio Tipo 4: (Loa",,,False
Rio Grande,,,20260930000000,fase0,fase0/riogrande_normativa_259.pdf,12.3,,"rrente ≤1,5 nós 
Etapa 3 10x Diurno Calado Proa ≤ 12,3m 
Calado Popa ≤ 14,2m Vento ≤ 27 nós Corrente ≤3 nós 
Final  24h Calado Proa ≤ 12,3m 
Calado Popa ≤ 14,2m Vento ≤ 27 nós Corrente ≤3 nós 
 
 
 
Navio Tipo 4: (Loa até 340m) 
Atual  24h Calado ≤ 11,2m Vento ≤ 27 nós Corrente ≤",,,False
Rio Grande,,,20260930000000,fase0,fase0/riogrande_normativa_259.pdf,14.2,,"rrente ≤1,5 nós 
Etapa 3 10x Diurno Calado Proa ≤ 12,3m 
Calado Popa ≤ 14,2m Vento ≤ 27 nós Corrente ≤3 nós 
Final  24h Calado Proa ≤ 12,3m 
Calado Popa ≤ 14,2m Vento ≤ 27 nós Corrente ≤3 nós 
 
 
 
Navio Tipo 4: (Loa até 340m) 
Atual  24h Calado ≤ 11,2m Vento ≤ 27 nós Corrente ≤",,,False
Rio Grande,,,20260930000000,fase0,fase0/riogrande_normativa_259.pdf,11.2,,"rrente ≤1,5 nós 
Etapa 3 10x Diurno Calado Proa ≤ 12,3m 
Calado Popa ≤ 14,2m Vento ≤ 27 nós Corrente ≤3 nós 
Final  24h Calado Proa ≤ 12,3m 
Calado Popa ≤ 14,2m Vento ≤ 27 nós Corrente ≤3 nós 
 
 
 
Navio Tipo 4: (Loa até 340m) 
Atual  24h Calado ≤ 11,2m Vento ≤ 27 nós Corrente ≤",,,False
Rio Grande,,,20260930000000,fase0,fase0/riogrande_normativa_259.pdf,14.2,,"a 3 10x Diurno Calado Proa ≤ 12,3m 
Calado Popa ≤ 14,2m Vento ≤ 27 nós Corrente ≤3 nós 
Final  24h Calado Proa ≤ 12,3m 
Calado Popa ≤ 14,2m Vento ≤ 27 nós Corrente ≤3 nós 
 
 
 
Navio Tipo 4: (Loa até 340m) 
Atual  24h Calado ≤ 11,2m Vento ≤ 27 nós Corrente ≤3 nós 
Etapa 1 10x Di",,,False
Rio Grande,,,20260930000000,fase0,fase0/riogrande_normativa_259.pdf,11.2,,"a 3 10x Diurno Calado Proa ≤ 12,3m 
Calado Popa ≤ 14,2m Vento ≤ 27 nós Corrente ≤3 nós 
Final  24h Calado Proa ≤ 12,3m 
Calado Popa ≤ 14,2m Vento ≤ 27 nós Corrente ≤3 nós 
 
 
 
Navio Tipo 4: (Loa até 340m) 
Atual  24h Calado ≤ 11,2m Vento ≤ 27 nós Corrente ≤3 nós 
Etapa 1 10x Di",,,False
Rio Grande,,,20260930000000,fase0,fase0/riogrande_normativa_259.pdf,11.2,,"Calado Proa ≤ 12,3m 
Calado Popa ≤ 14,2m Vento ≤ 27 nós Corrente ≤3 nós 
 
 
 
Navio Tipo 4: (Loa até 340m) 
Atual  24h Calado ≤ 11,2m Vento ≤ 27 nós Corrente ≤3 nós 
Etapa 1 10x Diurno Calado Proa ≤ 11,7m 
Calado Popa ≤ 13,2m 
Vento ≤ 20 nós Corrente ≤1,5 nós 
Etapa 2 10x Diurno",,,False
Rio Grande,,,20260930000000,fase0,fase0/riogrande_normativa_259.pdf,11.7,,"Calado Proa ≤ 12,3m 
Calado Popa ≤ 14,2m Vento ≤ 27 nós Corrente ≤3 nós 
 
 
 
Navio Tipo 4: (Loa até 340m) 
Atual  24h Calado ≤ 11,2m Vento ≤ 27 nós Corrente ≤3 nós 
Etapa 1 10x Diurno Calado Proa ≤ 11,7m 
Calado Popa ≤ 13,2m 
Vento ≤ 20 nós Corrente ≤1,5 nós 
Etapa 2 10x Diurno",,,False
Rio Grande,,,20260930000000,fase0,fase0/riogrande_normativa_259.pdf,13.2,,"Calado Proa ≤ 12,3m 
Calado Popa ≤ 14,2m Vento ≤ 27 nós Corrente ≤3 nós 
 
 
 
Navio Tipo 4: (Loa até 340m) 
Atual  24h Calado ≤ 11,2m Vento ≤ 27 nós Corrente ≤3 nós 
Etapa 1 10x Diurno Calado Proa ≤ 11,7m 
Calado Popa ≤ 13,2m 
Vento ≤ 20 nós Corrente ≤1,5 nós 
Etapa 2 10x Diurno",,,False
Rio Grande,,,20260930000000,fase0,fase0/riogrande_normativa_259.pdf,11.7,,"3 nós 
 
 
 
Navio Tipo 4: (Loa até 340m) 
Atual  24h Calado ≤ 11,2m Vento ≤ 27 nós Corrente ≤3 nós 
Etapa 1 10x Diurno Calado Proa ≤ 11,7m 
Calado Popa ≤ 13,2m 
Vento ≤ 20 nós Corrente ≤1,5 nós 
Etapa 2 10x Diurno Calado Proa ≤ 11,7m 
Calado Popa ≤ 14,2m Vento ≤ 20 nós Corrente",,,False
Rio Grande,,,20260930000000,fase0,fase0/riogrande_normativa_259.pdf,13.2,,"3 nós 
 
 
 
Navio Tipo 4: (Loa até 340m) 
Atual  24h Calado ≤ 11,2m Vento ≤ 27 nós Corrente ≤3 nós 
Etapa 1 10x Diurno Calado Proa ≤ 11,7m 
Calado Popa ≤ 13,2m 
Vento ≤ 20 nós Corrente ≤1,5 nós 
Etapa 2 10x Diurno Calado Proa ≤ 11,7m 
Calado Popa ≤ 14,2m Vento ≤ 20 nós Corrente",,,False
Rio Grande,,,20260930000000,fase0,fase0/riogrande_normativa_259.pdf,14.2,,"3 nós 
 
 
 
Navio Tipo 4: (Loa até 340m) 
Atual  24h Calado ≤ 11,2m Vento ≤ 27 nós Corrente ≤3 nós 
Etapa 1 10x Diurno Calado Proa ≤ 11,7m 
Calado Popa ≤ 13,2m 
Vento ≤ 20 nós Corrente ≤1,5 nós 
Etapa 2 10x Diurno Calado Proa ≤ 11,7m 
Calado Popa ≤ 14,2m Vento ≤ 20 nós Corrente",,,False
Rio Grande,,,20260930000000,fase0,fase0/riogrande_normativa_259.pdf,13.2,,"po 4: (Loa até 340m) 
Atual  24h Calado ≤ 11,2m Vento ≤ 27 nós Corrente ≤3 nós 
Etapa 1 10x Diurno Calado Proa ≤ 11,7m 
Calado Popa ≤ 13,2m 
Vento ≤ 20 nós Corrente ≤1,5 nós 
Etapa 2 10x Diurno Calado Proa ≤ 11,7m 
Calado Popa ≤ 14,2m Vento ≤ 20 nós Corrente ≤1,5 nós 
Etapa 3 10x",,,False
Rio Grande,,,20260930000000,fase0,fase0/riogrande_normativa_259.pdf,11.7,,"po 4: (Loa até 340m) 
Atual  24h Calado ≤ 11,2m Vento ≤ 27 nós Corrente ≤3 nós 
Etapa 1 10x Diurno Calado Proa ≤ 11,7m 
Calado Popa ≤ 13,2m 
Vento ≤ 20 nós Corrente ≤1,5 nós 
Etapa 2 10x Diurno Calado Proa ≤ 11,7m 
Calado Popa ≤ 14,2m Vento ≤ 20 nós Corrente ≤1,5 nós 
Etapa 3 10x",,,False
Rio Grande,,,20260930000000,fase0,fase0/riogrande_normativa_259.pdf,14.2,,"po 4: (Loa até 340m) 
Atual  24h Calado ≤ 11,2m Vento ≤ 27 nós Corrente ≤3 nós 
Etapa 1 10x Diurno Calado Proa ≤ 11,7m 
Calado Popa ≤ 13,2m 
Vento ≤ 20 nós Corrente ≤1,5 nós 
Etapa 2 10x Diurno Calado Proa ≤ 11,7m 
Calado Popa ≤ 14,2m Vento ≤ 20 nós Corrente ≤1,5 nós 
Etapa 3 10x",,,False
Rio Grande,,,20260930000000,fase0,fase0/riogrande_normativa_259.pdf,11.7,,"nós 
Etapa 1 10x Diurno Calado Proa ≤ 11,7m 
Calado Popa ≤ 13,2m 
Vento ≤ 20 nós Corrente ≤1,5 nós 
Etapa 2 10x Diurno Calado Proa ≤ 11,7m 
Calado Popa ≤ 14,2m Vento ≤ 20 nós Corrente ≤1,5 nós 
Etapa 3 10x Diurno Calado Proa ≤ 11,7m 
Calado Popa ≤ 14,2m Vento ≤ 27 nós Corrente ≤",,,False
Rio Grande,,,20260930000000,fase0,fase0/riogrande_normativa_259.pdf,14.2,,"nós 
Etapa 1 10x Diurno Calado Proa ≤ 11,7m 
Calado Popa ≤ 13,2m 
Vento ≤ 20 nós Corrente ≤1,5 nós 
Etapa 2 10x Diurno Calado Proa ≤ 11,7m 
Calado Popa ≤ 14,2m Vento ≤ 20 nós Corrente ≤1,5 nós 
Etapa 3 10x Diurno Calado Proa ≤ 11,7m 
Calado Popa ≤ 14,2m Vento ≤ 27 nós Corrente ≤",,,False
Rio Grande,,,20260930000000,fase0,fase0/riogrande_normativa_259.pdf,14.2,,"rno Calado Proa ≤ 11,7m 
Calado Popa ≤ 13,2m 
Vento ≤ 20 nós Corrente ≤1,5 nós 
Etapa 2 10x Diurno Calado Proa ≤ 11,7m 
Calado Popa ≤ 14,2m Vento ≤ 20 nós Corrente ≤1,5 nós 
Etapa 3 10x Diurno Calado Proa ≤ 11,7m 
Calado Popa ≤ 14,2m Vento ≤ 27 nós Corrente ≤ 2 nós 
Final  24h Ca",,,False
Rio Grande,,,20260930000000,fase0,fase0/riogrande_normativa_259.pdf,11.7,,"rno Calado Proa ≤ 11,7m 
Calado Popa ≤ 13,2m 
Vento ≤ 20 nós Corrente ≤1,5 nós 
Etapa 2 10x Diurno Calado Proa ≤ 11,7m 
Calado Popa ≤ 14,2m Vento ≤ 20 nós Corrente ≤1,5 nós 
Etapa 3 10x Diurno Calado Proa ≤ 11,7m 
Calado Popa ≤ 14,2m Vento ≤ 27 nós Corrente ≤ 2 nós 
Final  24h Ca",,,False
Rio Grande,,,20260930000000,fase0,fase0/riogrande_normativa_259.pdf,11.7,,"5 nós 
Etapa 2 10x Diurno Calado Proa ≤ 11,7m 
Calado Popa ≤ 14,2m Vento ≤ 20 nós Corrente ≤1,5 nós 
Etapa 3 10x Diurno Calado Proa ≤ 11,7m 
Calado Popa ≤ 14,2m Vento ≤ 27 nós Corrente ≤ 2 nós 
Final  24h Calado Proa ≤ 11,7m 
Calado Popa ≤ 14,2m Vento ≤ 27 nós Corrente ≤ 2 nós",,,False
Rio Grande,,,20260930000000,fase0,fase0/riogrande_normativa_259.pdf,14.2,,"5 nós 
Etapa 2 10x Diurno Calado Proa ≤ 11,7m 
Calado Popa ≤ 14,2m Vento ≤ 20 nós Corrente ≤1,5 nós 
Etapa 3 10x Diurno Calado Proa ≤ 11,7m 
Calado Popa ≤ 14,2m Vento ≤ 27 nós Corrente ≤ 2 nós 
Final  24h Calado Proa ≤ 11,7m 
Calado Popa ≤ 14,2m Vento ≤ 27 nós Corrente ≤ 2 nós",,,False
Rio Grande,,,20260930000000,fase0,fase0/riogrande_normativa_259.pdf,14.2,,"urno Calado Proa ≤ 11,7m 
Calado Popa ≤ 14,2m Vento ≤ 20 nós Corrente ≤1,5 nós 
Etapa 3 10x Diurno Calado Proa ≤ 11,7m 
Calado Popa ≤ 14,2m Vento ≤ 27 nós Corrente ≤ 2 nós 
Final  24h Calado Proa ≤ 11,7m 
Calado Popa ≤ 14,2m Vento ≤ 27 nós Corrente ≤ 2 nós",,,False
Rio Grande,,,20260930000000,fase0,fase0/riogrande_normativa_259.pdf,11.7,,"urno Calado Proa ≤ 11,7m 
Calado Popa ≤ 14,2m Vento ≤ 20 nós Corrente ≤1,5 nós 
Etapa 3 10x Diurno Calado Proa ≤ 11,7m 
Calado Popa ≤ 14,2m Vento ≤ 27 nós Corrente ≤ 2 nós 
Final  24h Calado Proa ≤ 11,7m 
Calado Popa ≤ 14,2m Vento ≤ 27 nós Corrente ≤ 2 nós",,,False
Rio Grande,,,20260930000000,fase0,fase0/riogrande_normativa_259.pdf,11.7,,"rente ≤1,5 nós 
Etapa 3 10x Diurno Calado Proa ≤ 11,7m 
Calado Popa ≤ 14,2m Vento ≤ 27 nós Corrente ≤ 2 nós 
Final  24h Calado Proa ≤ 11,7m 
Calado Popa ≤ 14,2m Vento ≤ 27 nós Corrente ≤ 2 nós 
 
 
 
 
 
 
 
 
 
 
 
 
 
 
 
 
 
 
 
 
 
 
 
 
 
 
 
 
 
 
 
 
 
 
 
 
 
INFORMAÇÕES",,,False
Rio Grande,,,20260930000000,fase0,fase0/riogrande_normativa_259.pdf,14.2,,"rente ≤1,5 nós 
Etapa 3 10x Diurno Calado Proa ≤ 11,7m 
Calado Popa ≤ 14,2m Vento ≤ 27 nós Corrente ≤ 2 nós 
Final  24h Calado Proa ≤ 11,7m 
Calado Popa ≤ 14,2m Vento ≤ 27 nós Corrente ≤ 2 nós 
 
 
 
 
 
 
 
 
 
 
 
 
 
 
 
 
 
 
 
 
 
 
 
 
 
 
 
 
 
 
 
 
 
 
 
 
 
INFORMAÇÕES",,,False
Rio Grande,,,20260930000000,fase0,fase0/riogrande_normativa_259.pdf,14.2,,"3 10x Diurno Calado Proa ≤ 11,7m 
Calado Popa ≤ 14,2m Vento ≤ 27 nós Corrente ≤ 2 nós 
Final  24h Calado Proa ≤ 11,7m 
Calado Popa ≤ 14,2m Vento ≤ 27 nós Corrente ≤ 2 nós 
 
 
 
 
 
 
 
 
 
 
 
 
 
 
 
 
 
 
 
 
 
 
 
 
 
 
 
 
 
 
 
 
 
 
 
 
 
INFORMAÇÕES DE CONTROLE 
 
Título",,,False
Rio Grande,,,20260930000000,fase0,fase0/riogrande_normativa_259.pdf,12.19,,"da 7ª Revisão 7 de julho de 2025 
Data da 8ª Revisão 9 de fevereiro de 2026 
 
Modificações Realizadas: 
 
Alteração de calado do Terminal YARA BRASIL FERTILIZANTES S/A – Cais SUL: de 12,19m para 
12,69m. 
Alteração de calado do Terminal YARA BRASIL FERTILIZANTES S/A – Cais NORTE",,,False
Rio Grande,,,20260930000000,fase0,fase0/riogrande_normativa_259.pdf,12.69,,"da 7ª Revisão 7 de julho de 2025 
Data da 8ª Revisão 9 de fevereiro de 2026 
 
Modificações Realizadas: 
 
Alteração de calado do Terminal YARA BRASIL FERTILIZANTES S/A – Cais SUL: de 12,19m para 
12,69m. 
Alteração de calado do Terminal YARA BRASIL FERTILIZANTES S/A – Cais NORTE",,,False
Rio Grande,,,20260930000000,fase0,fase0/riogrande_normativa_259.pdf,11.47,,"das: 
 
Alteração de calado do Terminal YARA BRASIL FERTILIZANTES S/A – Cais SUL: de 12,19m para 
12,69m. 
Alteração de calado do Terminal YARA BRASIL FERTILIZANTES S/A – Cais NORTE: de 10m para 11,47m. 
 
MUDANÇA NO TEXTO ÁREA DELTA: 
Adequação do texto para atendimento da PORTA",,,False
