berco_aps,instalacao,trecho_impresso,trecho_situado,trechos_percorridos,trecho_adicional_fora_tabela_aps,captura_ts,arquivo,metodo,regra
ARM FRIGº,Santos (Porto Organizado),"Trecho III 13,50/14,50",III,"I,II,III",,20220815190641,wayback/calados_operacionais_2021/20220815190641.html,impresso_tabela_aps,APS: 'os calados nos berços ficam limitados ao calado máximo do trecho do canal no qual estão situados'; ordem dos trechos pela descrição impressa (Barra->Entreposto->Torre Grande->Armazém 06->Alamoa->final do trecho IV)
ARM 29/30,Santos (Porto Organizado),"Trecho II 13,50/14,50",II,"I,II",,20220815190641,wayback/calados_operacionais_2021/20220815190641.html,impresso_tabela_aps,APS: 'os calados nos berços ficam limitados ao calado máximo do trecho do canal no qual estão situados'; ordem dos trechos pela descrição impressa (Barra->Entreposto->Torre Grande->Armazém 06->Alamoa->final do trecho IV)
ARM 31/32,Santos (Porto Organizado),"Trecho II 13,50/14,50",II,"I,II",,20220815190641,wayback/calados_operacionais_2021/20220815190641.html,impresso_tabela_aps,APS: 'os calados nos berços ficam limitados ao calado máximo do trecho do canal no qual estão situados'; ordem dos trechos pela descrição impressa (Barra->Entreposto->Torre Grande->Armazém 06->Alamoa->final do trecho IV)
ARM 33/34,Santos (Porto Organizado),"Trecho II 13,50/14,50",II,"I,II",,20220815190641,wayback/calados_operacionais_2021/20220815190641.html,impresso_tabela_aps,APS: 'os calados nos berços ficam limitados ao calado máximo do trecho do canal no qual estão situados'; ordem dos trechos pela descrição impressa (Barra->Entreposto->Torre Grande->Armazém 06->Alamoa->final do trecho IV)
ARM 35P1 (Arm34+35),Santos (Porto Organizado),"Trecho II 13,50/14,50",II,"I,II",,20220815190641,wayback/calados_operacionais_2021/20220815190641.html,impresso_tabela_aps,APS: 'os calados nos berços ficam limitados ao calado máximo do trecho do canal no qual estão situados'; ordem dos trechos pela descrição impressa (Barra->Entreposto->Torre Grande->Armazém 06->Alamoa->final do trecho IV)
ARM 35P2 (35.1+35.2),Santos (Porto Organizado),"Trecho II 13,50/14,50",II,"I,II",,20220815190641,wayback/calados_operacionais_2021/20220815190641.html,impresso_tabela_aps,APS: 'os calados nos berços ficam limitados ao calado máximo do trecho do canal no qual estão situados'; ordem dos trechos pela descrição impressa (Barra->Entreposto->Torre Grande->Armazém 06->Alamoa->final do trecho IV)
TECON 1,Santos (Porto Organizado),"Trecho II 13,50/14,50",II,"I,II",,20231204100812,wayback/calados_operacionais_2021/20231204100812.html,impresso_tabela_aps,APS: 'os calados nos berços ficam limitados ao calado máximo do trecho do canal no qual estão situados'; ordem dos trechos pela descrição impressa (Barra->Entreposto->Torre Grande->Armazém 06->Alamoa->final do trecho IV)
TEV 2,Santos (Porto Organizado),"Trecho II 13,50/14,50",II,"I,II",,20231204100812,wayback/calados_operacionais_2021/20231204100812.html,impresso_tabela_aps,APS: 'os calados nos berços ficam limitados ao calado máximo do trecho do canal no qual estão situados'; ordem dos trechos pela descrição impressa (Barra->Entreposto->Torre Grande->Armazém 06->Alamoa->final do trecho IV)
AGEO SP,Santos (Porto Organizado),"Trecho IV 13,50/14,50",IV,"I,II,III,IV",,20251205213245,wayback/calados_operacionais_2021/20251205213245.html,impresso_tabela_aps,APS: 'os calados nos berços ficam limitados ao calado máximo do trecho do canal no qual estão situados'; ordem dos trechos pela descrição impressa (Barra->Entreposto->Torre Grande->Armazém 06->Alamoa->final do trecho IV)
AL 01,Santos (Porto Organizado),"Trecho IV 13,20/14,20",IV-B,"I,II,III,IV,IV-B",,20261002000000,atual/20261002_calados_operacionais.html,impresso_tabela_aps,APS: 'os calados nos berços ficam limitados ao calado máximo do trecho do canal no qual estão situados'; ordem dos trechos pela descrição impressa (Barra->Entreposto->Torre Grande->Armazém 06->Alamoa->final do trecho IV)
AL 02,Santos (Porto Organizado),"Trecho IV 13,20/14,20",IV-B,"I,II,III,IV,IV-B",,20261002000000,atual/20261002_calados_operacionais.html,impresso_tabela_aps,APS: 'os calados nos berços ficam limitados ao calado máximo do trecho do canal no qual estão situados'; ordem dos trechos pela descrição impressa (Barra->Entreposto->Torre Grande->Armazém 06->Alamoa->final do trecho IV)
AL 03,Santos (Porto Organizado),"Trecho IV 13,20/14,20",IV-B,"I,II,III,IV,IV-B",,20261002000000,atual/20261002_calados_operacionais.html,impresso_tabela_aps,APS: 'os calados nos berços ficam limitados ao calado máximo do trecho do canal no qual estão situados'; ordem dos trechos pela descrição impressa (Barra->Entreposto->Torre Grande->Armazém 06->Alamoa->final do trecho IV)
AL 04,Santos (Porto Organizado),"Trecho IV 13,20/14,20",IV-B,"I,II,III,IV,IV-B",,20261002000000,atual/20261002_calados_operacionais.html,impresso_tabela_aps,APS: 'os calados nos berços ficam limitados ao calado máximo do trecho do canal no qual estão situados'; ordem dos trechos pela descrição impressa (Barra->Entreposto->Torre Grande->Armazém 06->Alamoa->final do trecho IV)
BTP 01,Santos (Porto Organizado),"Trecho IV 13,50/14,50",IV,"I,II,III,IV",,20261002000000,atual/20261002_calados_operacionais.html,impresso_tabela_aps,APS: 'os calados nos berços ficam limitados ao calado máximo do trecho do canal no qual estão situados'; ordem dos trechos pela descrição impressa (Barra->Entreposto->Torre Grande->Armazém 06->Alamoa->final do trecho IV)
BTP 02,Santos (Porto Organizado),"Trecho IV 13,50/14,50",IV,"I,II,III,IV",,20261002000000,atual/20261002_calados_operacionais.html,impresso_tabela_aps,APS: 'os calados nos berços ficam limitados ao calado máximo do trecho do canal no qual estão situados'; ordem dos trechos pela descrição impressa (Barra->Entreposto->Torre Grande->Armazém 06->Alamoa->final do trecho IV)
BTP 03,Santos (Porto Organizado),"Trecho IV 13,50/14,50",IV,"I,II,III,IV",,20261002000000,atual/20261002_calados_operacionais.html,impresso_tabela_aps,APS: 'os calados nos berços ficam limitados ao calado máximo do trecho do canal no qual estão situados'; ordem dos trechos pela descrição impressa (Barra->Entreposto->Torre Grande->Armazém 06->Alamoa->final do trecho IV)
IB OE,Santos (Porto Organizado),"Trecho IV 13,50/14,50",IV,"I,II,III,IV",,20261002000000,atual/20261002_calados_operacionais.html,impresso_tabela_aps,APS: 'os calados nos berços ficam limitados ao calado máximo do trecho do canal no qual estão situados'; ordem dos trechos pela descrição impressa (Barra->Entreposto->Torre Grande->Armazém 06->Alamoa->final do trecho IV)
AGEO 01,Santos (Porto Organizado),"Trecho IV 13,50/14,50",IV,"I,II,III,IV",,20261002000000,atual/20261002_calados_operacionais.html,impresso_tabela_aps,APS: 'os calados nos berços ficam limitados ao calado máximo do trecho do canal no qual estão situados'; ordem dos trechos pela descrição impressa (Barra->Entreposto->Torre Grande->Armazém 06->Alamoa->final do trecho IV)
IB SP,Santos (Porto Organizado),"Trecho IV 13,50/14,50",IV,"I,II,III,IV",,20261002000000,atual/20261002_calados_operacionais.html,impresso_tabela_aps,APS: 'os calados nos berços ficam limitados ao calado máximo do trecho do canal no qual estão situados'; ordem dos trechos pela descrição impressa (Barra->Entreposto->Torre Grande->Armazém 06->Alamoa->final do trecho IV)
IB BC,Santos (Porto Organizado),"Trecho IV 13,50/14,50",IV,"I,II,III,IV",,20261002000000,atual/20261002_calados_operacionais.html,impresso_tabela_aps,APS: 'os calados nos berços ficam limitados ao calado máximo do trecho do canal no qual estão situados'; ordem dos trechos pela descrição impressa (Barra->Entreposto->Torre Grande->Armazém 06->Alamoa->final do trecho IV)
CS 01,Santos (Porto Organizado),"Trecho IV 13,50/14,50",IV,"I,II,III,IV",,20261002000000,atual/20261002_calados_operacionais.html,impresso_tabela_aps,APS: 'os calados nos berços ficam limitados ao calado máximo do trecho do canal no qual estão situados'; ordem dos trechos pela descrição impressa (Barra->Entreposto->Torre Grande->Armazém 06->Alamoa->final do trecho IV)
CS 02,Santos (Porto Organizado),"Trecho IV 13,50/14,50",IV,"I,II,III,IV",,20261002000000,atual/20261002_calados_operacionais.html,impresso_tabela_aps,APS: 'os calados nos berços ficam limitados ao calado máximo do trecho do canal no qual estão situados'; ordem dos trechos pela descrição impressa (Barra->Entreposto->Torre Grande->Armazém 06->Alamoa->final do trecho IV)
CS 03,Santos (Porto Organizado),"Trecho IV 13,50/14,50",IV,"I,II,III,IV",,20261002000000,atual/20261002_calados_operacionais.html,impresso_tabela_aps,APS: 'os calados nos berços ficam limitados ao calado máximo do trecho do canal no qual estão situados'; ordem dos trechos pela descrição impressa (Barra->Entreposto->Torre Grande->Armazém 06->Alamoa->final do trecho IV)
CS 04,Santos (Porto Organizado),"Trecho IV 13,50/14,50",IV,"I,II,III,IV",,20261002000000,atual/20261002_calados_operacionais.html,impresso_tabela_aps,APS: 'os calados nos berços ficam limitados ao calado máximo do trecho do canal no qual estão situados'; ordem dos trechos pela descrição impressa (Barra->Entreposto->Torre Grande->Armazém 06->Alamoa->final do trecho IV)
CORTE,Santos (Porto Organizado),"Trecho IV 13,50/14,50",IV,"I,II,III,IV",,20261002000000,atual/20261002_calados_operacionais.html,impresso_tabela_aps,APS: 'os calados nos berços ficam limitados ao calado máximo do trecho do canal no qual estão situados'; ordem dos trechos pela descrição impressa (Barra->Entreposto->Torre Grande->Armazém 06->Alamoa->final do trecho IV)
VALONGO,Santos (Porto Organizado),"Trecho IV 13,50/14,50",IV,"I,II,III,IV",,20261002000000,atual/20261002_calados_operacionais.html,impresso_tabela_aps,APS: 'os calados nos berços ficam limitados ao calado máximo do trecho do canal no qual estão situados'; ordem dos trechos pela descrição impressa (Barra->Entreposto->Torre Grande->Armazém 06->Alamoa->final do trecho IV)
ARM 12,Santos (Porto Organizado),"Trecho III 13,50/14,50",III,"I,II,III",,20261002000000,atual/20261002_calados_operacionais.html,impresso_tabela_aps,APS: 'os calados nos berços ficam limitados ao calado máximo do trecho do canal no qual estão situados'; ordem dos trechos pela descrição impressa (Barra->Entreposto->Torre Grande->Armazém 06->Alamoa->final do trecho IV)
ARM 12-A,Santos (Porto Organizado),"Trecho III 13,50/14,50",III,"I,II,III",,20261002000000,atual/20261002_calados_operacionais.html,impresso_tabela_aps,APS: 'os calados nos berços ficam limitados ao calado máximo do trecho do canal no qual estão situados'; ordem dos trechos pela descrição impressa (Barra->Entreposto->Torre Grande->Armazém 06->Alamoa->final do trecho IV)
ARM 13/14,Santos (Porto Organizado),"Trecho III 13,50/14,50",III,"I,II,III",,20261002000000,atual/20261002_calados_operacionais.html,impresso_tabela_aps,APS: 'os calados nos berços ficam limitados ao calado máximo do trecho do canal no qual estão situados'; ordem dos trechos pela descrição impressa (Barra->Entreposto->Torre Grande->Armazém 06->Alamoa->final do trecho IV)
ARM 15,Santos (Porto Organizado),"Trecho III 13,50/14,50",III,"I,II,III",,20261002000000,atual/20261002_calados_operacionais.html,impresso_tabela_aps,APS: 'os calados nos berços ficam limitados ao calado máximo do trecho do canal no qual estão situados'; ordem dos trechos pela descrição impressa (Barra->Entreposto->Torre Grande->Armazém 06->Alamoa->final do trecho IV)
ARM 16/17,Santos (Porto Organizado),"Trecho III 13,50/14,50",III,"I,II,III",,20261002000000,atual/20261002_calados_operacionais.html,impresso_tabela_aps,APS: 'os calados nos berços ficam limitados ao calado máximo do trecho do canal no qual estão situados'; ordem dos trechos pela descrição impressa (Barra->Entreposto->Torre Grande->Armazém 06->Alamoa->final do trecho IV)
ARM 19,Santos (Porto Organizado),"Trecho III 13,50/14,50",III,"I,II,III",,20261002000000,atual/20261002_calados_operacionais.html,impresso_tabela_aps,APS: 'os calados nos berços ficam limitados ao calado máximo do trecho do canal no qual estão situados'; ordem dos trechos pela descrição impressa (Barra->Entreposto->Torre Grande->Armazém 06->Alamoa->final do trecho IV)
ARM 20/21,Santos (Porto Organizado),"Trecho III 13,50/14,50",III,"I,II,III",,20261002000000,atual/20261002_calados_operacionais.html,impresso_tabela_aps,APS: 'os calados nos berços ficam limitados ao calado máximo do trecho do canal no qual estão situados'; ordem dos trechos pela descrição impressa (Barra->Entreposto->Torre Grande->Armazém 06->Alamoa->final do trecho IV)
ARM 22/23,Santos (Porto Organizado),"Trecho III 13,50/14,50",III,"I,II,III",,20261002000000,atual/20261002_calados_operacionais.html,impresso_tabela_aps,APS: 'os calados nos berços ficam limitados ao calado máximo do trecho do canal no qual estão situados'; ordem dos trechos pela descrição impressa (Barra->Entreposto->Torre Grande->Armazém 06->Alamoa->final do trecho IV)
CURVA 23,Santos (Porto Organizado),"Trecho III 13,50/14,50",III,"I,II,III",,20261002000000,atual/20261002_calados_operacionais.html,impresso_tabela_aps,APS: 'os calados nos berços ficam limitados ao calado máximo do trecho do canal no qual estão situados'; ordem dos trechos pela descrição impressa (Barra->Entreposto->Torre Grande->Armazém 06->Alamoa->final do trecho IV)
ARM 25,Santos (Porto Organizado),"Trecho III 13,50/14,50",III,"I,II,III",,20261002000000,atual/20261002_calados_operacionais.html,impresso_tabela_aps,APS: 'os calados nos berços ficam limitados ao calado máximo do trecho do canal no qual estão situados'; ordem dos trechos pela descrição impressa (Barra->Entreposto->Torre Grande->Armazém 06->Alamoa->final do trecho IV)
OUTEIRINHOS 03,Santos (Porto Organizado),"Trecho II 13,50/14,50",II,"I,II",,20261002000000,atual/20261002_calados_operacionais.html,impresso_tabela_aps,APS: 'os calados nos berços ficam limitados ao calado máximo do trecho do canal no qual estão situados'; ordem dos trechos pela descrição impressa (Barra->Entreposto->Torre Grande->Armazém 06->Alamoa->final do trecho IV)
OUTEIRINHOS 02(MB),Santos (Porto Organizado),"Trecho II 13,50/14,50",II,"I,II",,20261002000000,atual/20261002_calados_operacionais.html,impresso_tabela_aps,APS: 'os calados nos berços ficam limitados ao calado máximo do trecho do canal no qual estão situados'; ordem dos trechos pela descrição impressa (Barra->Entreposto->Torre Grande->Armazém 06->Alamoa->final do trecho IV)
OUTEIRINHOS 01(MB),Santos (Porto Organizado),"Trecho II 13,50/14,50",II,"I,II",,20261002000000,atual/20261002_calados_operacionais.html,impresso_tabela_aps,APS: 'os calados nos berços ficam limitados ao calado máximo do trecho do canal no qual estão situados'; ordem dos trechos pela descrição impressa (Barra->Entreposto->Torre Grande->Armazém 06->Alamoa->final do trecho IV)
ARM 29,Santos (Porto Organizado),"Trecho II 13,50/14,50",II,"I,II",,20261002000000,atual/20261002_calados_operacionais.html,impresso_tabela_aps,APS: 'os calados nos berços ficam limitados ao calado máximo do trecho do canal no qual estão situados'; ordem dos trechos pela descrição impressa (Barra->Entreposto->Torre Grande->Armazém 06->Alamoa->final do trecho IV)
ARM 30,Santos (Porto Organizado),"Trecho II 13,50/14,50",II,"I,II",,20261002000000,atual/20261002_calados_operacionais.html,impresso_tabela_aps,APS: 'os calados nos berços ficam limitados ao calado máximo do trecho do canal no qual estão situados'; ordem dos trechos pela descrição impressa (Barra->Entreposto->Torre Grande->Armazém 06->Alamoa->final do trecho IV)
ARM 31,Santos (Porto Organizado),"Trecho II 13,50/14,50",II,"I,II",,20261002000000,atual/20261002_calados_operacionais.html,impresso_tabela_aps,APS: 'os calados nos berços ficam limitados ao calado máximo do trecho do canal no qual estão situados'; ordem dos trechos pela descrição impressa (Barra->Entreposto->Torre Grande->Armazém 06->Alamoa->final do trecho IV)
ARM 32,Santos (Porto Organizado),"Trecho II 13,50/14,50",II,"I,II",,20261002000000,atual/20261002_calados_operacionais.html,impresso_tabela_aps,APS: 'os calados nos berços ficam limitados ao calado máximo do trecho do canal no qual estão situados'; ordem dos trechos pela descrição impressa (Barra->Entreposto->Torre Grande->Armazém 06->Alamoa->final do trecho IV)
ARM 33,Santos (Porto Organizado),"Trecho II 13,50/14,50",II,"I,II",,20261002000000,atual/20261002_calados_operacionais.html,impresso_tabela_aps,APS: 'os calados nos berços ficam limitados ao calado máximo do trecho do canal no qual estão situados'; ordem dos trechos pela descrição impressa (Barra->Entreposto->Torre Grande->Armazém 06->Alamoa->final do trecho IV)
ARM 34,Santos (Porto Organizado),"Trecho II 13,50/14,50",II,"I,II",,20261002000000,atual/20261002_calados_operacionais.html,impresso_tabela_aps,APS: 'os calados nos berços ficam limitados ao calado máximo do trecho do canal no qual estão situados'; ordem dos trechos pela descrição impressa (Barra->Entreposto->Torre Grande->Armazém 06->Alamoa->final do trecho IV)
ARM 35.1,Santos (Porto Organizado),"Trecho II 13,50/14,50",II,"I,II",,20261002000000,atual/20261002_calados_operacionais.html,impresso_tabela_aps,APS: 'os calados nos berços ficam limitados ao calado máximo do trecho do canal no qual estão situados'; ordem dos trechos pela descrição impressa (Barra->Entreposto->Torre Grande->Armazém 06->Alamoa->final do trecho IV)
ARM 35.2,Santos (Porto Organizado),"Trecho II 13,50/14,50",II,"I,II",,20261002000000,atual/20261002_calados_operacionais.html,impresso_tabela_aps,APS: 'os calados nos berços ficam limitados ao calado máximo do trecho do canal no qual estão situados'; ordem dos trechos pela descrição impressa (Barra->Entreposto->Torre Grande->Armazém 06->Alamoa->final do trecho IV)
37 Pto 1 e 2,Santos (Porto Organizado),"Trecho II 13,50/14,50",II,"I,II",,20261002000000,atual/20261002_calados_operacionais.html,impresso_tabela_aps,APS: 'os calados nos berços ficam limitados ao calado máximo do trecho do canal no qual estão situados'; ordem dos trechos pela descrição impressa (Barra->Entreposto->Torre Grande->Armazém 06->Alamoa->final do trecho IV)
ARM 38,Santos (Porto Organizado),"Trecho II 13,50/14,50",II,"I,II",,20261002000000,atual/20261002_calados_operacionais.html,impresso_tabela_aps,APS: 'os calados nos berços ficam limitados ao calado máximo do trecho do canal no qual estão situados'; ordem dos trechos pela descrição impressa (Barra->Entreposto->Torre Grande->Armazém 06->Alamoa->final do trecho IV)
ARM 39,Santos (Porto Organizado),"Trecho II 13,50/14,50",II,"I,II",,20261002000000,atual/20261002_calados_operacionais.html,impresso_tabela_aps,APS: 'os calados nos berços ficam limitados ao calado máximo do trecho do canal no qual estão situados'; ordem dos trechos pela descrição impressa (Barra->Entreposto->Torre Grande->Armazém 06->Alamoa->final do trecho IV)
TEAG,Santos (Porto Organizado),"Trecho II 13,50/14,50",II,"I,II",,20261002000000,atual/20261002_calados_operacionais.html,impresso_tabela_aps,APS: 'os calados nos berços ficam limitados ao calado máximo do trecho do canal no qual estão situados'; ordem dos trechos pela descrição impressa (Barra->Entreposto->Torre Grande->Armazém 06->Alamoa->final do trecho IV)
TEG,Santos (Porto Organizado),"Trecho II 13,50/14,50",II,"I,II",,20261002000000,atual/20261002_calados_operacionais.html,impresso_tabela_aps,APS: 'os calados nos berços ficam limitados ao calado máximo do trecho do canal no qual estão situados'; ordem dos trechos pela descrição impressa (Barra->Entreposto->Torre Grande->Armazém 06->Alamoa->final do trecho IV)
TERMAG,Santos (Porto Organizado),"Trecho II 13,50/14,50",II,"I,II",,20261002000000,atual/20261002_calados_operacionais.html,impresso_tabela_aps,APS: 'os calados nos berços ficam limitados ao calado máximo do trecho do canal no qual estão situados'; ordem dos trechos pela descrição impressa (Barra->Entreposto->Torre Grande->Armazém 06->Alamoa->final do trecho IV)
TGG,Santos (Porto Organizado),"Trecho II 13,50/14,50",II,"I,II",,20261002000000,atual/20261002_calados_operacionais.html,impresso_tabela_aps,APS: 'os calados nos berços ficam limitados ao calado máximo do trecho do canal no qual estão situados'; ordem dos trechos pela descrição impressa (Barra->Entreposto->Torre Grande->Armazém 06->Alamoa->final do trecho IV)
TECON 3,Santos (Porto Organizado),"Trecho II 13,50/14,50",II,"I,II",,20261002000000,atual/20261002_calados_operacionais.html,impresso_tabela_aps,APS: 'os calados nos berços ficam limitados ao calado máximo do trecho do canal no qual estão situados'; ordem dos trechos pela descrição impressa (Barra->Entreposto->Torre Grande->Armazém 06->Alamoa->final do trecho IV)
TECON 2,Santos (Porto Organizado),"Trecho II 13,50/14,50",II,"I,II",,20261002000000,atual/20261002_calados_operacionais.html,impresso_tabela_aps,APS: 'os calados nos berços ficam limitados ao calado máximo do trecho do canal no qual estão situados'; ordem dos trechos pela descrição impressa (Barra->Entreposto->Torre Grande->Armazém 06->Alamoa->final do trecho IV)
TECON 1.2,Santos (Porto Organizado),"Trecho II 13,50/14,50",II,"I,II",,20261002000000,atual/20261002_calados_operacionais.html,impresso_tabela_aps,APS: 'os calados nos berços ficam limitados ao calado máximo do trecho do canal no qual estão situados'; ordem dos trechos pela descrição impressa (Barra->Entreposto->Torre Grande->Armazém 06->Alamoa->final do trecho IV)
TECON 1.1,Santos (Porto Organizado),"Trecho II 13,50/14,50",II,"I,II",,20261002000000,atual/20261002_calados_operacionais.html,impresso_tabela_aps,APS: 'os calados nos berços ficam limitados ao calado máximo do trecho do canal no qual estão situados'; ordem dos trechos pela descrição impressa (Barra->Entreposto->Torre Grande->Armazém 06->Alamoa->final do trecho IV)
TEV,Santos (Porto Organizado),"Trecho II 13,50/14,50",II,"I,II",,20261002000000,atual/20261002_calados_operacionais.html,impresso_tabela_aps,APS: 'os calados nos berços ficam limitados ao calado máximo do trecho do canal no qual estão situados'; ordem dos trechos pela descrição impressa (Barra->Entreposto->Torre Grande->Armazém 06->Alamoa->final do trecho IV)
,DP World Santos,,IV,"I,II,III,IV",,,,inferido_por_endereco_npcp,"NPCP-SP Anexo 1-B: DP World na Ilha Barnabé, mesmo endereço de AGEO (berços AGEO e IB da APS); berços de referência: IB SP, IB BC, AGEO 01"
,Sucocítrico Cutrale,,II,"I,II",,,,inferido_por_endereco_npcp,"NPCP-SP Anexo 1-B: Av. Santos Dumont, Conceiçãozinha (Guarujá), mesmo bairro de TEV e TERMAG; berços de referência: TEV, TERMAG"
,Terminal Marítimo Dow,,II,"I,II",,,,inferido_por_endereco_npcp,"NPCP-SP Anexo 1-B: Av. Santos Dumont, Conceiçãozinha (Guarujá), mesmo bairro de TEV e TERMAG; berços de referência: TEV, TERMAG"
,Base Logística de Dutos,,II,"I,II",,,,inferido_por_endereco_npcp,"berço ANTAQ 'SAIPEM 3' => Saipem; NPCP-SP Anexo 1-B: Av. Santos Dumont, Conceiçãozinha (Guarujá); berços de referência: TEV, TERMAG"
,Terminal Integrador Portuário Luiz Antonio Mesquita - TIPLAM,,IV-B,"I,II,III,IV,IV-B",Canal de Piaçaguera,,,npcp_canal_piacaguera,"NPCP-SP 5.1.b.II e 5.14: acesso pelo Canal de Piaçaguera, calado por Portaria específica da CPSP (não coletada); percorre todo o canal da APS (I a IV-B) antes de Piaçaguera — a conferir"
,Terminal Marítimo Privativo de Cubatão - TMPC,,IV-B,"I,II,III,IV,IV-B",Canal de Piaçaguera,,,npcp_canal_piacaguera,"NPCP-SP 5.1.b.II e 5.14: acesso pelo Canal de Piaçaguera, calado por Portaria específica da CPSP (não coletada); percorre todo o canal da APS (I a IV-B) antes de Piaçaguera — a conferir"
