arquivo_original,captura_ts,baixado,local,bytes,conteudo,completo,obs
https://www.marinha.mil.br/chm/sites/www.marinha.mil.br.chm/files/dados_de_mare/46-porto_de_santos.pdf,20220819054113,True,20220819054113_46-porto_de_santos.pdf,207638,tábua de marés (previsão),True,
https://www.marinha.mil.br/chm/sites/www.marinha.mil.br.chm/files/dados_de_mare/46-porto_de_santos_tabua_2023_0.pdf,20240703224543,True,20240703224543_46-porto_de_santos_tabua_2023_0.pdf,112609,tábua de marés (previsão),True,
https://www.marinha.mil.br/chm/sites/www.marinha.mil.br.chm/files/dados_de_mare/46_-_porto_de_santos_-_146-148.pdf,20250115100142,True,20250115100142_46_-_porto_de_santos_-_146-148.pdf,1048576,tábua de marés (previsão),False,captura truncada no Wayback (1 MiB) ou sem %%EOF — inutilizável sem nova cópia
https://www.marinha.mil.br/chm/sites/www.marinha.mil.br.chm/files/dados_de_mare/46_-_porto_de_santos_2024_ok.pdf,20241006004123,True,20241006004123_46_-_porto_de_santos_2024_ok.pdf,1048576,tábua de marés (previsão),False,captura truncada no Wayback (1 MiB) ou sem %%EOF — inutilizável sem nova cópia
https://www.marinha.mil.br/chm/sites/www.marinha.mil.br.chm/files/dados_de_mare/50225_-_porto_de_santos_-_torre_grande_f-41_-_tabuas_padrao_v1-08.pdf,20240923041622,True,20240923041622_50225_-_porto_de_santos_-_torre_grande_f-41_-_tabuas_padrao_v1-08.pdf,259635,tábua de marés (previsão),True,
https://www.marinha.mil.br/chm/sites/www.marinha.mil.br.chm/files/dados_de_mare/50227_-_praticagem_santos_f-41_padrao_v1-17.pdf,20240723183326,True,20240723183326_50227_-_praticagem_santos_f-41_padrao_v1-17.pdf,415620,tábua de marés (previsão),True,
https://www.marinha.mil.br/chm/sites/www.marinha.mil.br.chm/files/dados_de_mare/santos.pdf,20210123144346,True,20210123144346_santos.pdf,207806,tábua de marés (previsão),True,
https://www.marinha.mil.br/chm/sites/www.marinha.mil.br.chm/files/dados_de_mare/santos_torre_grande_2018.pdf,20181002052248,True,20181002052248_santos_torre_grande_2018.pdf,206585,tábua de marés (previsão),True,
https://www.marinha.mil.br/chm/sites/www.marinha.mil.br.chm/files/dados_de_mare/santos_torre_grande_2020.pdf,20201024153316,True,20201024153316_santos_torre_grande_2020.pdf,208502,tábua de marés (previsão),True,
https://www.marinha.mil.br/chm/sites/www.marinha.mil.br.chm/files/historico_bmo_santos.txt,20220518134203,True,20220518134203_historico_bmo_santos.txt,404084,boia meteoceanográfica (não é maré),True,
https://www.marinha.mil.br/chm/sites/www.marinha.mil.br.chm/files/historico_santos.txt,20210412213038,True,20210412213038_historico_santos.txt,1048576,boia meteoceanográfica (não é maré),False,captura truncada no Wayback (1 MiB) ou sem %%EOF — inutilizável sem nova cópia
