produto,sh4,ano,mes,uf_origem,urf,urf_codigo,via,fob_usd,kg,porto,grupo
soja,1201,2010,5,Mato Grosso,0817800 - PORTO DE SANTOS,0817800,MARITIMA,442276654.0,1196122516.0,Santos,Santos
soja,1201,2010,5,Rio Grande do Sul,1017700 - PORTO DE RIO GRANDE,1017700,MARITIMA,434532420.0,1185121461.0,Rio Grande,Sul-Sudeste
soja,1201,2010,3,Mato Grosso,0817800 - PORTO DE SANTOS,0817800,MARITIMA,389112622.0,1023297246.0,Santos,Santos
soja,1201,2010,4,Mato Grosso,0817800 - PORTO DE SANTOS,0817800,MARITIMA,360049233.0,984608466.0,Santos,Santos
soja,1201,2010,4,Paraná,0917800 - PORTO DE PARANAGUA,0917800,MARITIMA,312602561.0,854672994.0,Paranaguá,Sul-Sudeste
soja,1201,2010,7,Rio Grande do Sul,1017700 - PORTO DE RIO GRANDE,1017700,MARITIMA,288787152.0,769187922.0,Rio Grande,Sul-Sudeste
soja,1201,2010,6,Rio Grande do Sul,1017700 - PORTO DE RIO GRANDE,1017700,MARITIMA,283665850.0,772244460.0,Rio Grande,Sul-Sudeste
soja,1201,2010,5,Paraná,0917800 - PORTO DE PARANAGUA,0917800,MARITIMA,277858335.0,762633639.0,Paranaguá,Sul-Sudeste
soja,1201,2010,6,Mato Grosso,0817800 - PORTO DE SANTOS,0817800,MARITIMA,250971054.0,680783090.0,Santos,Santos
soja,1201,2010,8,Paraná,0917800 - PORTO DE PARANAGUA,0917800,MARITIMA,235209833.0,615549353.0,Paranaguá,Sul-Sudeste
soja,1201,2010,7,Mato Grosso,0817800 - PORTO DE SANTOS,0817800,MARITIMA,223740672.0,606069966.0,Santos,Santos
soja,1201,2010,9,Rio Grande do Sul,1017700 - PORTO DE RIO GRANDE,1017700,MARITIMA,221031139.0,533583992.0,Rio Grande,Sul-Sudeste
soja,1201,2010,4,Rio Grande do Sul,1017700 - PORTO DE RIO GRANDE,1017700,MARITIMA,218636055.0,604880624.0,Rio Grande,Sul-Sudeste
soja,1201,2010,7,Paraná,0917800 - PORTO DE PARANAGUA,0917800,MARITIMA,216825875.0,584897462.0,Paranaguá,Sul-Sudeste
soja,1201,2010,3,Paraná,0917800 - PORTO DE PARANAGUA,0917800,MARITIMA,171904664.0,452957374.0,Paranaguá,Sul-Sudeste
soja,1201,2010,6,Paraná,0917800 - PORTO DE PARANAGUA,0917800,MARITIMA,161095819.0,443344945.0,Paranaguá,Sul-Sudeste
soja,1201,2010,8,Rio Grande do Sul,1017700 - PORTO DE RIO GRANDE,1017700,MARITIMA,154517394.0,396419835.0,Rio Grande,Sul-Sudeste
soja,1201,2010,4,Paraná,0927700 - PORTO DE SAO FRANCISCO DO SUL,0927700,MARITIMA,127354334.0,348139154.0,São Francisco do Sul,Sul-Sudeste
soja,1201,2010,8,Paraná,0927700 - PORTO DE SAO FRANCISCO DO SUL,0927700,MARITIMA,123804871.0,319436114.0,São Francisco do Sul,Sul-Sudeste
soja,1201,2010,2,Mato Grosso,0817800 - PORTO DE SANTOS,0817800,MARITIMA,119314474.0,295860193.0,Santos,Santos
soja,1201,2010,7,Paraná,0927700 - PORTO DE SAO FRANCISCO DO SUL,0927700,MARITIMA,116404822.0,307306830.0,São Francisco do Sul,Sul-Sudeste
soja,1201,2010,5,Goiás,0817800 - PORTO DE SANTOS,0817800,MARITIMA,113141309.0,303012783.0,Santos,Santos
soja,1201,2010,6,Goiás,0817800 - PORTO DE SANTOS,0817800,MARITIMA,108722521.0,290007132.0,Santos,Santos
soja,1201,2010,9,Paraná,0917800 - PORTO DE PARANAGUA,0917800,MARITIMA,107460355.0,266098189.0,Paranaguá,Sul-Sudeste
soja,1201,2010,5,Bahia,0517600 - PORTO DE SALVADOR,0517600,MARITIMA,105212644.0,291305872.0,Salvador/Aratu,Nordeste
soja,1201,2010,6,Bahia,0517600 - PORTO DE SALVADOR,0517600,MARITIMA,102405574.0,281579245.0,Salvador/Aratu,Nordeste
soja,1201,2010,3,Goiás,0817800 - PORTO DE SANTOS,0817800,MARITIMA,99346020.0,272734317.0,Santos,Santos
soja,1201,2010,5,Paraná,0927700 - PORTO DE SAO FRANCISCO DO SUL,0927700,MARITIMA,97190353.0,271064762.0,São Francisco do Sul,Sul-Sudeste
soja,1201,2010,3,Paraná,0927700 - PORTO DE SAO FRANCISCO DO SUL,0927700,MARITIMA,95538114.0,244999798.0,São Francisco do Sul,Sul-Sudeste
soja,1201,2010,7,Bahia,0517600 - PORTO DE SALVADOR,0517600,MARITIMA,89101759.0,233687677.0,Salvador/Aratu,Nordeste
soja,1201,2010,10,Paraná,0917800 - PORTO DE PARANAGUA,0917800,MARITIMA,81268780.0,194135125.0,Paranaguá,Sul-Sudeste
soja,1201,2010,4,Mato Grosso,0227600 - PORTO DE MANAUS,0227600,MARITIMA,80580318.0,223571296.0,Manaus,Arco Norte
soja,1201,2010,9,Paraná,0927700 - PORTO DE SAO FRANCISCO DO SUL,0927700,MARITIMA,79934733.0,201780366.0,São Francisco do Sul,Sul-Sudeste
soja,1201,2010,8,Maranhão,0327600 - PORTO DE SAO LUIS,0327600,MARITIMA,79142000.0,202217172.0,São Luís/Itaqui,Arco Norte
soja,1201,2010,4,Goiás,0817800 - PORTO DE SANTOS,0817800,MARITIMA,74124779.0,196274394.0,Santos,Santos
soja,1201,2010,4,São Paulo,0817800 - PORTO DE SANTOS,0817800,MARITIMA,73446675.0,198632027.0,Santos,Santos
soja,1201,2010,10,Rio Grande do Sul,1017700 - PORTO DE RIO GRANDE,1017700,MARITIMA,72190594.0,166354205.0,Rio Grande,Sul-Sudeste
soja,1201,2010,6,Paraná,0927700 - PORTO DE SAO FRANCISCO DO SUL,0927700,MARITIMA,68602259.0,187323130.0,São Francisco do Sul,Sul-Sudeste
soja,1201,2010,4,Mato Grosso do Sul,0817800 - PORTO DE SANTOS,0817800,MARITIMA,68591568.0,183850026.0,Santos,Santos
soja,1201,2010,9,Mato Grosso,0817800 - PORTO DE SANTOS,0817800,MARITIMA,66108463.0,165246894.0,Santos,Santos
soja,1201,2010,7,Mato Grosso,0227600 - PORTO DE MANAUS,0227600,MARITIMA,66065282.0,176087200.0,Manaus,Arco Norte
soja,1201,2010,3,São Paulo,0817800 - PORTO DE SANTOS,0817800,MARITIMA,65831566.0,181300451.0,Santos,Santos
soja,1201,2010,3,Mato Grosso,0727600 - PORTO DE VITORIA,0727600,MARITIMA,64519391.0,166784850.0,Vitória,Sul-Sudeste
soja,1201,2010,4,Mato Grosso,0917800 - PORTO DE PARANAGUA,0917800,MARITIMA,64281091.0,174149769.0,Paranaguá,Sul-Sudeste
soja,1201,2010,5,São Paulo,0817800 - PORTO DE SANTOS,0817800,MARITIMA,61061396.0,167209773.0,Santos,Santos
soja,1201,2010,3,Mato Grosso,0917800 - PORTO DE PARANAGUA,0917800,MARITIMA,60543580.0,162253387.0,Paranaguá,Sul-Sudeste
soja,1201,2010,4,Mato Grosso,0727600 - PORTO DE VITORIA,0727600,MARITIMA,59874707.0,162255412.0,Vitória,Sul-Sudeste
soja,1201,2010,8,Bahia,0517600 - PORTO DE SALVADOR,0517600,MARITIMA,59072943.0,148606874.0,Salvador/Aratu,Nordeste
soja,1201,2010,6,Maranhão,0327600 - PORTO DE SAO LUIS,0327600,MARITIMA,57467273.0,153131664.0,São Luís/Itaqui,Arco Norte
soja,1201,2010,7,Goiás,0817800 - PORTO DE SANTOS,0817800,MARITIMA,56990112.0,153440357.0,Santos,Santos
soja,1201,2010,6,Goiás,0727600 - PORTO DE VITORIA,0727600,MARITIMA,56068509.0,151208323.0,Vitória,Sul-Sudeste
soja,1201,2010,5,Mato Grosso do Sul,0817800 - PORTO DE SANTOS,0817800,MARITIMA,55987070.0,154063522.0,Santos,Santos
soja,1201,2010,7,Maranhão,0327600 - PORTO DE SAO LUIS,0327600,MARITIMA,55274209.0,147018799.0,São Luís/Itaqui,Arco Norte
soja,1201,2010,9,Bahia,0517600 - PORTO DE SALVADOR,0517600,MARITIMA,55110102.0,127939020.0,Salvador/Aratu,Nordeste
soja,1201,2010,5,Goiás,0727600 - PORTO DE VITORIA,0727600,MARITIMA,54604478.0,145499645.0,Vitória,Sul-Sudeste
soja,1201,2010,5,Mato Grosso,0227600 - PORTO DE MANAUS,0227600,MARITIMA,51513959.0,140228937.0,Manaus,Arco Norte
soja,1201,2010,8,Goiás,0727600 - PORTO DE VITORIA,0727600,MARITIMA,50830400.0,128177947.0,Vitória,Sul-Sudeste
soja,1201,2010,8,Tocantins,0327600 - PORTO DE SAO LUIS,0327600,MARITIMA,49893409.0,125225199.0,São Luís/Itaqui,Arco Norte
soja,1201,2010,5,Mato Grosso,0727600 - PORTO DE VITORIA,0727600,MARITIMA,49749142.0,135038045.0,Vitória,Sul-Sudeste
soja,1201,2010,8,Mato Grosso,0817800 - PORTO DE SANTOS,0817800,MARITIMA,48153457.0,123601934.0,Santos,Santos
soja,1201,2010,6,Mato Grosso,0727600 - PORTO DE VITORIA,0727600,MARITIMA,47684709.0,127748123.0,Vitória,Sul-Sudeste
soja,1201,2010,6,Tocantins,0327600 - PORTO DE SAO LUIS,0327600,MARITIMA,46632795.0,123417102.0,São Luís/Itaqui,Arco Norte
soja,1201,2010,6,Mato Grosso,0227600 - PORTO DE MANAUS,0227600,MARITIMA,45433514.0,124494305.0,Manaus,Arco Norte
soja,1201,2010,3,Mato Grosso,0227600 - PORTO DE MANAUS,0227600,MARITIMA,43943284.0,110347925.0,Manaus,Arco Norte
soja,1201,2010,5,Maranhão,0327600 - PORTO DE SAO LUIS,0327600,MARITIMA,42938154.0,116947319.0,São Luís/Itaqui,Arco Norte
soja,1201,2010,10,Maranhão,0327600 - PORTO DE SAO LUIS,0327600,MARITIMA,41739528.0,102644396.0,São Luís/Itaqui,Arco Norte
soja,1201,2010,9,Maranhão,0327600 - PORTO DE SAO LUIS,0327600,MARITIMA,41385519.0,103877772.0,São Luís/Itaqui,Arco Norte
soja,1201,2010,4,Tocantins,0327600 - PORTO DE SAO LUIS,0327600,MARITIMA,41247721.0,113577894.0,São Luís/Itaqui,Arco Norte
soja,1201,2010,5,Tocantins,0327600 - PORTO DE SAO LUIS,0327600,MARITIMA,40662183.0,111250483.0,São Luís/Itaqui,Arco Norte
soja,1201,2010,7,Mato Grosso do Sul,0817800 - PORTO DE SANTOS,0817800,MARITIMA,39063354.0,105046367.0,Santos,Santos
soja,1201,2010,8,Mato Grosso,0227600 - PORTO DE MANAUS,0227600,MARITIMA,38345787.0,93065040.0,Manaus,Arco Norte
soja,1201,2010,7,Goiás,0727600 - PORTO DE VITORIA,0727600,MARITIMA,36650479.0,96812090.0,Vitória,Sul-Sudeste
soja,1201,2010,8,Mato Grosso,0727600 - PORTO DE VITORIA,0727600,MARITIMA,36516373.0,92856028.0,Vitória,Sul-Sudeste
soja,1201,2010,3,Goiás,0727600 - PORTO DE VITORIA,0727600,MARITIMA,35152794.0,93902470.0,Vitória,Sul-Sudeste
soja,1201,2010,4,Maranhão,0327600 - PORTO DE SAO LUIS,0327600,MARITIMA,34901085.0,96746582.0,São Luís/Itaqui,Arco Norte
soja,1201,2010,12,Rio Grande do Sul,1017700 - PORTO DE RIO GRANDE,1017700,MARITIMA,34672339.0,73282620.0,Rio Grande,Sul-Sudeste
soja,1201,2010,4,Goiás,0727600 - PORTO DE VITORIA,0727600,MARITIMA,34079813.0,93147950.0,Vitória,Sul-Sudeste
soja,1201,2010,10,Paraná,0927700 - PORTO DE SAO FRANCISCO DO SUL,0927700,MARITIMA,34041253.0,78608260.0,São Francisco do Sul,Sul-Sudeste
soja,1201,2010,8,Mato Grosso do Sul,0817800 - PORTO DE SANTOS,0817800,MARITIMA,33996027.0,87842627.0,Santos,Santos
soja,1201,2010,1,Mato Grosso,0227600 - PORTO DE MANAUS,0227600,MARITIMA,33896866.0,69910344.0,Manaus,Arco Norte
soja,1201,2010,3,Mato Grosso,0210200 - SANTAREM,0210200,FLUVIAL,33699424.0,92157360.0,Santarém,Arco Norte
soja,1201,2010,7,Minas Gerais,0727600 - PORTO DE VITORIA,0727600,MARITIMA,32476414.0,85248339.0,Vitória,Sul-Sudeste
soja,1201,2010,5,Santa Catarina,0927700 - PORTO DE SAO FRANCISCO DO SUL,0927700,MARITIMA,32444544.0,89686938.0,São Francisco do Sul,Sul-Sudeste
soja,1201,2010,2,Mato Grosso,0227600 - PORTO DE MANAUS,0227600,MARITIMA,31956446.0,77374163.0,Manaus,Arco Norte
soja,1201,2010,7,São Paulo,0817800 - PORTO DE SANTOS,0817800,MARITIMA,31470509.0,85881272.0,Santos,Santos
soja,1201,2010,4,Bahia,0517600 - PORTO DE SALVADOR,0517600,MARITIMA,31389115.0,87472943.0,Salvador/Aratu,Nordeste
soja,1201,2010,12,Maranhão,0327600 - PORTO DE SAO LUIS,0327600,MARITIMA,31321352.0,62860200.0,São Luís/Itaqui,Arco Norte
soja,1201,2010,2,Mato Grosso,0210200 - SANTAREM,0210200,FLUVIAL,31138857.0,76627590.0,Santarém,Arco Norte
soja,1201,2010,7,Mato Grosso do Sul,0927700 - PORTO DE SAO FRANCISCO DO SUL,0927700,MARITIMA,30764015.0,84789192.0,São Francisco do Sul,Sul-Sudeste
soja,1201,2010,5,Minas Gerais,0817800 - PORTO DE SANTOS,0817800,MARITIMA,30646456.0,83225547.0,Santos,Santos
soja,1201,2010,6,São Paulo,0817800 - PORTO DE SANTOS,0817800,MARITIMA,29888361.0,81262471.0,Santos,Santos
soja,1201,2010,5,Mato Grosso,0210200 - SANTAREM,0210200,FLUVIAL,29885963.0,79258285.0,Santarém,Arco Norte
soja,1201,2010,7,Mato Grosso,0727600 - PORTO DE VITORIA,0727600,MARITIMA,29531728.0,78531533.0,Vitória,Sul-Sudeste
soja,1201,2010,11,Rio Grande do Sul,1017700 - PORTO DE RIO GRANDE,1017700,MARITIMA,28980000.0,63000000.0,Rio Grande,Sul-Sudeste
soja,1201,2010,10,Minas Gerais,0727600 - PORTO DE VITORIA,0727600,MARITIMA,27895211.0,66719242.0,Vitória,Sul-Sudeste
soja,1201,2010,4,Mato Grosso do Sul,0917800 - PORTO DE PARANAGUA,0917800,MARITIMA,27634018.0,76586310.0,Paranaguá,Sul-Sudeste
soja,1201,2010,6,Mato Grosso do Sul,0817800 - PORTO DE SANTOS,0817800,MARITIMA,27416481.0,75071890.0,Santos,Santos
soja,1201,2010,5,Minas Gerais,0727600 - PORTO DE VITORIA,0727600,MARITIMA,27203434.0,72023312.0,Vitória,Sul-Sudeste
soja,1201,2010,11,Maranhão,0327600 - PORTO DE SAO LUIS,0327600,MARITIMA,27115889.0,55318229.0,São Luís/Itaqui,Arco Norte
soja,1201,2010,4,Minas Gerais,0817800 - PORTO DE SANTOS,0817800,MARITIMA,26684503.0,69303526.0,Santos,Santos
soja,1201,2010,3,Mato Grosso do Sul,0817800 - PORTO DE SANTOS,0817800,MARITIMA,26610507.0,72760553.0,Santos,Santos
soja,1201,2010,7,Tocantins,0327600 - PORTO DE SAO LUIS,0327600,MARITIMA,26041697.0,68686589.0,São Luís/Itaqui,Arco Norte
soja,1201,2010,4,Rondônia,0210200 - SANTAREM,0210200,FLUVIAL,25851081.0,70018860.0,Santarém,Arco Norte
soja,1201,2010,12,Mato Grosso,0227600 - PORTO DE MANAUS,0227600,MARITIMA,25235306.0,49001506.0,Manaus,Arco Norte
soja,1201,2010,9,Bahia,0510552 - ILHEUS,0510552,MARITIMA,25046802.0,61810823.0,,
soja,1201,2010,9,Tocantins,0327600 - PORTO DE SAO LUIS,0327600,MARITIMA,24734195.0,63607021.0,São Luís/Itaqui,Arco Norte
soja,1201,2010,8,Goiás,0817800 - PORTO DE SANTOS,0817800,MARITIMA,24482975.0,64548808.0,Santos,Santos
soja,1201,2010,8,Mato Grosso do Sul,0927700 - PORTO DE SAO FRANCISCO DO SUL,0927700,MARITIMA,24322087.0,67173829.0,São Francisco do Sul,Sul-Sudeste
soja,1201,2010,9,Mato Grosso,0227600 - PORTO DE MANAUS,0227600,MARITIMA,24246732.0,50810145.0,Manaus,Arco Norte
soja,1201,2010,4,Santa Catarina,0927700 - PORTO DE SAO FRANCISCO DO SUL,0927700,MARITIMA,24104864.0,65924752.0,São Francisco do Sul,Sul-Sudeste
soja,1201,2010,10,Bahia,0517600 - PORTO DE SALVADOR,0517600,MARITIMA,23673465.0,53528978.0,Salvador/Aratu,Nordeste
soja,1201,2010,5,Mato Grosso do Sul,0927700 - PORTO DE SAO FRANCISCO DO SUL,0927700,MARITIMA,23379823.0,63547305.0,São Francisco do Sul,Sul-Sudeste
soja,1201,2010,8,Minas Gerais,0727600 - PORTO DE VITORIA,0727600,MARITIMA,23276840.0,58897655.0,Vitória,Sul-Sudeste
soja,1201,2010,3,Mato Grosso,0927700 - PORTO DE SAO FRANCISCO DO SUL,0927700,MARITIMA,22941227.0,63113484.0,São Francisco do Sul,Sul-Sudeste
soja,1201,2010,9,Mato Grosso,0727600 - PORTO DE VITORIA,0727600,MARITIMA,22227701.0,51688470.0,Vitória,Sul-Sudeste
soja,1201,2010,11,Paraná,0917800 - PORTO DE PARANAGUA,0917800,MARITIMA,22164138.0,44930966.0,Paranaguá,Sul-Sudeste
soja,1201,2010,9,Mato Grosso,0927700 - PORTO DE SAO FRANCISCO DO SUL,0927700,MARITIMA,22013185.0,51918640.0,São Francisco do Sul,Sul-Sudeste
soja,1201,2010,6,Mato Grosso,0927700 - PORTO DE SAO FRANCISCO DO SUL,0927700,MARITIMA,21716412.0,63967862.0,São Francisco do Sul,Sul-Sudeste
soja,1201,2010,7,Mato Grosso,0210200 - SANTAREM,0210200,FLUVIAL,20947011.0,53203215.0,Santarém,Arco Norte
soja,1201,2010,12,Mato Grosso,0917800 - PORTO DE PARANAGUA,0917800,MARITIMA,20878572.0,40060864.0,Paranaguá,Sul-Sudeste
soja,1201,2010,2,Mato Grosso,0917800 - PORTO DE PARANAGUA,0917800,MARITIMA,19881302.0,53275631.0,Paranaguá,Sul-Sudeste
soja,1201,2010,8,São Paulo,0817800 - PORTO DE SANTOS,0817800,MARITIMA,19802238.0,50200038.0,Santos,Santos
soja,1201,2010,10,Tocantins,0327600 - PORTO DE SAO LUIS,0327600,MARITIMA,19704756.0,48522100.0,São Luís/Itaqui,Arco Norte
soja,1201,2010,6,Rondônia,0227600 - PORTO DE MANAUS,0227600,MARITIMA,18787843.0,49487905.0,Manaus,Arco Norte
soja,1201,2010,7,Mato Grosso,0927700 - PORTO DE SAO FRANCISCO DO SUL,0927700,MARITIMA,18501119.0,49515281.0,São Francisco do Sul,Sul-Sudeste
soja,1201,2010,9,Mato Grosso,0210200 - SANTAREM,0210200,FLUVIAL,18297238.0,46514386.0,Santarém,Arco Norte
soja,1201,2010,5,Rondônia,0210200 - SANTAREM,0210200,FLUVIAL,18117699.0,47500985.0,Santarém,Arco Norte
soja,1201,2010,11,Goiás,0727600 - PORTO DE VITORIA,0727600,MARITIMA,17949247.0,44222827.0,Vitória,Sul-Sudeste
soja,1201,2010,7,Mato Grosso do Sul,0917800 - PORTO DE PARANAGUA,0917800,MARITIMA,17621649.0,47354503.0,Paranaguá,Sul-Sudeste
soja,1201,2010,7,Bahia,0727600 - PORTO DE VITORIA,0727600,MARITIMA,17405294.0,45992075.0,Vitória,Sul-Sudeste
soja,1201,2010,8,Mato Grosso,0210200 - SANTAREM,0210200,FLUVIAL,17348171.0,43074125.0,Santarém,Arco Norte
soja,1201,2010,8,Mato Grosso do Sul,0917800 - PORTO DE PARANAGUA,0917800,MARITIMA,17300437.0,45151374.0,Paranaguá,Sul-Sudeste
soja,1201,2010,10,Bahia,0327600 - PORTO DE SAO LUIS,0327600,MARITIMA,17208200.0,39317477.0,São Luís/Itaqui,Arco Norte
soja,1201,2010,4,Mato Grosso do Sul,0927700 - PORTO DE SAO FRANCISCO DO SUL,0927700,MARITIMA,17193111.0,48140187.0,São Francisco do Sul,Sul-Sudeste
soja,1201,2010,12,Paraná,0917800 - PORTO DE PARANAGUA,0917800,MARITIMA,16629779.0,33543707.0,Paranaguá,Sul-Sudeste
soja,1201,2010,6,Mato Grosso,0917800 - PORTO DE PARANAGUA,0917800,MARITIMA,16511547.0,45524142.0,Paranaguá,Sul-Sudeste
soja,1201,2010,4,Mato Grosso,0210200 - SANTAREM,0210200,FLUVIAL,16489342.0,45078000.0,Santarém,Arco Norte
soja,1201,2010,6,Mato Grosso,0210200 - SANTAREM,0210200,FLUVIAL,16338943.0,42900000.0,Santarém,Arco Norte
soja,1201,2010,5,Piauí,0327600 - PORTO DE SAO LUIS,0327600,MARITIMA,16290128.0,45087540.0,São Luís/Itaqui,Arco Norte
soja,1201,2010,4,Minas Gerais,0727600 - PORTO DE VITORIA,0727600,MARITIMA,16075126.0,43139362.0,Vitória,Sul-Sudeste
soja,1201,2010,5,Mato Grosso do Sul,0917800 - PORTO DE PARANAGUA,0917800,MARITIMA,15871984.0,44460806.0,Paranaguá,Sul-Sudeste
soja,1201,2010,9,Bahia,0727600 - PORTO DE VITORIA,0727600,MARITIMA,15034571.0,39717456.0,Vitória,Sul-Sudeste
soja,1201,2010,8,Pará,0210200 - SANTAREM,0210200,FLUVIAL,14905990.0,36568580.0,Santarém,Arco Norte
soja,1201,2010,8,Bahia,0727600 - PORTO DE VITORIA,0727600,MARITIMA,14604166.0,38238695.0,Vitória,Sul-Sudeste
soja,1201,2010,6,Minas Gerais,0817800 - PORTO DE SANTOS,0817800,MARITIMA,14597135.0,38659554.0,Santos,Santos
soja,1201,2010,4,Rondônia,0227600 - PORTO DE MANAUS,0227600,MARITIMA,14526226.0,42775444.0,Manaus,Arco Norte
soja,1201,2010,9,Minas Gerais,0727600 - PORTO DE VITORIA,0727600,MARITIMA,14097454.0,34053679.0,Vitória,Sul-Sudeste
soja,1201,2010,10,Goiás,0727600 - PORTO DE VITORIA,0727600,MARITIMA,14034410.0,34650212.0,Vitória,Sul-Sudeste
soja,1201,2010,10,Bahia,0727600 - PORTO DE VITORIA,0727600,MARITIMA,13996882.0,34453251.0,Vitória,Sul-Sudeste
soja,1201,2010,9,Mato Grosso do Sul,0927700 - PORTO DE SAO FRANCISCO DO SUL,0927700,MARITIMA,13986747.0,33092555.0,São Francisco do Sul,Sul-Sudeste
soja,1201,2010,6,Santa Catarina,0927700 - PORTO DE SAO FRANCISCO DO SUL,0927700,MARITIMA,13932340.0,37994542.0,São Francisco do Sul,Sul-Sudeste
soja,1201,2010,5,Mato Grosso,0927700 - PORTO DE SAO FRANCISCO DO SUL,0927700,MARITIMA,13875405.0,41933328.0,São Francisco do Sul,Sul-Sudeste
soja,1201,2010,2,Mato Grosso,0727600 - PORTO DE VITORIA,0727600,MARITIMA,13633056.0,33043340.0,Vitória,Sul-Sudeste
soja,1201,2010,8,Pará,0327600 - PORTO DE SAO LUIS,0327600,MARITIMA,13515066.0,34259180.0,São Luís/Itaqui,Arco Norte
soja,1201,2010,9,Goiás,0817800 - PORTO DE SANTOS,0817800,MARITIMA,13407717.0,32222517.0,Santos,Santos
soja,1201,2010,7,Santa Catarina,0927700 - PORTO DE SAO FRANCISCO DO SUL,0927700,MARITIMA,13005490.0,35112223.0,São Francisco do Sul,Sul-Sudeste
soja,1201,2010,6,Rondônia,0210200 - SANTAREM,0210200,FLUVIAL,12541866.0,31588005.0,Santarém,Arco Norte
soja,1201,2010,4,Mato Grosso,0927700 - PORTO DE SAO FRANCISCO DO SUL,0927700,MARITIMA,12469745.0,35866488.0,São Francisco do Sul,Sul-Sudeste
soja,1201,2010,8,Mato Grosso,0917800 - PORTO DE PARANAGUA,0917800,MARITIMA,12375573.0,32744851.0,Paranaguá,Sul-Sudeste
soja,1201,2010,8,Santa Catarina,0927700 - PORTO DE SAO FRANCISCO DO SUL,0927700,MARITIMA,11922650.0,31174082.0,São Francisco do Sul,Sul-Sudeste
soja,1201,2010,2,Goiás,0727600 - PORTO DE VITORIA,0727600,MARITIMA,11857806.0,28775380.0,Vitória,Sul-Sudeste
soja,1201,2010,3,Minas Gerais,0817800 - PORTO DE SANTOS,0817800,MARITIMA,11827964.0,31637237.0,Santos,Santos
soja,1201,2010,6,Mato Grosso do Sul,0927700 - PORTO DE SAO FRANCISCO DO SUL,0927700,MARITIMA,11806042.0,32514904.0,São Francisco do Sul,Sul-Sudeste
soja,1201,2010,9,Mato Grosso do Sul,0917800 - PORTO DE PARANAGUA,0917800,MARITIMA,11765716.0,29204119.0,Paranaguá,Sul-Sudeste
soja,1201,2010,7,Mato Grosso,0917800 - PORTO DE PARANAGUA,0917800,MARITIMA,11761805.0,32434801.0,Paranaguá,Sul-Sudeste
soja,1201,2010,8,Rondônia,0210200 - SANTAREM,0210200,FLUVIAL,11634132.0,28800000.0,Santarém,Arco Norte
soja,1201,2010,10,Mato Grosso,0727600 - PORTO DE VITORIA,0727600,MARITIMA,11586995.0,26321327.0,Vitória,Sul-Sudeste
soja,1201,2010,6,Mato Grosso,0327600 - PORTO DE SAO LUIS,0327600,MARITIMA,11133100.0,29503122.0,São Luís/Itaqui,Arco Norte
soja,1201,2010,8,Minas Gerais,0817800 - PORTO DE SANTOS,0817800,MARITIMA,11024525.0,29111898.0,Santos,Santos
soja,1201,2010,6,Minas Gerais,0727600 - PORTO DE VITORIA,0727600,MARITIMA,10926984.0,29207682.0,Vitória,Sul-Sudeste
soja,1201,2010,10,Piauí,0327600 - PORTO DE SAO LUIS,0327600,MARITIMA,10886803.0,27046217.0,São Luís/Itaqui,Arco Norte
soja,1201,2010,5,Rio Grande do Sul,0927700 - PORTO DE SAO FRANCISCO DO SUL,0927700,MARITIMA,10812244.0,30199505.0,São Francisco do Sul,Sul-Sudeste
soja,1201,2010,3,Mato Grosso do Sul,0927700 - PORTO DE SAO FRANCISCO DO SUL,0927700,MARITIMA,10764679.0,30390753.0,São Francisco do Sul,Sul-Sudeste
soja,1201,2010,10,Mato Grosso,0227600 - PORTO DE MANAUS,0227600,MARITIMA,10692735.0,21761065.0,Manaus,Arco Norte
soja,1201,2010,12,Bahia,0510552 - ILHEUS,0510552,MARITIMA,10683743.0,21240045.0,,
soja,1201,2010,5,Bahia,0510552 - ILHEUS,0510552,MARITIMA,10627122.0,26645000.0,,
soja,1201,2010,11,Mato Grosso,0917800 - PORTO DE PARANAGUA,0917800,MARITIMA,10193038.0,20969570.0,Paranaguá,Sul-Sudeste
soja,1201,2010,9,Goiás,0727600 - PORTO DE VITORIA,0727600,MARITIMA,9936959.0,23730000.0,Vitória,Sul-Sudeste
soja,1201,2010,11,Bahia,0510552 - ILHEUS,0510552,MARITIMA,9886144.0,21169472.0,,
soja,1201,2010,10,Mato Grosso,0210200 - SANTAREM,0210200,FLUVIAL,9756787.0,21587240.0,Santarém,Arco Norte
soja,1201,2010,2,Goiás,0817800 - PORTO DE SANTOS,0817800,MARITIMA,9617349.0,25313614.0,Santos,Santos
soja,1201,2010,2,Paraná,0917800 - PORTO DE PARANAGUA,0917800,MARITIMA,9447505.0,24468741.0,Paranaguá,Sul-Sudeste
soja,1201,2010,5,Mato Grosso,0917800 - PORTO DE PARANAGUA,0917800,MARITIMA,9412464.0,26679599.0,Paranaguá,Sul-Sudeste
soja,1201,2010,3,Mato Grosso do Sul,0917800 - PORTO DE PARANAGUA,0917800,MARITIMA,9353535.0,25524765.0,Paranaguá,Sul-Sudeste
soja,1201,2010,6,Bahia,0727600 - PORTO DE VITORIA,0727600,MARITIMA,9274287.0,25148317.0,Vitória,Sul-Sudeste
soja,1201,2010,2,Paraná,0927700 - PORTO DE SAO FRANCISCO DO SUL,0927700,MARITIMA,9201352.0,25332462.0,São Francisco do Sul,Sul-Sudeste
soja,1201,2010,10,Mato Grosso,0917800 - PORTO DE PARANAGUA,0917800,MARITIMA,9108905.0,20176026.0,Paranaguá,Sul-Sudeste
soja,1201,2010,7,Mato Grosso,0327600 - PORTO DE SAO LUIS,0327600,MARITIMA,9032126.0,24123820.0,São Luís/Itaqui,Arco Norte
soja,1201,2010,7,Pará,0210200 - SANTAREM,0210200,FLUVIAL,8986554.0,22602565.0,Santarém,Arco Norte
soja,1201,2010,6,Santa Catarina,0917800 - PORTO DE PARANAGUA,0917800,MARITIMA,8847580.0,24417992.0,Paranaguá,Sul-Sudeste
soja,1201,2010,6,Rio Grande do Sul,0927700 - PORTO DE SAO FRANCISCO DO SUL,0927700,MARITIMA,8759029.0,24819878.0,São Francisco do Sul,Sul-Sudeste
soja,1201,2010,6,Mato Grosso do Sul,0917800 - PORTO DE PARANAGUA,0917800,MARITIMA,8217870.0,22595318.0,Paranaguá,Sul-Sudeste
soja,1201,2010,4,Rio Grande do Sul,0927700 - PORTO DE SAO FRANCISCO DO SUL,0927700,MARITIMA,8063561.0,21686370.0,São Francisco do Sul,Sul-Sudeste
soja,1201,2010,5,Santa Catarina,0917800 - PORTO DE PARANAGUA,0917800,MARITIMA,7760301.0,21629091.0,Paranaguá,Sul-Sudeste
soja,1201,2010,8,Piauí,0327600 - PORTO DE SAO LUIS,0327600,MARITIMA,7708701.0,19007469.0,São Luís/Itaqui,Arco Norte
soja,1201,2010,4,Santa Catarina,0917800 - PORTO DE PARANAGUA,0917800,MARITIMA,7628940.0,20493458.0,Paranaguá,Sul-Sudeste
soja,1201,2010,1,Mato Grosso,0817800 - PORTO DE SANTOS,0817800,MARITIMA,7580419.0,15930271.0,Santos,Santos
soja,1201,2010,9,Pará,0327600 - PORTO DE SAO LUIS,0327600,MARITIMA,7539714.0,19094666.0,São Luís/Itaqui,Arco Norte
soja,1201,2010,3,Rondônia,0210200 - SANTAREM,0210200,FLUVIAL,7523140.0,20280000.0,Santarém,Arco Norte
soja,1201,2010,7,Minas Gerais,0817800 - PORTO DE SANTOS,0817800,MARITIMA,7395399.0,19824049.0,Santos,Santos
soja,1201,2010,11,Mato Grosso,0227600 - PORTO DE MANAUS,0227600,MARITIMA,7323379.0,15163845.0,Manaus,Arco Norte
soja,1201,2010,9,Mato Grosso do Sul,0817800 - PORTO DE SANTOS,0817800,MARITIMA,6887600.0,16506383.0,Santos,Santos
soja,1201,2010,4,Não Declarada,0817800 - PORTO DE SANTOS,0817800,MARITIMA,6725577.0,18414435.0,Santos,Santos
soja,1201,2010,3,Goiás,0917800 - PORTO DE PARANAGUA,0917800,MARITIMA,6600898.0,16042310.0,Paranaguá,Sul-Sudeste
soja,1201,2010,7,Santa Catarina,0917800 - PORTO DE PARANAGUA,0917800,MARITIMA,6375937.0,17384286.0,Paranaguá,Sul-Sudeste
soja,1201,2010,8,Mato Grosso,0327600 - PORTO DE SAO LUIS,0327600,MARITIMA,6365716.0,16325550.0,São Luís/Itaqui,Arco Norte
soja,1201,2010,10,Mato Grosso,0327600 - PORTO DE SAO LUIS,0327600,MARITIMA,5599806.0,14981514.0,São Luís/Itaqui,Arco Norte
soja,1201,2010,10,Distrito Federal,0727600 - PORTO DE VITORIA,0727600,MARITIMA,5515266.0,12891518.0,Vitória,Sul-Sudeste
soja,1201,2010,7,Rio Grande do Sul,0927700 - PORTO DE SAO FRANCISCO DO SUL,0927700,MARITIMA,5122891.0,13793894.0,São Francisco do Sul,Sul-Sudeste
soja,1201,2010,10,Pará,0327600 - PORTO DE SAO LUIS,0327600,MARITIMA,5116492.0,12568951.0,São Luís/Itaqui,Arco Norte
soja,1201,2010,8,Rio Grande do Sul,0927700 - PORTO DE SAO FRANCISCO DO SUL,0927700,MARITIMA,4782216.0,11703073.0,São Francisco do Sul,Sul-Sudeste
soja,1201,2010,6,Pará,0327600 - PORTO DE SAO LUIS,0327600,MARITIMA,4603396.0,12367471.0,São Luís/Itaqui,Arco Norte
soja,1201,2010,10,Mato Grosso,0817800 - PORTO DE SANTOS,0817800,MARITIMA,4571082.0,10911284.0,Santos,Santos
soja,1201,2010,6,Piauí,0327600 - PORTO DE SAO LUIS,0327600,MARITIMA,4553082.0,12493641.0,São Luís/Itaqui,Arco Norte
soja,1201,2010,5,Bahia,0727600 - PORTO DE VITORIA,0727600,MARITIMA,4489552.0,12122589.0,Vitória,Sul-Sudeste
soja,1201,2010,7,Pará,0327600 - PORTO DE SAO LUIS,0327600,MARITIMA,4425721.0,11651150.0,São Luís/Itaqui,Arco Norte
soja,1201,2010,11,Mato Grosso,0727600 - PORTO DE VITORIA,0727600,MARITIMA,4411766.0,10900306.0,Vitória,Sul-Sudeste
soja,1201,2010,3,Minas Gerais,0727600 - PORTO DE VITORIA,0727600,MARITIMA,4384662.0,11708790.0,Vitória,Sul-Sudeste
soja,1201,2010,9,Santa Catarina,0927700 - PORTO DE SAO FRANCISCO DO SUL,0927700,MARITIMA,4360460.0,10315479.0,São Francisco do Sul,Sul-Sudeste
soja,1201,2010,7,Piauí,0327600 - PORTO DE SAO LUIS,0327600,MARITIMA,4284380.0,11331642.0,São Luís/Itaqui,Arco Norte
soja,1201,2010,4,Paraná,0817800 - PORTO DE SANTOS,0817800,MARITIMA,4207072.0,10687000.0,Santos,Santos
soja,1201,2010,2,Rondônia,0210200 - SANTAREM,0210200,FLUVIAL,4030628.0,10114000.0,Santarém,Arco Norte
soja,1201,2010,10,Rondônia,0210200 - SANTAREM,0210200,FLUVIAL,3945698.0,8730000.0,Santarém,Arco Norte
soja,1201,2010,11,Mato Grosso do Sul,0917800 - PORTO DE PARANAGUA,0917800,MARITIMA,3834226.0,6971320.0,Paranaguá,Sul-Sudeste
soja,1201,2010,3,Rondônia,0227600 - PORTO DE MANAUS,0227600,MARITIMA,3669504.0,9600000.0,Manaus,Arco Norte
soja,1201,2010,8,Mato Grosso,0927700 - PORTO DE SAO FRANCISCO DO SUL,0927700,MARITIMA,3603214.0,8187491.0,São Francisco do Sul,Sul-Sudeste
soja,1201,2010,7,Distrito Federal,0727600 - PORTO DE VITORIA,0727600,MARITIMA,3582379.0,9665648.0,Vitória,Sul-Sudeste
soja,1201,2010,9,Rio Grande do Sul,0927700 - PORTO DE SAO FRANCISCO DO SUL,0927700,MARITIMA,3334484.0,7770969.0,São Francisco do Sul,Sul-Sudeste
soja,1201,2010,4,Mato Grosso,0327600 - PORTO DE SAO LUIS,0327600,MARITIMA,3291160.0,9094388.0,São Luís/Itaqui,Arco Norte
soja,1201,2010,9,Bahia,0327600 - PORTO DE SAO LUIS,0327600,MARITIMA,3105168.0,7291180.0,São Luís/Itaqui,Arco Norte
soja,1201,2010,7,Rondônia,0210200 - SANTAREM,0210200,FLUVIAL,3007200.0,8000000.0,Santarém,Arco Norte
soja,1201,2010,9,Rondônia,0210200 - SANTAREM,0210200,FLUVIAL,2922555.0,7283444.0,Santarém,Arco Norte
soja,1201,2010,6,Pará,0210200 - SANTAREM,0210200,FLUVIAL,2906600.0,7503025.0,Santarém,Arco Norte
soja,1201,2010,1,Rondônia,0227600 - PORTO DE MANAUS,0227600,MARITIMA,2877748.0,5705626.0,Manaus,Arco Norte
soja,1201,2010,11,Goiás,0817800 - PORTO DE SANTOS,0817800,MARITIMA,2643063.0,7223025.0,Santos,Santos
soja,1201,2010,5,Rondônia,0227600 - PORTO DE MANAUS,0227600,MARITIMA,2594569.0,7128508.0,Manaus,Arco Norte
soja,1201,2010,9,Santa Catarina,0917800 - PORTO DE PARANAGUA,0917800,MARITIMA,2573586.0,6115981.0,Paranaguá,Sul-Sudeste
soja,1201,2010,5,Mato Grosso,0327600 - PORTO DE SAO LUIS,0327600,MARITIMA,2412408.0,6574378.0,São Luís/Itaqui,Arco Norte
soja,1201,2010,7,Rondônia,0227600 - PORTO DE MANAUS,0227600,MARITIMA,2411500.0,6500000.0,Manaus,Arco Norte
soja,1201,2010,2,Mato Grosso do Sul,0917800 - PORTO DE PARANAGUA,0917800,MARITIMA,2400663.0,5667102.0,Paranaguá,Sul-Sudeste
soja,1201,2010,4,Tocantins,0727600 - PORTO DE VITORIA,0727600,MARITIMA,2359532.0,6356900.0,Vitória,Sul-Sudeste
soja,1201,2010,7,Rio Grande do Sul,0917800 - PORTO DE PARANAGUA,0917800,MARITIMA,2157900.0,6000000.0,Paranaguá,Sul-Sudeste
soja,1201,2010,8,Bahia,0327600 - PORTO DE SAO LUIS,0327600,MARITIMA,2156561.0,5343430.0,São Luís/Itaqui,Arco Norte
soja,1201,2010,11,Minas Gerais,0727600 - PORTO DE VITORIA,0727600,MARITIMA,2103060.0,5353518.0,Vitória,Sul-Sudeste
soja,1201,2010,8,Santa Catarina,0917800 - PORTO DE PARANAGUA,0917800,MARITIMA,2102966.0,5359308.0,Paranaguá,Sul-Sudeste
soja,1201,2010,6,Mato Grosso,0210200 - SANTAREM,0210200,MARITIMA,1876395.0,3916009.0,Santarém,Arco Norte
soja,1201,2010,9,Mato Grosso,0917800 - PORTO DE PARANAGUA,0917800,MARITIMA,1823422.0,4681175.0,Paranaguá,Sul-Sudeste
soja,1201,2010,12,Mato Grosso do Sul,0227600 - PORTO DE MANAUS,0227600,MARITIMA,1731298.0,3147815.0,Manaus,Arco Norte
soja,1201,2010,10,Mato Grosso do Sul,0927700 - PORTO DE SAO FRANCISCO DO SUL,0927700,MARITIMA,1626445.0,3718796.0,São Francisco do Sul,Sul-Sudeste
soja,1201,2010,12,Santa Catarina,0917800 - PORTO DE PARANAGUA,0917800,MARITIMA,1587549.0,3211551.0,Paranaguá,Sul-Sudeste
soja,1201,2010,9,Piauí,0327600 - PORTO DE SAO LUIS,0327600,MARITIMA,1580983.0,3936710.0,São Luís/Itaqui,Arco Norte
soja,1201,2010,5,Paraná,0817800 - PORTO DE SANTOS,0817800,MARITIMA,1464822.0,3994898.0,Santos,Santos
soja,1201,2010,5,Pará,0210200 - SANTAREM,0210200,FLUVIAL,1418076.0,3600000.0,Santarém,Arco Norte
soja,1201,2010,10,Santa Catarina,0917800 - PORTO DE PARANAGUA,0917800,MARITIMA,1339962.0,3472830.0,Paranaguá,Sul-Sudeste
soja,1201,2010,6,Bahia,0817800 - PORTO DE SANTOS,0817800,MARITIMA,1289771.0,3300000.0,Santos,Santos
soja,1201,2010,6,Tocantins,0517600 - PORTO DE SALVADOR,0517600,MARITIMA,1277590.0,3500000.0,Salvador/Aratu,Nordeste
soja,1201,2010,5,Distrito Federal,0727600 - PORTO DE VITORIA,0727600,MARITIMA,1269533.0,3548609.0,Vitória,Sul-Sudeste
soja,1201,2010,12,São Paulo,0917800 - PORTO DE PARANAGUA,0917800,MARITIMA,1237678.0,2619146.0,Paranaguá,Sul-Sudeste
soja,1201,2010,6,Tocantins,0727600 - PORTO DE VITORIA,0727600,MARITIMA,1181635.0,3146580.0,Vitória,Sul-Sudeste
soja,1201,2010,2,São Paulo,0817800 - PORTO DE SANTOS,0817800,MARITIMA,1160252.0,3273755.0,Santos,Santos
soja,1201,2010,9,Distrito Federal,0727600 - PORTO DE VITORIA,0727600,MARITIMA,1114780.0,2620700.0,Vitória,Sul-Sudeste
soja,1201,2010,12,Paraná,0227600 - PORTO DE MANAUS,0227600,MARITIMA,1107917.0,2014394.0,Manaus,Arco Norte
soja,1201,2010,8,Distrito Federal,0727600 - PORTO DE VITORIA,0727600,MARITIMA,1093685.0,2767280.0,Vitória,Sul-Sudeste
soja,1201,2010,8,Tocantins,0727600 - PORTO DE VITORIA,0727600,MARITIMA,1045589.0,2719620.0,Vitória,Sul-Sudeste
soja,1201,2010,8,Rondônia,0227600 - PORTO DE MANAUS,0227600,MARITIMA,942000.0,2000000.0,Manaus,Arco Norte
soja,1201,2010,4,Goiás,0917800 - PORTO DE PARANAGUA,0917800,MARITIMA,940603.0,2491875.0,Paranaguá,Sul-Sudeste
soja,1201,2010,11,Pará,0327600 - PORTO DE SAO LUIS,0327600,MARITIMA,886919.0,2373345.0,São Luís/Itaqui,Arco Norte
soja,1201,2010,5,Tocantins,0727600 - PORTO DE VITORIA,0727600,MARITIMA,818298.0,2229210.0,Vitória,Sul-Sudeste
soja,1201,2010,3,Bahia,0727600 - PORTO DE VITORIA,0727600,MARITIMA,813065.0,2067790.0,Vitória,Sul-Sudeste
soja,1201,2010,4,Bahia,0727600 - PORTO DE VITORIA,0727600,MARITIMA,806713.0,2131259.0,Vitória,Sul-Sudeste
soja,1201,2010,5,Tocantins,0517600 - PORTO DE SALVADOR,0517600,MARITIMA,760620.0,2000000.0,Salvador/Aratu,Nordeste
soja,1201,2010,10,Rio Grande do Sul,0917800 - PORTO DE PARANAGUA,0917800,MARITIMA,747400.0,2000000.0,Paranaguá,Sul-Sudeste
soja,1201,2010,10,Santa Catarina,0927700 - PORTO DE SAO FRANCISCO DO SUL,0927700,MARITIMA,734609.0,1652180.0,São Francisco do Sul,Sul-Sudeste
soja,1201,2010,10,Mato Grosso do Sul,0917800 - PORTO DE PARANAGUA,0917800,MARITIMA,666653.0,1612363.0,Paranaguá,Sul-Sudeste
soja,1201,2010,10,Pará,0210200 - SANTAREM,0210200,FLUVIAL,578854.0,1283825.0,Santarém,Arco Norte
soja,1201,2010,2,Rondônia,0227600 - PORTO DE MANAUS,0227600,MARITIMA,570933.0,1546238.0,Manaus,Arco Norte
soja,1201,2010,6,Paraná,0817800 - PORTO DE SANTOS,0817800,MARITIMA,564914.0,1558092.0,Santos,Santos
soja,1201,2010,9,Bahia,0817800 - PORTO DE SANTOS,0817800,MARITIMA,552531.0,1476250.0,Santos,Santos
soja,1201,2010,5,Pará,0327600 - PORTO DE SAO LUIS,0327600,MARITIMA,507005.0,1403280.0,São Luís/Itaqui,Arco Norte
soja,1201,2010,9,Pará,0210200 - SANTAREM,0210200,FLUVIAL,497441.0,1250000.0,Santarém,Arco Norte
soja,1201,2010,10,Tocantins,0517600 - PORTO DE SALVADOR,0517600,MARITIMA,485848.0,1100000.0,Salvador/Aratu,Nordeste
soja,1201,2010,2,Rio Grande do Sul,0917800 - PORTO DE PARANAGUA,0917800,MARITIMA,482140.0,1150170.0,Paranaguá,Sul-Sudeste
soja,1201,2010,5,São Paulo,0917800 - PORTO DE PARANAGUA,0917800,MARITIMA,437400.0,1200000.0,Paranaguá,Sul-Sudeste
soja,1201,2010,6,Bahia,0327600 - PORTO DE SAO LUIS,0327600,MARITIMA,429600.0,1200000.0,São Luís/Itaqui,Arco Norte
soja,1201,2010,4,Pará,0327600 - PORTO DE SAO LUIS,0327600,MARITIMA,402153.0,1134136.0,São Luís/Itaqui,Arco Norte
soja,1201,2010,4,São Paulo,0917800 - PORTO DE PARANAGUA,0917800,MARITIMA,392150.0,1000000.0,Paranaguá,Sul-Sudeste
soja,1201,2010,11,Distrito Federal,0727600 - PORTO DE VITORIA,0727600,MARITIMA,378509.0,812374.0,Vitória,Sul-Sudeste
soja,1201,2010,7,Bahia,0817800 - PORTO DE SANTOS,0817800,MARITIMA,376236.0,989600.0,Santos,Santos
soja,1201,2010,3,Não Declarada,0817800 - PORTO DE SANTOS,0817800,MARITIMA,372777.0,999000.0,Santos,Santos
soja,1201,2010,2,Roraima,0227600 - PORTO DE MANAUS,0227600,MARITIMA,372650.0,1009234.0,Manaus,Arco Norte
soja,1201,2010,5,Goiás,0917800 - PORTO DE PARANAGUA,0917800,MARITIMA,361464.0,1009930.0,Paranaguá,Sul-Sudeste
soja,1201,2010,1,Paraná,0817800 - PORTO DE SANTOS,0817800,MARITIMA,354634.0,454000.0,Santos,Santos
soja,1201,2010,12,Mato Grosso do Sul,0917800 - PORTO DE PARANAGUA,0917800,MARITIMA,353768.0,727918.0,Paranaguá,Sul-Sudeste
soja,1201,2010,1,Goiás,0817800 - PORTO DE SANTOS,0817800,MARITIMA,327014.0,554060.0,Santos,Santos
soja,1201,2010,11,Bahia,0727600 - PORTO DE VITORIA,0727600,MARITIMA,323181.0,693625.0,Vitória,Sul-Sudeste
soja,1201,2010,7,Tocantins,0517600 - PORTO DE SALVADOR,0517600,MARITIMA,317884.0,829810.0,Salvador/Aratu,Nordeste
soja,1201,2010,6,Distrito Federal,0817800 - PORTO DE SANTOS,0817800,MARITIMA,285015.0,750000.0,Santos,Santos
soja,1201,2010,1,Mato Grosso,0917800 - PORTO DE PARANAGUA,0917800,MARITIMA,224253.0,310669.0,Paranaguá,Sul-Sudeste
soja,1201,2010,4,Tocantins,0517600 - PORTO DE SALVADOR,0517600,MARITIMA,216612.0,600000.0,Salvador/Aratu,Nordeste
soja,1201,2010,9,Paraná,0817800 - PORTO DE SANTOS,0817800,MARITIMA,206964.0,230318.0,Santos,Santos
soja,1201,2010,2,Goiás,0917800 - PORTO DE PARANAGUA,0917800,MARITIMA,196831.0,381705.0,Paranaguá,Sul-Sudeste
soja,1201,2010,12,Goiás,0817800 - PORTO DE SANTOS,0817800,MARITIMA,196614.0,326790.0,Santos,Santos
soja,1201,2010,3,Santa Catarina,0917800 - PORTO DE PARANAGUA,0917800,MARITIMA,191295.0,545000.0,Paranaguá,Sul-Sudeste
soja,1201,2010,2,Santa Catarina,0917800 - PORTO DE PARANAGUA,0917800,MARITIMA,191033.0,455720.0,Paranaguá,Sul-Sudeste
soja,1201,2010,11,Tocantins,0327600 - PORTO DE SAO LUIS,0327600,MARITIMA,173411.0,353771.0,São Luís/Itaqui,Arco Norte
soja,1201,2010,9,Minas Gerais,0817800 - PORTO DE SANTOS,0817800,MARITIMA,160981.0,269911.0,Santos,Santos
soja,1201,2010,9,São Paulo,0817800 - PORTO DE SANTOS,0817800,MARITIMA,151858.0,359651.0,Santos,Santos
soja,1201,2010,3,Rio Grande do Sul,0917800 - PORTO DE PARANAGUA,0917800,MARITIMA,150084.0,411190.0,Paranaguá,Sul-Sudeste
soja,1201,2010,12,Paraná,0817800 - PORTO DE SANTOS,0817800,MARITIMA,148910.0,243900.0,Santos,Santos
soja,1201,2010,10,Goiás,0817800 - PORTO DE SANTOS,0817800,MARITIMA,110975.0,254964.0,Santos,Santos
soja,1201,2010,3,Santa Catarina,0927700 - PORTO DE SAO FRANCISCO DO SUL,0927700,MARITIMA,105771.0,300000.0,São Francisco do Sul,Sul-Sudeste
soja,1201,2010,10,Minas Gerais,0817800 - PORTO DE SANTOS,0817800,MARITIMA,98490.0,164516.0,Santos,Santos
soja,1201,2010,12,Santa Catarina,0227600 - PORTO DE MANAUS,0227600,MARITIMA,85151.0,154820.0,Manaus,Arco Norte
soja,1201,2010,11,Pará,0210200 - SANTAREM,0210200,FLUVIAL,82491.0,179020.0,Santarém,Arco Norte
soja,1201,2010,10,Rio Grande do Sul,0927700 - PORTO DE SAO FRANCISCO DO SUL,0927700,MARITIMA,76743.0,185060.0,São Francisco do Sul,Sul-Sudeste
soja,1201,2010,4,Distrito Federal,0727600 - PORTO DE VITORIA,0727600,MARITIMA,72890.0,187127.0,Vitória,Sul-Sudeste
soja,1201,2010,12,Piauí,0327600 - PORTO DE SAO LUIS,0327600,MARITIMA,69658.0,139800.0,São Luís/Itaqui,Arco Norte
soja,1201,2010,1,Roraima,0227600 - PORTO DE MANAUS,0227600,MARITIMA,65357.0,140855.0,Manaus,Arco Norte
soja,1201,2010,9,Mato Grosso,0327600 - PORTO DE SAO LUIS,0327600,MARITIMA,63563.0,161651.0,São Luís/Itaqui,Arco Norte
soja,1201,2010,2,Mato Grosso,0927700 - PORTO DE SAO FRANCISCO DO SUL,0927700,MARITIMA,57355.0,99750.0,São Francisco do Sul,Sul-Sudeste
soja,1201,2010,7,São Paulo,0917800 - PORTO DE PARANAGUA,0917800,MARITIMA,50202.0,134867.0,Paranaguá,Sul-Sudeste
soja,1201,2010,8,Rio Grande do Sul,0917800 - PORTO DE PARANAGUA,0917800,MARITIMA,21873.0,60401.0,Paranaguá,Sul-Sudeste
soja,1201,2010,10,Paraná,0817800 - PORTO DE SANTOS,0817800,MARITIMA,19216.0,30233.0,Santos,Santos
soja,1201,2010,7,Paraná,0817800 - PORTO DE SANTOS,0817800,MARITIMA,19035.0,30120.0,Santos,Santos
soja,1201,2010,1,Paraná,0917800 - PORTO DE PARANAGUA,0917800,MARITIMA,17799.0,34000.0,Paranaguá,Sul-Sudeste
soja,1201,2010,12,Minas Gerais,0817800 - PORTO DE SANTOS,0817800,MARITIMA,13187.0,20650.0,Santos,Santos
soja,1201,2010,11,Paraná,0717600 - PORTO DO RIO DE JANEIRO,0717600,MARITIMA,8000.0,4000.0,Rio de Janeiro,Sul-Sudeste
soja,1201,2010,12,São Paulo,0227600 - PORTO DE MANAUS,0227600,MARITIMA,3176.0,5774.0,Manaus,Arco Norte
soja,1201,2010,3,Rio Grande do Sul,0927700 - PORTO DE SAO FRANCISCO DO SUL,0927700,MARITIMA,969.0,2380.0,São Francisco do Sul,Sul-Sudeste
soja,1201,2010,12,Rio Grande do Sul,0227600 - PORTO DE MANAUS,0227600,MARITIMA,900.0,1636.0,Manaus,Arco Norte
soja,1201,2010,2,Mato Grosso do Sul,0817800 - PORTO DE SANTOS,0817800,MARITIMA,894.0,2000.0,Santos,Santos
soja,1201,2010,3,São Paulo,0717600 - PORTO DO RIO DE JANEIRO,0717600,MARITIMA,443.0,100.0,Rio de Janeiro,Sul-Sudeste
soja,1201,2010,2,Rio Grande do Sul,0817800 - PORTO DE SANTOS,0817800,MARITIMA,179.0,168.0,Santos,Santos
soja,1201,2010,11,Rondônia,0227600 - PORTO DE MANAUS,0227600,MARITIMA,89.0,185.0,Manaus,Arco Norte
soja,1201,2011,5,Rio Grande do Sul,1017700 - PORTO DE RIO GRANDE,1017700,MARITIMA,624739171.0,1262602823.0,Rio Grande,Sul-Sudeste
soja,1201,2011,4,Mato Grosso,0817800 - PORTO DE SANTOS,0817800,MARITIMA,568657832.0,1176968379.0,Santos,Santos
soja,1201,2011,5,Mato Grosso,0817800 - PORTO DE SANTOS,0817800,MARITIMA,427890034.0,892215180.0,Santos,Santos
soja,1201,2011,8,Rio Grande do Sul,1017700 - PORTO DE RIO GRANDE,1017700,MARITIMA,418879206.0,799849433.0,Rio Grande,Sul-Sudeste
soja,1201,2011,3,Mato Grosso,0817800 - PORTO DE SANTOS,0817800,MARITIMA,416509930.0,808700165.0,Santos,Santos
soja,1201,2011,6,Rio Grande do Sul,1017700 - PORTO DE RIO GRANDE,1017700,MARITIMA,415157790.0,825704915.0,Rio Grande,Sul-Sudeste
soja,1201,2011,9,Rio Grande do Sul,1017700 - PORTO DE RIO GRANDE,1017700,MARITIMA,414608227.0,791209780.0,Rio Grande,Sul-Sudeste
soja,1201,2011,6,Paraná,0917800 - PORTO DE PARANAGUA,0917800,MARITIMA,400316087.0,828821476.0,Paranaguá,Sul-Sudeste
soja,1201,2011,5,Paraná,0917800 - PORTO DE PARANAGUA,0917800,MARITIMA,387232526.0,837884081.0,Paranaguá,Sul-Sudeste
soja,1201,2011,6,Mato Grosso,0817800 - PORTO DE SANTOS,0817800,MARITIMA,371037056.0,759984846.0,Santos,Santos
soja,1201,2011,4,Paraná,0917800 - PORTO DE PARANAGUA,0917800,MARITIMA,368208975.0,860418179.0,Paranaguá,Sul-Sudeste
soja,1201,2011,9,Paraná,0917800 - PORTO DE PARANAGUA,0917800,MARITIMA,359866706.0,688980711.0,Paranaguá,Sul-Sudeste
soja,1201,2011,7,Rio Grande do Sul,1017700 - PORTO DE RIO GRANDE,1017700,MARITIMA,353852206.0,707774294.0,Rio Grande,Sul-Sudeste
soja,1201,2011,7,Mato Grosso,0817800 - PORTO DE SANTOS,0817800,MARITIMA,347709543.0,698831948.0,Santos,Santos
soja,1201,2011,8,Paraná,0917800 - PORTO DE PARANAGUA,0917800,MARITIMA,312517350.0,615163863.0,Paranaguá,Sul-Sudeste
soja,1201,2011,12,Mato Grosso,0817800 - PORTO DE SANTOS,0817800,MARITIMA,259161377.0,561853718.0,Santos,Santos
soja,1201,2011,11,Mato Grosso,0817800 - PORTO DE SANTOS,0817800,MARITIMA,255823827.0,510693020.0,Santos,Santos
soja,1201,2011,7,Paraná,0917800 - PORTO DE PARANAGUA,0917800,MARITIMA,245745912.0,499768730.0,Paranaguá,Sul-Sudeste
soja,1201,2011,4,Rio Grande do Sul,1017700 - PORTO DE RIO GRANDE,1017700,MARITIMA,228154451.0,478599349.0,Rio Grande,Sul-Sudeste
soja,1201,2011,3,Goiás,0817800 - PORTO DE SANTOS,0817800,MARITIMA,186593268.0,355785486.0,Santos,Santos
soja,1201,2011,8,Bahia,0517600 - PORTO DE SALVADOR,0517600,MARITIMA,185036511.0,365030011.0,Salvador/Aratu,Nordeste
soja,1201,2011,10,Rio Grande do Sul,1017700 - PORTO DE RIO GRANDE,1017700,MARITIMA,183988370.0,345634781.0,Rio Grande,Sul-Sudeste
soja,1201,2011,4,Goiás,0817800 - PORTO DE SANTOS,0817800,MARITIMA,175006840.0,335928444.0,Santos,Santos
soja,1201,2011,5,Goiás,0817800 - PORTO DE SANTOS,0817800,MARITIMA,169661889.0,345161337.0,Santos,Santos
soja,1201,2011,4,São Paulo,0817800 - PORTO DE SANTOS,0817800,MARITIMA,151713514.0,298442954.0,Santos,Santos
soja,1201,2011,8,Paraná,0927700 - PORTO DE SAO FRANCISCO DO SUL,0927700,MARITIMA,145670906.0,278293438.0,São Francisco do Sul,Sul-Sudeste
soja,1201,2011,3,Paraná,0917800 - PORTO DE PARANAGUA,0917800,MARITIMA,141896713.0,312423551.0,Paranaguá,Sul-Sudeste
soja,1201,2011,6,Bahia,0517600 - PORTO DE SALVADOR,0517600,MARITIMA,138396328.0,286869552.0,Salvador/Aratu,Nordeste
soja,1201,2011,3,São Paulo,0817800 - PORTO DE SANTOS,0817800,MARITIMA,124740662.0,235623492.0,Santos,Santos
soja,1201,2011,10,Paraná,0917800 - PORTO DE PARANAGUA,0917800,MARITIMA,120501272.0,241405230.0,Paranaguá,Sul-Sudeste
soja,1201,2011,5,Bahia,0517600 - PORTO DE SALVADOR,0517600,MARITIMA,119848614.0,243527518.0,Salvador/Aratu,Nordeste
soja,1201,2011,10,Mato Grosso,0817800 - PORTO DE SANTOS,0817800,MARITIMA,118349866.0,222035993.0,Santos,Santos
soja,1201,2011,4,Paraná,0927700 - PORTO DE SAO FRANCISCO DO SUL,0927700,MARITIMA,118058966.0,249047551.0,São Francisco do Sul,Sul-Sudeste
soja,1201,2011,12,Paraná,0917800 - PORTO DE PARANAGUA,0917800,MARITIMA,116567252.0,239760699.0,Paranaguá,Sul-Sudeste
soja,1201,2011,8,Maranhão,0327600 - PORTO DE SAO LUIS,0327600,MARITIMA,111694084.0,216052451.0,São Luís/Itaqui,Arco Norte
soja,1201,2011,12,Rio Grande do Sul,1017700 - PORTO DE RIO GRANDE,1017700,MARITIMA,110166290.0,225981274.0,Rio Grande,Sul-Sudeste
soja,1201,2011,7,Paraná,0927700 - PORTO DE SAO FRANCISCO DO SUL,0927700,MARITIMA,105881887.0,209400451.0,São Francisco do Sul,Sul-Sudeste
soja,1201,2011,11,Paraná,0917800 - PORTO DE PARANAGUA,0917800,MARITIMA,101976620.0,203860683.0,Paranaguá,Sul-Sudeste
soja,1201,2011,7,Bahia,0517600 - PORTO DE SALVADOR,0517600,MARITIMA,99635513.0,201271128.0,Salvador/Aratu,Nordeste
soja,1201,2011,9,Maranhão,0327600 - PORTO DE SAO LUIS,0327600,MARITIMA,99538540.0,193041293.0,São Luís/Itaqui,Arco Norte
soja,1201,2011,9,Bahia,0517600 - PORTO DE SALVADOR,0517600,MARITIMA,99052071.0,212614397.0,Salvador/Aratu,Nordeste
soja,1201,2011,8,Mato Grosso,0817800 - PORTO DE SANTOS,0817800,MARITIMA,98305999.0,188282900.0,Santos,Santos
soja,1201,2011,4,Mato Grosso do Sul,0817800 - PORTO DE SANTOS,0817800,MARITIMA,96647776.0,189676518.0,Santos,Santos
soja,1201,2011,5,Paraná,0927700 - PORTO DE SAO FRANCISCO DO SUL,0927700,MARITIMA,92729667.0,193334814.0,São Francisco do Sul,Sul-Sudeste
soja,1201,2011,11,Maranhão,0327600 - PORTO DE SAO LUIS,0327600,MARITIMA,87697413.0,179670882.0,São Luís/Itaqui,Arco Norte
soja,1201,2011,6,Goiás,0817800 - PORTO DE SANTOS,0817800,MARITIMA,80910018.0,162060957.0,Santos,Santos
soja,1201,2011,5,Mato Grosso,0227600 - PORTO DE MANAUS,0227600,MARITIMA,78847853.0,156067660.0,Manaus,Arco Norte
soja,1201,2011,8,Goiás,0727600 - PORTO DE VITORIA,0727600,MARITIMA,78420035.0,150861941.0,Vitória,Sul-Sudeste
soja,1201,2011,9,Mato Grosso,0817800 - PORTO DE SANTOS,0817800,MARITIMA,76582467.0,140024475.0,Santos,Santos
soja,1201,2011,6,Tocantins,0327600 - PORTO DE SAO LUIS,0327600,MARITIMA,76458562.0,153381471.0,São Luís/Itaqui,Arco Norte
soja,1201,2011,6,Goiás,0727600 - PORTO DE VITORIA,0727600,MARITIMA,75781401.0,150989039.0,Vitória,Sul-Sudeste
soja,1201,2011,4,Mato Grosso,0727600 - PORTO DE VITORIA,0727600,MARITIMA,75712493.0,151756898.0,Vitória,Sul-Sudeste
soja,1201,2011,5,Tocantins,0327600 - PORTO DE SAO LUIS,0327600,MARITIMA,74322384.0,157023657.0,São Luís/Itaqui,Arco Norte
soja,1201,2011,8,Mato Grosso,0227600 - PORTO DE MANAUS,0227600,MARITIMA,74309350.0,146900414.0,Manaus,Arco Norte
soja,1201,2011,7,Mato Grosso,0227600 - PORTO DE MANAUS,0227600,MARITIMA,71245366.0,131584121.0,Manaus,Arco Norte
soja,1201,2011,3,Mato Grosso,0917800 - PORTO DE PARANAGUA,0917800,MARITIMA,70402906.0,155921674.0,Paranaguá,Sul-Sudeste
soja,1201,2011,4,Tocantins,0327600 - PORTO DE SAO LUIS,0327600,MARITIMA,67172992.0,141315240.0,São Luís/Itaqui,Arco Norte
soja,1201,2011,4,Mato Grosso,0917800 - PORTO DE PARANAGUA,0917800,MARITIMA,66493681.0,151065775.0,Paranaguá,Sul-Sudeste
soja,1201,2011,6,Maranhão,0327600 - PORTO DE SAO LUIS,0327600,MARITIMA,66304121.0,136678794.0,São Luís/Itaqui,Arco Norte
soja,1201,2011,8,Mato Grosso,0727600 - PORTO DE VITORIA,0727600,MARITIMA,65800187.0,126875710.0,Vitória,Sul-Sudeste
soja,1201,2011,7,Goiás,0817800 - PORTO DE SANTOS,0817800,MARITIMA,65742452.0,129134438.0,Santos,Santos
soja,1201,2011,4,Maranhão,0327600 - PORTO DE SAO LUIS,0327600,MARITIMA,64247709.0,152344357.0,São Luís/Itaqui,Arco Norte
soja,1201,2011,11,Paraná,0927700 - PORTO DE SAO FRANCISCO DO SUL,0927700,MARITIMA,64054393.0,127498280.0,São Francisco do Sul,Sul-Sudeste
soja,1201,2011,4,Goiás,0727600 - PORTO DE VITORIA,0727600,MARITIMA,63924006.0,124921188.0,Vitória,Sul-Sudeste
soja,1201,2011,3,Mato Grosso do Sul,0817800 - PORTO DE SANTOS,0817800,MARITIMA,63155094.0,116862456.0,Santos,Santos
soja,1201,2011,7,Mato Grosso,0727600 - PORTO DE VITORIA,0727600,MARITIMA,63089679.0,124568553.0,Vitória,Sul-Sudeste
soja,1201,2011,5,São Paulo,0817800 - PORTO DE SANTOS,0817800,MARITIMA,61477385.0,130427979.0,Santos,Santos
soja,1201,2011,3,Mato Grosso,0210200 - SANTAREM,0210200,FLUVIAL,60908638.0,113300990.0,Santarém,Arco Norte
soja,1201,2011,6,Mato Grosso,0227600 - PORTO DE MANAUS,0227600,MARITIMA,59221707.0,120329500.0,Manaus,Arco Norte
soja,1201,2011,5,Mato Grosso,0727600 - PORTO DE VITORIA,0727600,MARITIMA,58716141.0,111580001.0,Vitória,Sul-Sudeste
soja,1201,2011,5,Maranhão,0327600 - PORTO DE SAO LUIS,0327600,MARITIMA,57053622.0,129293395.0,São Luís/Itaqui,Arco Norte
soja,1201,2011,3,Rio Grande do Sul,1017700 - PORTO DE RIO GRANDE,1017700,MARITIMA,57049881.0,113658000.0,Rio Grande,Sul-Sudeste
soja,1201,2011,3,Paraná,0927700 - PORTO DE SAO FRANCISCO DO SUL,0927700,MARITIMA,56277674.0,110044745.0,São Francisco do Sul,Sul-Sudeste
soja,1201,2011,8,Tocantins,0327600 - PORTO DE SAO LUIS,0327600,MARITIMA,55656121.0,107476248.0,São Luís/Itaqui,Arco Norte
soja,1201,2011,4,Mato Grosso,0227600 - PORTO DE MANAUS,0227600,MARITIMA,55389570.0,118380690.0,Manaus,Arco Norte
soja,1201,2011,6,Mato Grosso,0917800 - PORTO DE PARANAGUA,0917800,MARITIMA,55244162.0,113778266.0,Paranaguá,Sul-Sudeste
soja,1201,2011,7,Maranhão,0327600 - PORTO DE SAO LUIS,0327600,MARITIMA,54725324.0,125453998.0,São Luís/Itaqui,Arco Norte
soja,1201,2011,12,Paraná,0927700 - PORTO DE SAO FRANCISCO DO SUL,0927700,MARITIMA,53756654.0,114685596.0,São Francisco do Sul,Sul-Sudeste
soja,1201,2011,3,Mato Grosso,0227600 - PORTO DE MANAUS,0227600,MARITIMA,52528757.0,111486068.0,Manaus,Arco Norte
soja,1201,2011,6,Mato Grosso,0727600 - PORTO DE VITORIA,0727600,MARITIMA,51463189.0,104280235.0,Vitória,Sul-Sudeste
soja,1201,2011,5,Mato Grosso,0917800 - PORTO DE PARANAGUA,0917800,MARITIMA,51390590.0,105540587.0,Paranaguá,Sul-Sudeste
soja,1201,2011,6,São Paulo,0817800 - PORTO DE SANTOS,0817800,MARITIMA,49576936.0,103827645.0,Santos,Santos
soja,1201,2011,4,Bahia,0517600 - PORTO DE SALVADOR,0517600,MARITIMA,48288953.0,99579230.0,Salvador/Aratu,Nordeste
soja,1201,2011,9,Paraná,0927700 - PORTO DE SAO FRANCISCO DO SUL,0927700,MARITIMA,47870908.0,88309074.0,São Francisco do Sul,Sul-Sudeste
soja,1201,2011,5,Goiás,0727600 - PORTO DE VITORIA,0727600,MARITIMA,47290566.0,94296823.0,Vitória,Sul-Sudeste
soja,1201,2011,9,Bahia,0727600 - PORTO DE VITORIA,0727600,MARITIMA,47021398.0,90834711.0,Vitória,Sul-Sudeste
soja,1201,2011,6,Mato Grosso do Sul,0917800 - PORTO DE PARANAGUA,0917800,MARITIMA,46368236.0,97650515.0,Paranaguá,Sul-Sudeste
soja,1201,2011,6,Paraná,0927700 - PORTO DE SAO FRANCISCO DO SUL,0927700,MARITIMA,45970668.0,91158554.0,São Francisco do Sul,Sul-Sudeste
soja,1201,2011,9,Tocantins,0327600 - PORTO DE SAO LUIS,0327600,MARITIMA,45371298.0,85895346.0,São Luís/Itaqui,Arco Norte
soja,1201,2011,2,Mato Grosso,0817800 - PORTO DE SANTOS,0817800,MARITIMA,45031234.0,88792347.0,Santos,Santos
soja,1201,2011,3,Goiás,0727600 - PORTO DE VITORIA,0727600,MARITIMA,43756088.0,81566432.0,Vitória,Sul-Sudeste
soja,1201,2011,10,Paraná,0927700 - PORTO DE SAO FRANCISCO DO SUL,0927700,MARITIMA,42585481.0,81155867.0,São Francisco do Sul,Sul-Sudeste
soja,1201,2011,5,Mato Grosso do Sul,0817800 - PORTO DE SANTOS,0817800,MARITIMA,41925075.0,82003264.0,Santos,Santos
soja,1201,2011,8,Mato Grosso do Sul,0917800 - PORTO DE PARANAGUA,0917800,MARITIMA,40789600.0,75202257.0,Paranaguá,Sul-Sudeste
soja,1201,2011,11,Goiás,0727600 - PORTO DE VITORIA,0727600,MARITIMA,40708308.0,75671943.0,Vitória,Sul-Sudeste
soja,1201,2011,4,Mato Grosso do Sul,0927700 - PORTO DE SAO FRANCISCO DO SUL,0927700,MARITIMA,40065333.0,80139353.0,São Francisco do Sul,Sul-Sudeste
soja,1201,2011,12,Goiás,0727600 - PORTO DE VITORIA,0727600,MARITIMA,39526713.0,81311625.0,Vitória,Sul-Sudeste
soja,1201,2011,10,Maranhão,0327600 - PORTO DE SAO LUIS,0327600,MARITIMA,39315527.0,73548149.0,São Luís/Itaqui,Arco Norte
soja,1201,2011,7,Mato Grosso do Sul,0817800 - PORTO DE SANTOS,0817800,MARITIMA,39189564.0,81636858.0,Santos,Santos
soja,1201,2011,6,Santa Catarina,0927700 - PORTO DE SAO FRANCISCO DO SUL,0927700,MARITIMA,37957125.0,76074516.0,São Francisco do Sul,Sul-Sudeste
soja,1201,2011,11,Mato Grosso,0727600 - PORTO DE VITORIA,0727600,MARITIMA,37749488.0,72345940.0,Vitória,Sul-Sudeste
soja,1201,2011,11,Bahia,0517600 - PORTO DE SALVADOR,0517600,MARITIMA,37048017.0,79115619.0,Salvador/Aratu,Nordeste
soja,1201,2011,5,Minas Gerais,0817800 - PORTO DE SANTOS,0817800,MARITIMA,36885091.0,66409237.0,Santos,Santos
soja,1201,2011,5,Santa Catarina,0927700 - PORTO DE SAO FRANCISCO DO SUL,0927700,MARITIMA,36811081.0,75026044.0,São Francisco do Sul,Sul-Sudeste
soja,1201,2011,9,Mato Grosso,0227600 - PORTO DE MANAUS,0227600,MARITIMA,35978741.0,72444815.0,Manaus,Arco Norte
soja,1201,2011,7,Mato Grosso do Sul,0927700 - PORTO DE SAO FRANCISCO DO SUL,0927700,MARITIMA,35720317.0,70940097.0,São Francisco do Sul,Sul-Sudeste
soja,1201,2011,11,Rio Grande do Sul,1017700 - PORTO DE RIO GRANDE,1017700,MARITIMA,34857268.0,70495925.0,Rio Grande,Sul-Sudeste
soja,1201,2011,6,Minas Gerais,0727600 - PORTO DE VITORIA,0727600,MARITIMA,33787062.0,65388466.0,Vitória,Sul-Sudeste
soja,1201,2011,8,Mato Grosso,0917800 - PORTO DE PARANAGUA,0917800,MARITIMA,33565108.0,68384873.0,Paranaguá,Sul-Sudeste
soja,1201,2011,7,Goiás,0727600 - PORTO DE VITORIA,0727600,MARITIMA,32495765.0,69382594.0,Vitória,Sul-Sudeste
soja,1201,2011,4,São Paulo,1017700 - PORTO DE RIO GRANDE,1017700,MARITIMA,32369444.0,62853290.0,Rio Grande,Sul-Sudeste
soja,1201,2011,4,Minas Gerais,0817800 - PORTO DE SANTOS,0817800,MARITIMA,32367400.0,63646106.0,Santos,Santos
soja,1201,2011,1,Rio Grande do Sul,1017700 - PORTO DE RIO GRANDE,1017700,MARITIMA,32334339.0,68056170.0,Rio Grande,Sul-Sudeste
soja,1201,2011,5,Minas Gerais,0727600 - PORTO DE VITORIA,0727600,MARITIMA,32325329.0,63723622.0,Vitória,Sul-Sudeste
soja,1201,2011,9,Goiás,0727600 - PORTO DE VITORIA,0727600,MARITIMA,30990339.0,58083238.0,Vitória,Sul-Sudeste
soja,1201,2011,6,Rio Grande do Sul,0927700 - PORTO DE SAO FRANCISCO DO SUL,0927700,MARITIMA,30568385.0,68091436.0,São Francisco do Sul,Sul-Sudeste
soja,1201,2011,3,Mato Grosso,0727600 - PORTO DE VITORIA,0727600,MARITIMA,30195893.0,61234200.0,Vitória,Sul-Sudeste
soja,1201,2011,11,Bahia,0727600 - PORTO DE VITORIA,0727600,MARITIMA,30192325.0,59190541.0,Vitória,Sul-Sudeste
soja,1201,2011,6,Minas Gerais,0817800 - PORTO DE SANTOS,0817800,MARITIMA,29973504.0,59009894.0,Santos,Santos
soja,1201,2011,8,Mato Grosso,0210200 - SANTAREM,0210200,FLUVIAL,28540166.0,56133730.0,Santarém,Arco Norte
soja,1201,2011,6,Mato Grosso,0927700 - PORTO DE SAO FRANCISCO DO SUL,0927700,MARITIMA,28450011.0,58498197.0,São Francisco do Sul,Sul-Sudeste
soja,1201,2011,9,Mato Grosso do Sul,0917800 - PORTO DE PARANAGUA,0917800,MARITIMA,28302006.0,53983428.0,Paranaguá,Sul-Sudeste
soja,1201,2011,8,Minas Gerais,0727600 - PORTO DE VITORIA,0727600,MARITIMA,28226260.0,53936225.0,Vitória,Sul-Sudeste
soja,1201,2011,11,Mato Grosso,0227600 - PORTO DE MANAUS,0227600,MARITIMA,27310835.0,55403655.0,Manaus,Arco Norte
soja,1201,2011,8,Mato Grosso do Sul,0927700 - PORTO DE SAO FRANCISCO DO SUL,0927700,MARITIMA,26886909.0,52379277.0,São Francisco do Sul,Sul-Sudeste
soja,1201,2011,7,Mato Grosso,0210200 - SANTAREM,0210200,FLUVIAL,26773893.0,60925000.0,Santarém,Arco Norte
soja,1201,2011,11,Mato Grosso,0917800 - PORTO DE PARANAGUA,0917800,MARITIMA,26632610.0,57057728.0,Paranaguá,Sul-Sudeste
soja,1201,2011,7,Mato Grosso do Sul,0917800 - PORTO DE PARANAGUA,0917800,MARITIMA,26482717.0,51138347.0,Paranaguá,Sul-Sudeste
soja,1201,2011,2,Goiás,0817800 - PORTO DE SANTOS,0817800,MARITIMA,26441184.0,48889098.0,Santos,Santos
soja,1201,2011,9,Mato Grosso,0727600 - PORTO DE VITORIA,0727600,MARITIMA,25965038.0,48854241.0,Vitória,Sul-Sudeste
soja,1201,2011,12,Mato Grosso,0210200 - SANTAREM,0210200,FLUVIAL,25939121.0,56069050.0,Santarém,Arco Norte
soja,1201,2011,10,Mato Grosso,0927700 - PORTO DE SAO FRANCISCO DO SUL,0927700,MARITIMA,25037710.0,43853974.0,São Francisco do Sul,Sul-Sudeste
soja,1201,2011,9,Mato Grosso,0917800 - PORTO DE PARANAGUA,0917800,MARITIMA,24671897.0,46507420.0,Paranaguá,Sul-Sudeste
soja,1201,2011,7,Mato Grosso,0917800 - PORTO DE PARANAGUA,0917800,MARITIMA,24471084.0,52290186.0,Paranaguá,Sul-Sudeste
soja,1201,2011,5,Rondônia,0210200 - SANTAREM,0210200,FLUVIAL,24445663.0,63214155.0,Santarém,Arco Norte
soja,1201,2011,5,Mato Grosso do Sul,0917800 - PORTO DE PARANAGUA,0917800,MARITIMA,24403692.0,56289602.0,Paranaguá,Sul-Sudeste
soja,1201,2011,4,Mato Grosso,0210200 - SANTAREM,0210200,FLUVIAL,24347150.0,45570020.0,Santarém,Arco Norte
soja,1201,2011,8,Piauí,0327600 - PORTO DE SAO LUIS,0327600,MARITIMA,23753051.0,44626436.0,São Luís/Itaqui,Arco Norte
soja,1201,2011,7,Pará,0327600 - PORTO DE SAO LUIS,0327600,MARITIMA,23316055.0,47155325.0,São Luís/Itaqui,Arco Norte
soja,1201,2011,1,Mato Grosso,0227600 - PORTO DE MANAUS,0227600,MARITIMA,23248130.0,44936217.0,Manaus,Arco Norte
soja,1201,2011,4,Mato Grosso do Sul,0917800 - PORTO DE PARANAGUA,0917800,MARITIMA,23243996.0,58131886.0,Paranaguá,Sul-Sudeste
soja,1201,2011,10,Mato Grosso,0917800 - PORTO DE PARANAGUA,0917800,MARITIMA,23200779.0,47257413.0,Paranaguá,Sul-Sudeste
soja,1201,2011,7,Bahia,0727600 - PORTO DE VITORIA,0727600,MARITIMA,22823334.0,46502477.0,Vitória,Sul-Sudeste
soja,1201,2011,4,Minas Gerais,0727600 - PORTO DE VITORIA,0727600,MARITIMA,22528570.0,43842107.0,Vitória,Sul-Sudeste
soja,1201,2011,11,Mato Grosso,0327600 - PORTO DE SAO LUIS,0327600,MARITIMA,21767419.0,45212608.0,São Luís/Itaqui,Arco Norte
soja,1201,2011,3,Minas Gerais,0817800 - PORTO DE SANTOS,0817800,MARITIMA,21762584.0,40108987.0,Santos,Santos
soja,1201,2011,7,Piauí,0327600 - PORTO DE SAO LUIS,0327600,MARITIMA,21650408.0,49570149.0,São Luís/Itaqui,Arco Norte
soja,1201,2011,10,Bahia,0727600 - PORTO DE VITORIA,0727600,MARITIMA,21239813.0,40163949.0,Vitória,Sul-Sudeste
soja,1201,2011,7,Minas Gerais,0817800 - PORTO DE SANTOS,0817800,MARITIMA,20912736.0,40166816.0,Santos,Santos
soja,1201,2011,5,Mato Grosso do Sul,0927700 - PORTO DE SAO FRANCISCO DO SUL,0927700,MARITIMA,20612601.0,40855306.0,São Francisco do Sul,Sul-Sudeste
soja,1201,2011,8,Pará,0327600 - PORTO DE SAO LUIS,0327600,MARITIMA,20571152.0,39276768.0,São Luís/Itaqui,Arco Norte
soja,1201,2011,4,Mato Grosso,0327600 - PORTO DE SAO LUIS,0327600,MARITIMA,20214352.0,50815403.0,São Luís/Itaqui,Arco Norte
soja,1201,2011,3,Mato Grosso do Sul,0917800 - PORTO DE PARANAGUA,0917800,MARITIMA,19490676.0,40308535.0,Paranaguá,Sul-Sudeste
soja,1201,2011,8,Bahia,0727600 - PORTO DE VITORIA,0727600,MARITIMA,19310142.0,39582061.0,Vitória,Sul-Sudeste
soja,1201,2011,9,Bahia,0510552 - ILHEUS,0510552,MARITIMA,19183699.0,36962811.0,,
soja,1201,2011,6,Mato Grosso do Sul,0817800 - PORTO DE SANTOS,0817800,MARITIMA,19072384.0,37162618.0,Santos,Santos
soja,1201,2011,11,Minas Gerais,0727600 - PORTO DE VITORIA,0727600,MARITIMA,18927206.0,35038748.0,Vitória,Sul-Sudeste
soja,1201,2011,9,Mato Grosso,0927700 - PORTO DE SAO FRANCISCO DO SUL,0927700,MARITIMA,18860526.0,33280787.0,São Francisco do Sul,Sul-Sudeste
soja,1201,2011,10,Mato Grosso,0327600 - PORTO DE SAO LUIS,0327600,MARITIMA,18860078.0,35581752.0,São Luís/Itaqui,Arco Norte
soja,1201,2011,4,Mato Grosso,0927700 - PORTO DE SAO FRANCISCO DO SUL,0927700,MARITIMA,18727793.0,39742248.0,São Francisco do Sul,Sul-Sudeste
soja,1201,2011,6,Mato Grosso,0210200 - SANTAREM,0210200,FLUVIAL,18444757.0,40149950.0,Santarém,Arco Norte
soja,1201,2011,6,Rondônia,0210200 - SANTAREM,0210200,FLUVIAL,18332177.0,43130000.0,Santarém,Arco Norte
soja,1201,2011,7,Santa Catarina,0927700 - PORTO DE SAO FRANCISCO DO SUL,0927700,MARITIMA,18202654.0,36666447.0,São Francisco do Sul,Sul-Sudeste
soja,1201,2011,9,Piauí,0327600 - PORTO DE SAO LUIS,0327600,MARITIMA,18113301.0,33903340.0,São Luís/Itaqui,Arco Norte
soja,1201,2011,5,Mato Grosso,0210200 - SANTAREM,0210200,FLUVIAL,17534319.0,45309540.0,Santarém,Arco Norte
soja,1201,2011,12,Maranhão,0327600 - PORTO DE SAO LUIS,0327600,MARITIMA,17241073.0,35743164.0,São Luís/Itaqui,Arco Norte
