ano_agricola,safra,uf,produto,id_produto,id_levantamento,dsc_levantamento,area_plantada_mil_ha,producao_mil_t,produtividade_mil_ha_mil_t
2017/18,UNICA          ,AC,ALGODAO EM CAROCO                       ,4585, 012,12º LEV             ,0.0,0.0,0
2017/18,UNICA          ,AL,ALGODAO EM CAROCO                       ,4585, 012,12º LEV             ,0.0,0.0,0
2017/18,UNICA          ,AM,ALGODAO EM CAROCO                       ,4585, 012,12º LEV             ,0.0,0.0,0
2017/18,UNICA          ,AP,ALGODAO EM CAROCO                       ,4585, 012,12º LEV             ,0.0,0.0,0
2017/18,UNICA          ,BA,ALGODAO EM CAROCO                       ,4585, 012,12º LEV             ,263.7,1246.0,4.7
2017/18,1ª SAFRA       ,CE,ALGODAO EM CAROCO                       ,4585, 012,12º LEV             ,1.2,1.0,0.8
2017/18,UNICA          ,DF,ALGODAO EM CAROCO                       ,4585, 012,12º LEV             ,0.0,0.0,0
2017/18,UNICA          ,ES,ALGODAO EM CAROCO                       ,4585, 012,12º LEV             ,0.0,0.0,0
2017/18,UNICA          ,GO,ALGODAO EM CAROCO                       ,4585, 012,12º LEV             ,33.0,135.3,4.1
2017/18,UNICA          ,MA,ALGODAO EM CAROCO                       ,4585, 012,12º LEV             ,22.3,87.3,3.9
2017/18,UNICA          ,MG,ALGODAO EM CAROCO                       ,4585, 012,12º LEV             ,25.0,99.2,4
2017/18,UNICA          ,MS,ALGODAO EM CAROCO                       ,4585, 012,12º LEV             ,30.4,136.8,4.5
2017/18,UNICA          ,MT,ALGODAO EM CAROCO                       ,4585, 012,12º LEV             ,777.8,3225.5,4.1
2017/18,UNICA          ,PA,ALGODAO EM CAROCO                       ,4585, 012,12º LEV             ,0.0,0.0,0
2017/18,UNICA          ,PB,ALGODAO EM CAROCO                       ,4585, 012,12º LEV             ,0.5,0.4,0.8
2017/18,UNICA          ,PE,ALGODAO EM CAROCO                       ,4585, 012,12º LEV             ,0.0,0.0,0
2017/18,UNICA          ,PI,ALGODAO EM CAROCO                       ,4585, 012,12º LEV             ,7.2,27.7,3.8
2017/18,UNICA          ,PR,ALGODAO EM CAROCO                       ,4585, 012,12º LEV             ,0.0,0.0,0
2017/18,UNICA          ,RJ,ALGODAO EM CAROCO                       ,4585, 012,12º LEV             ,0.0,0.0,0
2017/18,UNICA          ,RN,ALGODAO EM CAROCO                       ,4585, 012,12º LEV             ,0.3,1.3,4.3
2017/18,UNICA          ,RO,ALGODAO EM CAROCO                       ,4585, 012,12º LEV             ,0.0,0.0,0
2017/18,UNICA          ,RR,ALGODAO EM CAROCO                       ,4585, 012,12º LEV             ,4.8,20.2,4.2
2017/18,UNICA          ,RS,ALGODAO EM CAROCO                       ,4585, 012,12º LEV             ,0.0,0.0,0
2017/18,UNICA          ,SC,ALGODAO EM CAROCO                       ,4585, 012,12º LEV             ,0.0,0.0,0
2017/18,UNICA          ,SE,ALGODAO EM CAROCO                       ,4585, 012,12º LEV             ,0.0,0.0,0
2017/18,UNICA          ,SP,ALGODAO EM CAROCO                       ,4585, 012,12º LEV             ,5.7,21.7,3.8
2017/18,UNICA          ,TO,ALGODAO EM CAROCO                       ,4585, 012,12º LEV             ,2.8,10.5,3.8
2017/18,UNICA          ,AC,ALGODAO EM PLUMA                        ,4586, 012,12º LEV             ,0.0,0.0,0
2017/18,UNICA          ,AL,ALGODAO EM PLUMA                        ,4586, 012,12º LEV             ,0.0,0.0,0
2017/18,UNICA          ,AM,ALGODAO EM PLUMA                        ,4586, 012,12º LEV             ,0.0,0.0,0
2017/18,UNICA          ,AP,ALGODAO EM PLUMA                        ,4586, 012,12º LEV             ,0.0,0.0,0
2017/18,UNICA          ,BA,ALGODAO EM PLUMA                        ,4586, 012,12º LEV             ,263.7,498.4,1.9
2017/18,1ª SAFRA       ,CE,ALGODAO EM PLUMA                        ,4586, 012,12º LEV             ,1.2,0.3,0.2
2017/18,UNICA          ,CE,ALGODAO EM PLUMA                        ,4586, 099,LEVANT              ,1.2,0.3,0.2
2017/18,UNICA          ,DF,ALGODAO EM PLUMA                        ,4586, 012,12º LEV             ,0.0,0.0,0
2017/18,UNICA          ,ES,ALGODAO EM PLUMA                        ,4586, 012,12º LEV             ,0.0,0.0,0
2017/18,UNICA          ,GO,ALGODAO EM PLUMA                        ,4586, 012,12º LEV             ,33.0,53.3,1.6
2017/18,UNICA          ,MA,ALGODAO EM PLUMA                        ,4586, 012,12º LEV             ,22.3,34.9,1.6
2017/18,UNICA          ,MG,ALGODAO EM PLUMA                        ,4586, 012,12º LEV             ,25.0,39.7,1.6
2017/18,UNICA          ,MS,ALGODAO EM PLUMA                        ,4586, 012,12º LEV             ,30.4,56.1,1.8
2017/18,UNICA          ,MT,ALGODAO EM PLUMA                        ,4586, 012,12º LEV             ,777.8,1290.2,1.7
2017/18,UNICA          ,PA,ALGODAO EM PLUMA                        ,4586, 012,12º LEV             ,0.0,0.0,0
2017/18,UNICA          ,PB,ALGODAO EM PLUMA                        ,4586, 012,12º LEV             ,0.5,0.2,0.4
2017/18,UNICA          ,PE,ALGODAO EM PLUMA                        ,4586, 012,12º LEV             ,0.0,0.0,0
2017/18,UNICA          ,PI,ALGODAO EM PLUMA                        ,4586, 012,12º LEV             ,7.2,11.9,1.7
2017/18,UNICA          ,PR,ALGODAO EM PLUMA                        ,4586, 012,12º LEV             ,0.0,0.0,0
2017/18,UNICA          ,RJ,ALGODAO EM PLUMA                        ,4586, 012,12º LEV             ,0.0,0.0,0
2017/18,UNICA          ,RN,ALGODAO EM PLUMA                        ,4586, 012,12º LEV             ,0.3,0.5,1.7
2017/18,UNICA          ,RO,ALGODAO EM PLUMA                        ,4586, 012,12º LEV             ,0.0,0.0,0
2017/18,UNICA          ,RR,ALGODAO EM PLUMA                        ,4586, 012,12º LEV             ,4.8,7.7,1.6
2017/18,UNICA          ,RS,ALGODAO EM PLUMA                        ,4586, 012,12º LEV             ,0.0,0.0,0
2017/18,UNICA          ,SC,ALGODAO EM PLUMA                        ,4586, 012,12º LEV             ,0.0,0.0,0
2017/18,UNICA          ,SE,ALGODAO EM PLUMA                        ,4586, 012,12º LEV             ,0.0,0.0,0
2017/18,UNICA          ,SP,ALGODAO EM PLUMA                        ,4586, 012,12º LEV             ,5.7,8.4,1.5
2017/18,UNICA          ,TO,ALGODAO EM PLUMA                        ,4586, 012,12º LEV             ,2.8,4.2,1.5
2018/19,UNICA          ,BA,ALGODAO EM PLUMA                        ,4586, 099,LEVANT              ,332.0,597.6,1.8
2018/19,UNICA          ,CE,ALGODAO EM PLUMA                        ,4586, 099,LEVANT              ,1.0,0.3,0.3
2018/19,UNICA          ,GO,ALGODAO EM PLUMA                        ,4586, 099,LEVANT              ,42.4,68.5,1.6
2018/19,UNICA          ,MA,ALGODAO EM PLUMA                        ,4586, 099,LEVANT              ,27.7,41.1,1.5
2018/19,UNICA          ,MG,ALGODAO EM PLUMA                        ,4586, 099,LEVANT              ,42.0,67.5,1.6
2018/19,UNICA          ,MS,ALGODAO EM PLUMA                        ,4586, 099,LEVANT              ,37.0,67.7,1.8
2018/19,UNICA          ,MT,ALGODAO EM PLUMA                        ,4586, 099,LEVANT              ,1092.8,1868.7,1.7
2018/19,UNICA          ,PB,ALGODAO EM PLUMA                        ,4586, 099,LEVANT              ,0.7,0.2,0.3
2018/19,UNICA          ,PI,ALGODAO EM PLUMA                        ,4586, 099,LEVANT              ,16.1,24.8,1.5
2018/19,UNICA          ,PR,ALGODAO EM PLUMA                        ,4586, 099,LEVANT              ,0.7,0.8,1.1
2018/19,UNICA          ,RN,ALGODAO EM PLUMA                        ,4586, 099,LEVANT              ,0.3,0.4,1.3
2018/19,UNICA          ,RO,ALGODAO EM PLUMA                        ,4586, 099,LEVANT              ,5.2,7.4,1.4
2018/19,UNICA          ,RR,ALGODAO EM PLUMA                        ,4586, 099,LEVANT              ,6.0,10.5,1.8
2018/19,UNICA          ,SP,ALGODAO EM PLUMA                        ,4586, 099,LEVANT              ,9.9,16.2,1.6
2018/19,UNICA          ,TO,ALGODAO EM PLUMA                        ,4586, 099,LEVANT              ,4.4,7.1,1.6
2019/20,UNICA          ,AL,ALGODAO EM PLUMA                        ,4586, 099,LEVANT              ,0.5,0.5,1
2019/20,UNICA          ,BA,ALGODAO EM PLUMA                        ,4586, 099,LEVANT              ,313.7,596.7,1.9
2019/20,UNICA          ,CE,ALGODAO EM PLUMA                        ,4586, 099,LEVANT              ,2.8,0.9,0.3
2019/20,UNICA          ,GO,ALGODAO EM PLUMA                        ,4586, 099,LEVANT              ,35.5,60.1,1.7
2019/20,UNICA          ,MA,ALGODAO EM PLUMA                        ,4586, 099,LEVANT              ,27.8,45.9,1.7
2019/20,UNICA          ,MG,ALGODAO EM PLUMA                        ,4586, 099,LEVANT              ,38.1,64.5,1.7
2019/20,UNICA          ,MS,ALGODAO EM PLUMA                        ,4586, 099,LEVANT              ,32.0,58.3,1.8
2019/20,UNICA          ,MT,ALGODAO EM PLUMA                        ,4586, 099,LEVANT              ,1166.0,2098.7,1.8
2019/20,UNICA          ,PB,ALGODAO EM PLUMA                        ,4586, 099,LEVANT              ,1.9,1.1,0.6
2019/20,UNICA          ,PI,ALGODAO EM PLUMA                        ,4586, 099,LEVANT              ,18.3,30.4,1.7
2019/20,UNICA          ,PR,ALGODAO EM PLUMA                        ,4586, 099,LEVANT              ,1.2,1.3,1.1
2019/20,UNICA          ,RN,ALGODAO EM PLUMA                        ,4586, 099,LEVANT              ,0.3,0.4,1.3
2019/20,UNICA          ,RO,ALGODAO EM PLUMA                        ,4586, 099,LEVANT              ,9.8,14.5,1.5
2019/20,UNICA          ,SP,ALGODAO EM PLUMA                        ,4586, 099,LEVANT              ,11.0,17.2,1.6
2019/20,UNICA          ,TO,ALGODAO EM PLUMA                        ,4586, 099,LEVANT              ,6.7,11.1,1.7
2020/21,UNICA          ,AL,ALGODAO EM PLUMA                        ,4586, 099,LEVANT              ,1.0,0.8,0.8
2020/21,UNICA          ,BA,ALGODAO EM PLUMA                        ,4586, 099,LEVANT              ,266.6,506.6,1.9
2020/21,UNICA          ,CE,ALGODAO EM PLUMA                        ,4586, 099,LEVANT              ,2.4,2.3,1
2020/21,UNICA          ,GO,ALGODAO EM PLUMA                        ,4586, 099,LEVANT              ,27.3,46.3,1.7
2020/21,UNICA          ,MA,ALGODAO EM PLUMA                        ,4586, 099,LEVANT              ,25.6,44.5,1.7
2020/21,UNICA          ,MG,ALGODAO EM PLUMA                        ,4586, 099,LEVANT              ,31.8,47.4,1.5
2020/21,UNICA          ,MS,ALGODAO EM PLUMA                        ,4586, 099,LEVANT              ,22.5,44.7,2
2020/21,UNICA          ,MT,ALGODAO EM PLUMA                        ,4586, 099,LEVANT              ,961.3,1617.1,1.7
2020/21,UNICA          ,PB,ALGODAO EM PLUMA                        ,4586, 099,LEVANT              ,1.5,0.6,0.4
2020/21,UNICA          ,PI,ALGODAO EM PLUMA                        ,4586, 099,LEVANT              ,9.6,19.0,2
2020/21,UNICA          ,PR,ALGODAO EM PLUMA                        ,4586, 099,LEVANT              ,0.8,0.9,1.1
2020/21,UNICA          ,RN,ALGODAO EM PLUMA                        ,4586, 099,LEVANT              ,0.3,0.4,1.3
2020/21,UNICA          ,RO,ALGODAO EM PLUMA                        ,4586, 099,LEVANT              ,8.1,11.4,1.4
2020/21,UNICA          ,SP,ALGODAO EM PLUMA                        ,4586, 099,LEVANT              ,4.7,7.3,1.6
2020/21,UNICA          ,TO,ALGODAO EM PLUMA                        ,4586, 099,LEVANT              ,7.1,9.7,1.4
2021/22,UNICA          ,AL,ALGODAO EM PLUMA                        ,4586, 099,LEVANT              ,0.5,0.3,0.6
2021/22,UNICA          ,BA,ALGODAO EM PLUMA                        ,4586, 099,LEVANT              ,307.7,520.5,1.7
2021/22,UNICA          ,CE,ALGODAO EM PLUMA                        ,4586, 099,LEVANT              ,2.3,1.4,0.6
2021/22,UNICA          ,GO,ALGODAO EM PLUMA                        ,4586, 099,LEVANT              ,27.1,48.0,1.8
2021/22,UNICA          ,MA,ALGODAO EM PLUMA                        ,4586, 099,LEVANT              ,27.2,56.7,2.1
2021/22,UNICA          ,MG,ALGODAO EM PLUMA                        ,4586, 099,LEVANT              ,29.4,44.3,1.5
2021/22,UNICA          ,MS,ALGODAO EM PLUMA                        ,4586, 099,LEVANT              ,25.8,49.0,1.9
2021/22,UNICA          ,MT,ALGODAO EM PLUMA                        ,4586, 099,LEVANT              ,1140.1,1766.0,1.5
2021/22,UNICA          ,PB,ALGODAO EM PLUMA                        ,4586, 099,LEVANT              ,1.2,0.4,0.3
2021/22,UNICA          ,PI,ALGODAO EM PLUMA                        ,4586, 099,LEVANT              ,15.6,27.3,1.8
2021/22,UNICA          ,PR,ALGODAO EM PLUMA                        ,4586, 099,LEVANT              ,1.2,1.4,1.2
2021/22,UNICA          ,RN,ALGODAO EM PLUMA                        ,4586, 099,LEVANT              ,0.3,0.4,1.3
2021/22,UNICA          ,RO,ALGODAO EM PLUMA                        ,4586, 099,LEVANT              ,8.1,12.0,1.5
2021/22,UNICA          ,SP,ALGODAO EM PLUMA                        ,4586, 099,LEVANT              ,8.5,13.0,1.5
2021/22,UNICA          ,TO,ALGODAO EM PLUMA                        ,4586, 099,LEVANT              ,5.4,9.4,1.7
2022/23,UNICA          ,AC,ALGODAO EM PLUMA                        ,4586, 010,10º LEV             ,0.0,0.0,0
2022/23,UNICA          ,AC,ALGODAO EM PLUMA                        ,4586, 011,11º LEV             ,0.0,0.0,0
2022/23,UNICA          ,AC,ALGODAO EM PLUMA                        ,4586, 012,12º LEV             ,0.0,0.0,0
2022/23,UNICA          ,AC,ALGODAO EM PLUMA                        ,4586, 001,1º LEV              ,0.0,0.0,0
2022/23,UNICA          ,AC,ALGODAO EM PLUMA                        ,4586, 002,2º LEV              ,0.0,0.0,0
2022/23,UNICA          ,AC,ALGODAO EM PLUMA                        ,4586, 003,3º LEV              ,0.0,0.0,0
2022/23,UNICA          ,AC,ALGODAO EM PLUMA                        ,4586, 004,4º LEV              ,0.0,0.0,0
2022/23,UNICA          ,AC,ALGODAO EM PLUMA                        ,4586, 005,5º LEV              ,0.0,0.0,0
2022/23,UNICA          ,AC,ALGODAO EM PLUMA                        ,4586, 006,6º LEV              ,0.0,0.0,0
2022/23,UNICA          ,AC,ALGODAO EM PLUMA                        ,4586, 007,7º LEV              ,0.0,0.0,0
2022/23,UNICA          ,AC,ALGODAO EM PLUMA                        ,4586, 008,8º LEV              ,0.0,0.0,0
2022/23,UNICA          ,AC,ALGODAO EM PLUMA                        ,4586, 009,9º LEV              ,0.0,0.0,0
2022/23,UNICA          ,AL,ALGODAO EM PLUMA                        ,4586, 010,10º LEV             ,0.0,0.0,0
2022/23,UNICA          ,AL,ALGODAO EM PLUMA                        ,4586, 011,11º LEV             ,0.0,0.0,0
2022/23,UNICA          ,AL,ALGODAO EM PLUMA                        ,4586, 012,12º LEV             ,0.0,0.0,0
2022/23,UNICA          ,AL,ALGODAO EM PLUMA                        ,4586, 001,1º LEV              ,0.5,0.5,1
2022/23,UNICA          ,AL,ALGODAO EM PLUMA                        ,4586, 002,2º LEV              ,0.5,0.5,1
2022/23,UNICA          ,AL,ALGODAO EM PLUMA                        ,4586, 003,3º LEV              ,0.5,0.2,0.4
2022/23,UNICA          ,AL,ALGODAO EM PLUMA                        ,4586, 004,4º LEV              ,0.5,0.2,0.4
2022/23,UNICA          ,AL,ALGODAO EM PLUMA                        ,4586, 005,5º LEV              ,0.5,0.2,0.4
2022/23,UNICA          ,AL,ALGODAO EM PLUMA                        ,4586, 006,6º LEV              ,0.5,0.2,0.4
2022/23,UNICA          ,AL,ALGODAO EM PLUMA                        ,4586, 007,7º LEV              ,0.5,0.2,0.4
2022/23,UNICA          ,AL,ALGODAO EM PLUMA                        ,4586, 008,8º LEV              ,0.5,0.2,0.4
2022/23,UNICA          ,AL,ALGODAO EM PLUMA                        ,4586, 009,9º LEV              ,0.0,0.0,0
2022/23,UNICA          ,AM,ALGODAO EM PLUMA                        ,4586, 010,10º LEV             ,0.0,0.0,0
2022/23,UNICA          ,AM,ALGODAO EM PLUMA                        ,4586, 011,11º LEV             ,0.0,0.0,0
2022/23,UNICA          ,AM,ALGODAO EM PLUMA                        ,4586, 012,12º LEV             ,0.0,0.0,0
2022/23,UNICA          ,AM,ALGODAO EM PLUMA                        ,4586, 001,1º LEV              ,0.0,0.0,0
2022/23,UNICA          ,AM,ALGODAO EM PLUMA                        ,4586, 002,2º LEV              ,0.0,0.0,0
2022/23,UNICA          ,AM,ALGODAO EM PLUMA                        ,4586, 003,3º LEV              ,0.0,0.0,0
2022/23,UNICA          ,AM,ALGODAO EM PLUMA                        ,4586, 004,4º LEV              ,0.0,0.0,0
2022/23,UNICA          ,AM,ALGODAO EM PLUMA                        ,4586, 005,5º LEV              ,0.0,0.0,0
2022/23,UNICA          ,AM,ALGODAO EM PLUMA                        ,4586, 006,6º LEV              ,0.0,0.0,0
2022/23,UNICA          ,AM,ALGODAO EM PLUMA                        ,4586, 007,7º LEV              ,0.0,0.0,0
2022/23,UNICA          ,AM,ALGODAO EM PLUMA                        ,4586, 008,8º LEV              ,0.0,0.0,0
2022/23,UNICA          ,AM,ALGODAO EM PLUMA                        ,4586, 009,9º LEV              ,0.0,0.0,0
2022/23,UNICA          ,AP,ALGODAO EM PLUMA                        ,4586, 010,10º LEV             ,0.0,0.0,0
2022/23,UNICA          ,AP,ALGODAO EM PLUMA                        ,4586, 011,11º LEV             ,0.0,0.0,0
2022/23,UNICA          ,AP,ALGODAO EM PLUMA                        ,4586, 012,12º LEV             ,0.0,0.0,0
2022/23,UNICA          ,AP,ALGODAO EM PLUMA                        ,4586, 001,1º LEV              ,0.0,0.0,0
2022/23,UNICA          ,AP,ALGODAO EM PLUMA                        ,4586, 002,2º LEV              ,0.0,0.0,0
2022/23,UNICA          ,AP,ALGODAO EM PLUMA                        ,4586, 003,3º LEV              ,0.0,0.0,0
2022/23,UNICA          ,AP,ALGODAO EM PLUMA                        ,4586, 004,4º LEV              ,0.0,0.0,0
2022/23,UNICA          ,AP,ALGODAO EM PLUMA                        ,4586, 005,5º LEV              ,0.0,0.0,0
2022/23,UNICA          ,AP,ALGODAO EM PLUMA                        ,4586, 006,6º LEV              ,0.0,0.0,0
2022/23,UNICA          ,AP,ALGODAO EM PLUMA                        ,4586, 007,7º LEV              ,0.0,0.0,0
2022/23,UNICA          ,AP,ALGODAO EM PLUMA                        ,4586, 008,8º LEV              ,0.0,0.0,0
2022/23,UNICA          ,AP,ALGODAO EM PLUMA                        ,4586, 009,9º LEV              ,0.0,0.0,0
2022/23,UNICA          ,BA,ALGODAO EM PLUMA                        ,4586, 010,10º LEV             ,312.6,591.5,1.9
2022/23,UNICA          ,BA,ALGODAO EM PLUMA                        ,4586, 011,11º LEV             ,312.6,597.9,1.9
2022/23,UNICA          ,BA,ALGODAO EM PLUMA                        ,4586, 012,12º LEV             ,312.6,613.1,2
2022/23,UNICA          ,BA,ALGODAO EM PLUMA                        ,4586, 001,1º LEV              ,308.0,585.6,1.9
2022/23,UNICA          ,BA,ALGODAO EM PLUMA                        ,4586, 002,2º LEV              ,308.0,600.2,1.9
2022/23,UNICA          ,BA,ALGODAO EM PLUMA                        ,4586, 003,3º LEV              ,308.0,600.2,1.9
2022/23,UNICA          ,BA,ALGODAO EM PLUMA                        ,4586, 004,4º LEV              ,308.0,600.2,1.9
2022/23,UNICA          ,BA,ALGODAO EM PLUMA                        ,4586, 005,5º LEV              ,308.0,600.2,1.9
2022/23,UNICA          ,BA,ALGODAO EM PLUMA                        ,4586, 006,6º LEV              ,312.6,592.4,1.9
2022/23,UNICA          ,BA,ALGODAO EM PLUMA                        ,4586, 007,7º LEV              ,312.6,591.5,1.9
2022/23,UNICA          ,BA,ALGODAO EM PLUMA                        ,4586, 008,8º LEV              ,312.6,591.5,1.9
2022/23,UNICA          ,BA,ALGODAO EM PLUMA                        ,4586, 009,9º LEV              ,312.6,591.5,1.9
2022/23,UNICA          ,CE,ALGODAO EM PLUMA                        ,4586, 010,10º LEV             ,3.1,1.5,0.5
2022/23,UNICA          ,CE,ALGODAO EM PLUMA                        ,4586, 011,11º LEV             ,3.1,1.4,0.5
2022/23,UNICA          ,CE,ALGODAO EM PLUMA                        ,4586, 012,12º LEV             ,2.3,1.9,0.8
2022/23,UNICA          ,CE,ALGODAO EM PLUMA                        ,4586, 001,1º LEV              ,2.3,1.1,0.5
2022/23,UNICA          ,CE,ALGODAO EM PLUMA                        ,4586, 002,2º LEV              ,2.3,1.1,0.5
2022/23,UNICA          ,CE,ALGODAO EM PLUMA                        ,4586, 003,3º LEV              ,2.3,1.1,0.5
2022/23,UNICA          ,CE,ALGODAO EM PLUMA                        ,4586, 004,4º LEV              ,2.3,1.1,0.5
2022/23,UNICA          ,CE,ALGODAO EM PLUMA                        ,4586, 005,5º LEV              ,2.6,1.3,0.5
2022/23,UNICA          ,CE,ALGODAO EM PLUMA                        ,4586, 006,6º LEV              ,2.6,1.3,0.5
2022/23,UNICA          ,CE,ALGODAO EM PLUMA                        ,4586, 007,7º LEV              ,2.6,1.3,0.5
2022/23,UNICA          ,CE,ALGODAO EM PLUMA                        ,4586, 008,8º LEV              ,2.7,1.3,0.5
2022/23,UNICA          ,CE,ALGODAO EM PLUMA                        ,4586, 009,9º LEV              ,3.2,1.6,0.5
2022/23,UNICA          ,DF,ALGODAO EM PLUMA                        ,4586, 010,10º LEV             ,0.0,0.0,0
2022/23,UNICA          ,DF,ALGODAO EM PLUMA                        ,4586, 011,11º LEV             ,0.0,0.0,0
2022/23,UNICA          ,DF,ALGODAO EM PLUMA                        ,4586, 012,12º LEV             ,0.0,0.0,0
2022/23,UNICA          ,DF,ALGODAO EM PLUMA                        ,4586, 001,1º LEV              ,0.0,0.0,0
2022/23,UNICA          ,DF,ALGODAO EM PLUMA                        ,4586, 002,2º LEV              ,0.0,0.0,0
2022/23,UNICA          ,DF,ALGODAO EM PLUMA                        ,4586, 003,3º LEV              ,0.0,0.0,0
2022/23,UNICA          ,DF,ALGODAO EM PLUMA                        ,4586, 004,4º LEV              ,0.0,0.0,0
2022/23,UNICA          ,DF,ALGODAO EM PLUMA                        ,4586, 005,5º LEV              ,0.0,0.0,0
2022/23,UNICA          ,DF,ALGODAO EM PLUMA                        ,4586, 006,6º LEV              ,0.0,0.0,0
2022/23,UNICA          ,DF,ALGODAO EM PLUMA                        ,4586, 007,7º LEV              ,0.0,0.0,0
2022/23,UNICA          ,DF,ALGODAO EM PLUMA                        ,4586, 008,8º LEV              ,0.0,0.0,0
2022/23,UNICA          ,DF,ALGODAO EM PLUMA                        ,4586, 009,9º LEV              ,0.0,0.0,0
2022/23,UNICA          ,ES,ALGODAO EM PLUMA                        ,4586, 010,10º LEV             ,0.0,0.0,0
2022/23,UNICA          ,ES,ALGODAO EM PLUMA                        ,4586, 011,11º LEV             ,0.0,0.0,0
2022/23,UNICA          ,ES,ALGODAO EM PLUMA                        ,4586, 012,12º LEV             ,0.0,0.0,0
2022/23,UNICA          ,ES,ALGODAO EM PLUMA                        ,4586, 001,1º LEV              ,0.0,0.0,0
2022/23,UNICA          ,ES,ALGODAO EM PLUMA                        ,4586, 002,2º LEV              ,0.0,0.0,0
2022/23,UNICA          ,ES,ALGODAO EM PLUMA                        ,4586, 003,3º LEV              ,0.0,0.0,0
2022/23,UNICA          ,ES,ALGODAO EM PLUMA                        ,4586, 004,4º LEV              ,0.0,0.0,0
2022/23,UNICA          ,ES,ALGODAO EM PLUMA                        ,4586, 005,5º LEV              ,0.0,0.0,0
2022/23,UNICA          ,ES,ALGODAO EM PLUMA                        ,4586, 006,6º LEV              ,0.0,0.0,0
2022/23,UNICA          ,ES,ALGODAO EM PLUMA                        ,4586, 007,7º LEV              ,0.0,0.0,0
2022/23,UNICA          ,ES,ALGODAO EM PLUMA                        ,4586, 008,8º LEV              ,0.0,0.0,0
2022/23,UNICA          ,ES,ALGODAO EM PLUMA                        ,4586, 009,9º LEV              ,0.0,0.0,0
2022/23,UNICA          ,GO,ALGODAO EM PLUMA                        ,4586, 010,10º LEV             ,27.5,49.0,1.8
2022/23,UNICA          ,GO,ALGODAO EM PLUMA                        ,4586, 011,11º LEV             ,27.5,49.5,1.8
2022/23,UNICA          ,GO,ALGODAO EM PLUMA                        ,4586, 012,12º LEV             ,28.9,52.0,1.8
2022/23,UNICA          ,GO,ALGODAO EM PLUMA                        ,4586, 001,1º LEV              ,27.1,48.4,1.8
2022/23,UNICA          ,GO,ALGODAO EM PLUMA                        ,4586, 002,2º LEV              ,27.1,49.1,1.8
2022/23,UNICA          ,GO,ALGODAO EM PLUMA                        ,4586, 003,3º LEV              ,25.4,46.0,1.8
2022/23,UNICA          ,GO,ALGODAO EM PLUMA                        ,4586, 004,4º LEV              ,26.1,47.3,1.8
2022/23,UNICA          ,GO,ALGODAO EM PLUMA                        ,4586, 005,5º LEV              ,27.5,49.5,1.8
2022/23,UNICA          ,GO,ALGODAO EM PLUMA                        ,4586, 006,6º LEV              ,27.5,49.5,1.8
2022/23,UNICA          ,GO,ALGODAO EM PLUMA                        ,4586, 007,7º LEV              ,27.5,49.5,1.8
2022/23,UNICA          ,GO,ALGODAO EM PLUMA                        ,4586, 008,8º LEV              ,27.5,48.5,1.8
2022/23,UNICA          ,GO,ALGODAO EM PLUMA                        ,4586, 009,9º LEV              ,27.5,49.0,1.8
2022/23,UNICA          ,MA,ALGODAO EM PLUMA                        ,4586, 010,10º LEV             ,25.9,55.3,2.1
2022/23,UNICA          ,MA,ALGODAO EM PLUMA                        ,4586, 011,11º LEV             ,25.9,49.8,1.9
2022/23,UNICA          ,MA,ALGODAO EM PLUMA                        ,4586, 012,12º LEV             ,25.9,47.5,1.8
2022/23,UNICA          ,MA,ALGODAO EM PLUMA                        ,4586, 001,1º LEV              ,28.1,49.4,1.8
2022/23,UNICA          ,MA,ALGODAO EM PLUMA                        ,4586, 002,2º LEV              ,28.1,50.7,1.8
2022/23,UNICA          ,MA,ALGODAO EM PLUMA                        ,4586, 003,3º LEV              ,28.1,50.7,1.8
2022/23,UNICA          ,MA,ALGODAO EM PLUMA                        ,4586, 004,4º LEV              ,27.6,49.8,1.8
2022/23,UNICA          ,MA,ALGODAO EM PLUMA                        ,4586, 005,5º LEV              ,28.5,51.4,1.8
2022/23,UNICA          ,MA,ALGODAO EM PLUMA                        ,4586, 006,6º LEV              ,25.6,54.7,2.1
2022/23,UNICA          ,MA,ALGODAO EM PLUMA                        ,4586, 007,7º LEV              ,25.6,54.7,2.1
2022/23,UNICA          ,MA,ALGODAO EM PLUMA                        ,4586, 008,8º LEV              ,25.9,55.3,2.1
2022/23,UNICA          ,MA,ALGODAO EM PLUMA                        ,4586, 009,9º LEV              ,25.9,55.3,2.1
2022/23,UNICA          ,MG,ALGODAO EM PLUMA                        ,4586, 010,10º LEV             ,25.8,47.7,1.8
2022/23,UNICA          ,MG,ALGODAO EM PLUMA                        ,4586, 011,11º LEV             ,25.8,47.7,1.8
2022/23,UNICA          ,MG,ALGODAO EM PLUMA                        ,4586, 012,12º LEV             ,25.8,48.5,1.9
2022/23,UNICA          ,MG,ALGODAO EM PLUMA                        ,4586, 001,1º LEV              ,29.4,46.7,1.6
2022/23,UNICA          ,MG,ALGODAO EM PLUMA                        ,4586, 002,2º LEV              ,29.4,47.7,1.6
2022/23,UNICA          ,MG,ALGODAO EM PLUMA                        ,4586, 003,3º LEV              ,29.4,47.7,1.6
2022/23,UNICA          ,MG,ALGODAO EM PLUMA                        ,4586, 004,4º LEV              ,31.8,51.6,1.6
2022/23,UNICA          ,MG,ALGODAO EM PLUMA                        ,4586, 005,5º LEV              ,31.8,56.4,1.8
2022/23,UNICA          ,MG,ALGODAO EM PLUMA                        ,4586, 006,6º LEV              ,27.2,48.3,1.8
2022/23,UNICA          ,MG,ALGODAO EM PLUMA                        ,4586, 007,7º LEV              ,27.2,48.3,1.8
2022/23,UNICA          ,MG,ALGODAO EM PLUMA                        ,4586, 008,8º LEV              ,27.2,48.3,1.8
2022/23,UNICA          ,MG,ALGODAO EM PLUMA                        ,4586, 009,9º LEV              ,27.2,45.8,1.7
2022/23,UNICA          ,MS,ALGODAO EM PLUMA                        ,4586, 010,10º LEV             ,29.6,58.2,2
2022/23,UNICA          ,MS,ALGODAO EM PLUMA                        ,4586, 011,11º LEV             ,29.6,57.6,1.9
2022/23,UNICA          ,MS,ALGODAO EM PLUMA                        ,4586, 012,12º LEV             ,29.6,57.8,2
2022/23,UNICA          ,MS,ALGODAO EM PLUMA                        ,4586, 001,1º LEV              ,25.9,51.3,2
2022/23,UNICA          ,MS,ALGODAO EM PLUMA                        ,4586, 002,2º LEV              ,29.3,58.6,2
2022/23,UNICA          ,MS,ALGODAO EM PLUMA                        ,4586, 003,3º LEV              ,29.3,58.6,2
2022/23,UNICA          ,MS,ALGODAO EM PLUMA                        ,4586, 004,4º LEV              ,29.3,58.6,2
2022/23,UNICA          ,MS,ALGODAO EM PLUMA                        ,4586, 005,5º LEV              ,29.3,59.2,2
2022/23,UNICA          ,MS,ALGODAO EM PLUMA                        ,4586, 006,6º LEV              ,29.2,59.0,2
2022/23,UNICA          ,MS,ALGODAO EM PLUMA                        ,4586, 007,7º LEV              ,29.2,58.2,2
2022/23,UNICA          ,MS,ALGODAO EM PLUMA                        ,4586, 008,8º LEV              ,29.7,59.2,2
2022/23,UNICA          ,MS,ALGODAO EM PLUMA                        ,4586, 009,9º LEV              ,29.6,58.6,2
2022/23,UNICA          ,MT,ALGODAO EM PLUMA                        ,4586, 010,10º LEV             ,1185.7,2124.3,1.8
2022/23,UNICA          ,MT,ALGODAO EM PLUMA                        ,4586, 011,11º LEV             ,1185.7,2145.8,1.8
2022/23,UNICA          ,MT,ALGODAO EM PLUMA                        ,4586, 012,12º LEV             ,1190.3,2248.1,1.9
2022/23,UNICA          ,MT,ALGODAO EM PLUMA                        ,4586, 001,1º LEV              ,1168.6,2079.9,1.8
2022/23,UNICA          ,MT,ALGODAO EM PLUMA                        ,4586, 002,2º LEV              ,1170.9,2099.2,1.8
2022/23,UNICA          ,MT,ALGODAO EM PLUMA                        ,4586, 003,3º LEV              ,1170.9,2099.2,1.8
2022/23,UNICA          ,MT,ALGODAO EM PLUMA                        ,4586, 004,4º LEV              ,1172.0,2101.2,1.8
2022/23,UNICA          ,MT,ALGODAO EM PLUMA                        ,4586, 005,5º LEV              ,1198.2,2148.2,1.8
2022/23,UNICA          ,MT,ALGODAO EM PLUMA                        ,4586, 006,6º LEV              ,1192.5,1901.6,1.6
2022/23,UNICA          ,MT,ALGODAO EM PLUMA                        ,4586, 007,7º LEV              ,1161.8,1854.0,1.6
2022/23,UNICA          ,MT,ALGODAO EM PLUMA                        ,4586, 008,8º LEV              ,1219.0,2017.2,1.7
2022/23,UNICA          ,MT,ALGODAO EM PLUMA                        ,4586, 009,9º LEV              ,1161.8,2097.8,1.8
2022/23,UNICA          ,PA,ALGODAO EM PLUMA                        ,4586, 010,10º LEV             ,0.0,0.0,0
2022/23,UNICA          ,PA,ALGODAO EM PLUMA                        ,4586, 011,11º LEV             ,0.0,0.0,0
2022/23,UNICA          ,PA,ALGODAO EM PLUMA                        ,4586, 012,12º LEV             ,0.0,0.0,0
2022/23,UNICA          ,PA,ALGODAO EM PLUMA                        ,4586, 001,1º LEV              ,0.0,0.0,0
2022/23,UNICA          ,PA,ALGODAO EM PLUMA                        ,4586, 002,2º LEV              ,0.0,0.0,0
2022/23,UNICA          ,PA,ALGODAO EM PLUMA                        ,4586, 003,3º LEV              ,0.0,0.0,0
2022/23,UNICA          ,PA,ALGODAO EM PLUMA                        ,4586, 004,4º LEV              ,0.0,0.0,0
2022/23,UNICA          ,PA,ALGODAO EM PLUMA                        ,4586, 005,5º LEV              ,0.0,0.0,0
2022/23,UNICA          ,PA,ALGODAO EM PLUMA                        ,4586, 006,6º LEV              ,0.0,0.0,0
2022/23,UNICA          ,PA,ALGODAO EM PLUMA                        ,4586, 007,7º LEV              ,0.0,0.0,0
2022/23,UNICA          ,PA,ALGODAO EM PLUMA                        ,4586, 008,8º LEV              ,0.0,0.0,0
2022/23,UNICA          ,PA,ALGODAO EM PLUMA                        ,4586, 009,9º LEV              ,0.0,0.0,0
2022/23,UNICA          ,PB,ALGODAO EM PLUMA                        ,4586, 010,10º LEV             ,0.9,0.3,0.3
2022/23,UNICA          ,PB,ALGODAO EM PLUMA                        ,4586, 011,11º LEV             ,0.7,0.3,0.4
2022/23,UNICA          ,PB,ALGODAO EM PLUMA                        ,4586, 012,12º LEV             ,0.7,0.3,0.4
2022/23,UNICA          ,PB,ALGODAO EM PLUMA                        ,4586, 001,1º LEV              ,1.2,0.5,0.4
2022/23,UNICA          ,PB,ALGODAO EM PLUMA                        ,4586, 002,2º LEV              ,1.2,0.5,0.4
2022/23,UNICA          ,PB,ALGODAO EM PLUMA                        ,4586, 003,3º LEV              ,1.2,0.5,0.4
2022/23,UNICA          ,PB,ALGODAO EM PLUMA                        ,4586, 004,4º LEV              ,1.2,0.5,0.4
2022/23,UNICA          ,PB,ALGODAO EM PLUMA                        ,4586, 005,5º LEV              ,1.4,0.5,0.4
2022/23,UNICA          ,PB,ALGODAO EM PLUMA                        ,4586, 006,6º LEV              ,1.4,0.5,0.4
2022/23,UNICA          ,PB,ALGODAO EM PLUMA                        ,4586, 007,7º LEV              ,0.9,0.3,0.3
2022/23,UNICA          ,PB,ALGODAO EM PLUMA                        ,4586, 008,8º LEV              ,0.8,0.3,0.4
2022/23,UNICA          ,PB,ALGODAO EM PLUMA                        ,4586, 009,9º LEV              ,0.9,0.3,0.3
2022/23,UNICA          ,PE,ALGODAO EM PLUMA                        ,4586, 010,10º LEV             ,0.0,0.0,0
2022/23,UNICA          ,PE,ALGODAO EM PLUMA                        ,4586, 011,11º LEV             ,0.0,0.0,0
2022/23,UNICA          ,PE,ALGODAO EM PLUMA                        ,4586, 012,12º LEV             ,0.0,0.0,0
2022/23,UNICA          ,PE,ALGODAO EM PLUMA                        ,4586, 001,1º LEV              ,0.0,0.0,0
2022/23,UNICA          ,PE,ALGODAO EM PLUMA                        ,4586, 002,2º LEV              ,0.0,0.0,0
2022/23,UNICA          ,PE,ALGODAO EM PLUMA                        ,4586, 003,3º LEV              ,0.0,0.0,0
2022/23,UNICA          ,PE,ALGODAO EM PLUMA                        ,4586, 004,4º LEV              ,0.0,0.0,0
2022/23,UNICA          ,PE,ALGODAO EM PLUMA                        ,4586, 005,5º LEV              ,0.0,0.0,0
2022/23,UNICA          ,PE,ALGODAO EM PLUMA                        ,4586, 006,6º LEV              ,0.0,0.0,0
2022/23,UNICA          ,PE,ALGODAO EM PLUMA                        ,4586, 007,7º LEV              ,0.0,0.0,0
2022/23,UNICA          ,PE,ALGODAO EM PLUMA                        ,4586, 008,8º LEV              ,0.0,0.0,0
2022/23,UNICA          ,PE,ALGODAO EM PLUMA                        ,4586, 009,9º LEV              ,0.0,0.0,0
2022/23,UNICA          ,PI,ALGODAO EM PLUMA                        ,4586, 010,10º LEV             ,16.5,28.0,1.7
2022/23,UNICA          ,PI,ALGODAO EM PLUMA                        ,4586, 011,11º LEV             ,16.4,28.3,1.7
2022/23,UNICA          ,PI,ALGODAO EM PLUMA                        ,4586, 012,12º LEV             ,16.4,28.3,1.7
2022/23,UNICA          ,PI,ALGODAO EM PLUMA                        ,4586, 001,1º LEV              ,15.6,26.2,1.7
2022/23,UNICA          ,PI,ALGODAO EM PLUMA                        ,4586, 002,2º LEV              ,18.1,29.0,1.6
2022/23,UNICA          ,PI,ALGODAO EM PLUMA                        ,4586, 003,3º LEV              ,15.1,24.2,1.6
2022/23,UNICA          ,PI,ALGODAO EM PLUMA                        ,4586, 004,4º LEV              ,15.1,24.2,1.6
2022/23,UNICA          ,PI,ALGODAO EM PLUMA                        ,4586, 005,5º LEV              ,15.1,25.6,1.7
2022/23,UNICA          ,PI,ALGODAO EM PLUMA                        ,4586, 006,6º LEV              ,15.1,25.6,1.7
2022/23,UNICA          ,PI,ALGODAO EM PLUMA                        ,4586, 007,7º LEV              ,15.1,25.6,1.7
2022/23,UNICA          ,PI,ALGODAO EM PLUMA                        ,4586, 008,8º LEV              ,16.2,27.5,1.7
2022/23,UNICA          ,PI,ALGODAO EM PLUMA                        ,4586, 009,9º LEV              ,16.2,27.5,1.7
2022/23,UNICA          ,PR,ALGODAO EM PLUMA                        ,4586, 010,10º LEV             ,1.4,1.7,1.2
2022/23,UNICA          ,PR,ALGODAO EM PLUMA                        ,4586, 011,11º LEV             ,1.5,1.9,1.3
2022/23,UNICA          ,PR,ALGODAO EM PLUMA                        ,4586, 012,12º LEV             ,1.5,1.9,1.3
2022/23,UNICA          ,PR,ALGODAO EM PLUMA                        ,4586, 001,1º LEV              ,1.2,1.4,1.2
2022/23,UNICA          ,PR,ALGODAO EM PLUMA                        ,4586, 002,2º LEV              ,1.6,2.0,1.2
2022/23,UNICA          ,PR,ALGODAO EM PLUMA                        ,4586, 003,3º LEV              ,1.6,2.0,1.2
2022/23,UNICA          ,PR,ALGODAO EM PLUMA                        ,4586, 004,4º LEV              ,1.6,2.0,1.2
2022/23,UNICA          ,PR,ALGODAO EM PLUMA                        ,4586, 005,5º LEV              ,1.6,2.0,1.2
2022/23,UNICA          ,PR,ALGODAO EM PLUMA                        ,4586, 006,6º LEV              ,1.6,2.0,1.2
2022/23,UNICA          ,PR,ALGODAO EM PLUMA                        ,4586, 007,7º LEV              ,1.6,2.0,1.2
2022/23,UNICA          ,PR,ALGODAO EM PLUMA                        ,4586, 008,8º LEV              ,1.6,2.0,1.2
2022/23,UNICA          ,PR,ALGODAO EM PLUMA                        ,4586, 009,9º LEV              ,1.4,1.7,1.2
2022/23,UNICA          ,RJ,ALGODAO EM PLUMA                        ,4586, 010,10º LEV             ,0.0,0.0,0
2022/23,UNICA          ,RJ,ALGODAO EM PLUMA                        ,4586, 011,11º LEV             ,0.0,0.0,0
2022/23,UNICA          ,RJ,ALGODAO EM PLUMA                        ,4586, 012,12º LEV             ,0.0,0.0,0
2022/23,UNICA          ,RJ,ALGODAO EM PLUMA                        ,4586, 001,1º LEV              ,0.0,0.0,0
2022/23,UNICA          ,RJ,ALGODAO EM PLUMA                        ,4586, 002,2º LEV              ,0.0,0.0,0
2022/23,UNICA          ,RJ,ALGODAO EM PLUMA                        ,4586, 003,3º LEV              ,0.0,0.0,0
2022/23,UNICA          ,RJ,ALGODAO EM PLUMA                        ,4586, 004,4º LEV              ,0.0,0.0,0
2022/23,UNICA          ,RJ,ALGODAO EM PLUMA                        ,4586, 005,5º LEV              ,0.0,0.0,0
2022/23,UNICA          ,RJ,ALGODAO EM PLUMA                        ,4586, 006,6º LEV              ,0.0,0.0,0
2022/23,UNICA          ,RJ,ALGODAO EM PLUMA                        ,4586, 007,7º LEV              ,0.0,0.0,0
2022/23,UNICA          ,RJ,ALGODAO EM PLUMA                        ,4586, 008,8º LEV              ,0.0,0.0,0
2022/23,UNICA          ,RJ,ALGODAO EM PLUMA                        ,4586, 009,9º LEV              ,0.0,0.0,0
2022/23,UNICA          ,RN,ALGODAO EM PLUMA                        ,4586, 010,10º LEV             ,0.7,0.5,0.7
2022/23,UNICA          ,RN,ALGODAO EM PLUMA                        ,4586, 011,11º LEV             ,0.7,0.5,0.7
2022/23,UNICA          ,RN,ALGODAO EM PLUMA                        ,4586, 012,12º LEV             ,0.7,0.5,0.7
2022/23,UNICA          ,RN,ALGODAO EM PLUMA                        ,4586, 001,1º LEV              ,0.3,0.4,1.3
2022/23,UNICA          ,RN,ALGODAO EM PLUMA                        ,4586, 002,2º LEV              ,0.3,0.4,1.3
2022/23,UNICA          ,RN,ALGODAO EM PLUMA                        ,4586, 003,3º LEV              ,0.3,0.4,1.3
2022/23,UNICA          ,RN,ALGODAO EM PLUMA                        ,4586, 004,4º LEV              ,0.3,0.4,1.3
2022/23,UNICA          ,RN,ALGODAO EM PLUMA                        ,4586, 005,5º LEV              ,0.3,0.4,1.3
2022/23,UNICA          ,RN,ALGODAO EM PLUMA                        ,4586, 006,6º LEV              ,0.3,0.4,1.3
2022/23,UNICA          ,RN,ALGODAO EM PLUMA                        ,4586, 007,7º LEV              ,0.5,0.5,1
2022/23,UNICA          ,RN,ALGODAO EM PLUMA                        ,4586, 008,8º LEV              ,0.5,0.5,1
2022/23,UNICA          ,RN,ALGODAO EM PLUMA                        ,4586, 009,9º LEV              ,0.7,0.5,0.7
2022/23,UNICA          ,RO,ALGODAO EM PLUMA                        ,4586, 010,10º LEV             ,9.1,13.8,1.5
2022/23,UNICA          ,RO,ALGODAO EM PLUMA                        ,4586, 011,11º LEV             ,9.1,13.8,1.5
2022/23,UNICA          ,RO,ALGODAO EM PLUMA                        ,4586, 012,12º LEV             ,9.1,13.8,1.5
2022/23,UNICA          ,RO,ALGODAO EM PLUMA                        ,4586, 001,1º LEV              ,8.1,12.0,1.5
2022/23,UNICA          ,RO,ALGODAO EM PLUMA                        ,4586, 002,2º LEV              ,8.1,12.0,1.5
2022/23,UNICA          ,RO,ALGODAO EM PLUMA                        ,4586, 003,3º LEV              ,8.1,12.0,1.5
2022/23,UNICA          ,RO,ALGODAO EM PLUMA                        ,4586, 004,4º LEV              ,8.1,12.0,1.5
2022/23,UNICA          ,RO,ALGODAO EM PLUMA                        ,4586, 005,5º LEV              ,9.1,13.5,1.5
2022/23,UNICA          ,RO,ALGODAO EM PLUMA                        ,4586, 006,6º LEV              ,9.1,13.5,1.5
2022/23,UNICA          ,RO,ALGODAO EM PLUMA                        ,4586, 007,7º LEV              ,9.1,13.5,1.5
2022/23,UNICA          ,RO,ALGODAO EM PLUMA                        ,4586, 008,8º LEV              ,9.1,13.5,1.5
2022/23,UNICA          ,RO,ALGODAO EM PLUMA                        ,4586, 009,9º LEV              ,9.1,13.8,1.5
2022/23,UNICA          ,RR,ALGODAO EM PLUMA                        ,4586, 010,10º LEV             ,0.0,0.0,0
2022/23,UNICA          ,RR,ALGODAO EM PLUMA                        ,4586, 011,11º LEV             ,0.0,0.0,0
2022/23,UNICA          ,RR,ALGODAO EM PLUMA                        ,4586, 012,12º LEV             ,0.0,0.0,0
2022/23,UNICA          ,RR,ALGODAO EM PLUMA                        ,4586, 001,1º LEV              ,0.0,0.0,0
2022/23,UNICA          ,RR,ALGODAO EM PLUMA                        ,4586, 002,2º LEV              ,0.0,0.0,0
2022/23,UNICA          ,RR,ALGODAO EM PLUMA                        ,4586, 003,3º LEV              ,0.0,0.0,0
2022/23,UNICA          ,RR,ALGODAO EM PLUMA                        ,4586, 004,4º LEV              ,0.0,0.0,0
2022/23,UNICA          ,RR,ALGODAO EM PLUMA                        ,4586, 005,5º LEV              ,0.0,0.0,0
2022/23,UNICA          ,RR,ALGODAO EM PLUMA                        ,4586, 006,6º LEV              ,0.0,0.0,0
2022/23,UNICA          ,RR,ALGODAO EM PLUMA                        ,4586, 007,7º LEV              ,0.0,0.0,0
2022/23,UNICA          ,RR,ALGODAO EM PLUMA                        ,4586, 008,8º LEV              ,0.0,0.0,0
2022/23,UNICA          ,RR,ALGODAO EM PLUMA                        ,4586, 009,9º LEV              ,0.0,0.0,0
2022/23,UNICA          ,RS,ALGODAO EM PLUMA                        ,4586, 010,10º LEV             ,0.0,0.0,0
2022/23,UNICA          ,RS,ALGODAO EM PLUMA                        ,4586, 011,11º LEV             ,0.0,0.0,0
2022/23,UNICA          ,RS,ALGODAO EM PLUMA                        ,4586, 012,12º LEV             ,0.0,0.0,0
2022/23,UNICA          ,RS,ALGODAO EM PLUMA                        ,4586, 001,1º LEV              ,0.0,0.0,0
2022/23,UNICA          ,RS,ALGODAO EM PLUMA                        ,4586, 002,2º LEV              ,0.0,0.0,0
2022/23,UNICA          ,RS,ALGODAO EM PLUMA                        ,4586, 003,3º LEV              ,0.0,0.0,0
2022/23,UNICA          ,RS,ALGODAO EM PLUMA                        ,4586, 004,4º LEV              ,0.0,0.0,0
2022/23,UNICA          ,RS,ALGODAO EM PLUMA                        ,4586, 005,5º LEV              ,0.0,0.0,0
2022/23,UNICA          ,RS,ALGODAO EM PLUMA                        ,4586, 006,6º LEV              ,0.0,0.0,0
2022/23,UNICA          ,RS,ALGODAO EM PLUMA                        ,4586, 007,7º LEV              ,0.0,0.0,0
2022/23,UNICA          ,RS,ALGODAO EM PLUMA                        ,4586, 008,8º LEV              ,0.0,0.0,0
2022/23,UNICA          ,RS,ALGODAO EM PLUMA                        ,4586, 009,9º LEV              ,0.0,0.0,0
2022/23,UNICA          ,SC,ALGODAO EM PLUMA                        ,4586, 010,10º LEV             ,0.0,0.0,0
2022/23,UNICA          ,SC,ALGODAO EM PLUMA                        ,4586, 011,11º LEV             ,0.0,0.0,0
2022/23,UNICA          ,SC,ALGODAO EM PLUMA                        ,4586, 012,12º LEV             ,0.0,0.0,0
2022/23,UNICA          ,SC,ALGODAO EM PLUMA                        ,4586, 001,1º LEV              ,0.0,0.0,0
2022/23,UNICA          ,SC,ALGODAO EM PLUMA                        ,4586, 002,2º LEV              ,0.0,0.0,0
2022/23,UNICA          ,SC,ALGODAO EM PLUMA                        ,4586, 003,3º LEV              ,0.0,0.0,0
2022/23,UNICA          ,SC,ALGODAO EM PLUMA                        ,4586, 004,4º LEV              ,0.0,0.0,0
2022/23,UNICA          ,SC,ALGODAO EM PLUMA                        ,4586, 005,5º LEV              ,0.0,0.0,0
2022/23,UNICA          ,SC,ALGODAO EM PLUMA                        ,4586, 006,6º LEV              ,0.0,0.0,0
2022/23,UNICA          ,SC,ALGODAO EM PLUMA                        ,4586, 007,7º LEV              ,0.0,0.0,0
2022/23,UNICA          ,SC,ALGODAO EM PLUMA                        ,4586, 008,8º LEV              ,0.0,0.0,0
2022/23,UNICA          ,SC,ALGODAO EM PLUMA                        ,4586, 009,9º LEV              ,0.0,0.0,0
2022/23,UNICA          ,SE,ALGODAO EM PLUMA                        ,4586, 010,10º LEV             ,0.0,0.0,0
2022/23,UNICA          ,SE,ALGODAO EM PLUMA                        ,4586, 011,11º LEV             ,0.0,0.0,0
2022/23,UNICA          ,SE,ALGODAO EM PLUMA                        ,4586, 012,12º LEV             ,0.0,0.0,0
2022/23,UNICA          ,SE,ALGODAO EM PLUMA                        ,4586, 001,1º LEV              ,0.0,0.0,0
2022/23,UNICA          ,SE,ALGODAO EM PLUMA                        ,4586, 002,2º LEV              ,0.0,0.0,0
2022/23,UNICA          ,SE,ALGODAO EM PLUMA                        ,4586, 003,3º LEV              ,0.0,0.0,0
2022/23,UNICA          ,SE,ALGODAO EM PLUMA                        ,4586, 004,4º LEV              ,0.0,0.0,0
2022/23,UNICA          ,SE,ALGODAO EM PLUMA                        ,4586, 005,5º LEV              ,0.0,0.0,0
2022/23,UNICA          ,SE,ALGODAO EM PLUMA                        ,4586, 006,6º LEV              ,0.0,0.0,0
2022/23,UNICA          ,SE,ALGODAO EM PLUMA                        ,4586, 007,7º LEV              ,0.0,0.0,0
2022/23,UNICA          ,SE,ALGODAO EM PLUMA                        ,4586, 008,8º LEV              ,0.0,0.0,0
2022/23,UNICA          ,SE,ALGODAO EM PLUMA                        ,4586, 009,9º LEV              ,0.0,0.0,0
2022/23,UNICA          ,SP,ALGODAO EM PLUMA                        ,4586, 010,10º LEV             ,12.9,23.6,1.8
2022/23,UNICA          ,SP,ALGODAO EM PLUMA                        ,4586, 011,11º LEV             ,12.9,23.6,1.8
2022/23,UNICA          ,SP,ALGODAO EM PLUMA                        ,4586, 012,12º LEV             ,12.9,23.6,1.8
2022/23,UNICA          ,SP,ALGODAO EM PLUMA                        ,4586, 001,1º LEV              ,8.5,12.7,1.5
2022/23,UNICA          ,SP,ALGODAO EM PLUMA                        ,4586, 002,2º LEV              ,11.9,20.2,1.7
2022/23,UNICA          ,SP,ALGODAO EM PLUMA                        ,4586, 003,3º LEV              ,11.9,20.2,1.7
2022/23,UNICA          ,SP,ALGODAO EM PLUMA                        ,4586, 004,4º LEV              ,11.9,20.2,1.7
2022/23,UNICA          ,SP,ALGODAO EM PLUMA                        ,4586, 005,5º LEV              ,12.9,23.6,1.8
2022/23,UNICA          ,SP,ALGODAO EM PLUMA                        ,4586, 006,6º LEV              ,12.9,23.6,1.8
2022/23,UNICA          ,SP,ALGODAO EM PLUMA                        ,4586, 007,7º LEV              ,12.9,23.6,1.8
2022/23,UNICA          ,SP,ALGODAO EM PLUMA                        ,4586, 008,8º LEV              ,12.9,23.6,1.8
2022/23,UNICA          ,SP,ALGODAO EM PLUMA                        ,4586, 009,9º LEV              ,12.4,22.6,1.8
2022/23,UNICA          ,TO,ALGODAO EM PLUMA                        ,4586, 010,10º LEV             ,7.0,12.3,1.8
2022/23,UNICA          ,TO,ALGODAO EM PLUMA                        ,4586, 011,11º LEV             ,7.0,12.5,1.8
2022/23,UNICA          ,TO,ALGODAO EM PLUMA                        ,4586, 012,12º LEV             ,7.0,12.8,1.8
2022/23,UNICA          ,TO,ALGODAO EM PLUMA                        ,4586, 001,1º LEV              ,5.4,8.7,1.6
2022/23,UNICA          ,TO,ALGODAO EM PLUMA                        ,4586, 002,2º LEV              ,5.4,8.7,1.6
2022/23,UNICA          ,TO,ALGODAO EM PLUMA                        ,4586, 003,3º LEV              ,5.9,9.5,1.6
2022/23,UNICA          ,TO,ALGODAO EM PLUMA                        ,4586, 004,4º LEV              ,5.9,9.5,1.6
2022/23,UNICA          ,TO,ALGODAO EM PLUMA                        ,4586, 005,5º LEV              ,6.6,10.7,1.6
2022/23,UNICA          ,TO,ALGODAO EM PLUMA                        ,4586, 006,6º LEV              ,6.4,11.1,1.7
2022/23,UNICA          ,TO,ALGODAO EM PLUMA                        ,4586, 007,7º LEV              ,6.4,11.1,1.7
2022/23,UNICA          ,TO,ALGODAO EM PLUMA                        ,4586, 008,8º LEV              ,7.0,12.1,1.7
2022/23,UNICA          ,TO,ALGODAO EM PLUMA                        ,4586, 009,9º LEV              ,7.0,12.1,1.7
2023/24,UNICA          ,AC,ALGODAO EM PLUMA                        ,4586, 010,10º LEV             ,0.0,0.0,0
2023/24,UNICA          ,AC,ALGODAO EM PLUMA                        ,4586, 011,11º LEV             ,0.0,0.0,0
2023/24,UNICA          ,AC,ALGODAO EM PLUMA                        ,4586, 012,12º LEV             ,0.0,0.0,0
2023/24,UNICA          ,AC,ALGODAO EM PLUMA                        ,4586, 001,1º LEV              ,0.0,0.0,0
2023/24,UNICA          ,AC,ALGODAO EM PLUMA                        ,4586, 002,2º LEV              ,0.0,0.0,0
2023/24,UNICA          ,AC,ALGODAO EM PLUMA                        ,4586, 003,3º LEV              ,0.0,0.0,0
2023/24,UNICA          ,AC,ALGODAO EM PLUMA                        ,4586, 004,4º LEV              ,0.0,0.0,0
2023/24,UNICA          ,AC,ALGODAO EM PLUMA                        ,4586, 005,5º LEV              ,0.0,0.0,0
2023/24,UNICA          ,AC,ALGODAO EM PLUMA                        ,4586, 006,6º LEV              ,0.0,0.0,0
2023/24,UNICA          ,AC,ALGODAO EM PLUMA                        ,4586, 007,7º LEV              ,0.0,0.0,0
2023/24,UNICA          ,AC,ALGODAO EM PLUMA                        ,4586, 008,8º LEV              ,0.0,0.0,0
2023/24,UNICA          ,AC,ALGODAO EM PLUMA                        ,4586, 009,9º LEV              ,0.0,0.0,0
2023/24,UNICA          ,AL,ALGODAO EM PLUMA                        ,4586, 010,10º LEV             ,0.0,0.0,0
2023/24,UNICA          ,AL,ALGODAO EM PLUMA                        ,4586, 011,11º LEV             ,0.0,0.0,0
2023/24,UNICA          ,AL,ALGODAO EM PLUMA                        ,4586, 012,12º LEV             ,0.0,0.0,0
2023/24,UNICA          ,AL,ALGODAO EM PLUMA                        ,4586, 001,1º LEV              ,0.0,0.0,0
2023/24,UNICA          ,AL,ALGODAO EM PLUMA                        ,4586, 002,2º LEV              ,0.0,0.0,0
2023/24,UNICA          ,AL,ALGODAO EM PLUMA                        ,4586, 003,3º LEV              ,0.0,0.0,0
2023/24,UNICA          ,AL,ALGODAO EM PLUMA                        ,4586, 004,4º LEV              ,0.0,0.0,0
2023/24,UNICA          ,AL,ALGODAO EM PLUMA                        ,4586, 005,5º LEV              ,0.0,0.0,0
2023/24,UNICA          ,AL,ALGODAO EM PLUMA                        ,4586, 006,6º LEV              ,0.0,0.0,0
2023/24,UNICA          ,AL,ALGODAO EM PLUMA                        ,4586, 007,7º LEV              ,0.0,0.0,0
2023/24,UNICA          ,AL,ALGODAO EM PLUMA                        ,4586, 008,8º LEV              ,0.0,0.0,0
2023/24,UNICA          ,AL,ALGODAO EM PLUMA                        ,4586, 009,9º LEV              ,0.0,0.0,0
2023/24,UNICA          ,AM,ALGODAO EM PLUMA                        ,4586, 010,10º LEV             ,0.0,0.0,0
2023/24,UNICA          ,AM,ALGODAO EM PLUMA                        ,4586, 011,11º LEV             ,0.0,0.0,0
2023/24,UNICA          ,AM,ALGODAO EM PLUMA                        ,4586, 012,12º LEV             ,0.0,0.0,0
2023/24,UNICA          ,AM,ALGODAO EM PLUMA                        ,4586, 001,1º LEV              ,0.0,0.0,0
2023/24,UNICA          ,AM,ALGODAO EM PLUMA                        ,4586, 002,2º LEV              ,0.0,0.0,0
2023/24,UNICA          ,AM,ALGODAO EM PLUMA                        ,4586, 003,3º LEV              ,0.0,0.0,0
2023/24,UNICA          ,AM,ALGODAO EM PLUMA                        ,4586, 004,4º LEV              ,0.0,0.0,0
2023/24,UNICA          ,AM,ALGODAO EM PLUMA                        ,4586, 005,5º LEV              ,0.0,0.0,0
2023/24,UNICA          ,AM,ALGODAO EM PLUMA                        ,4586, 006,6º LEV              ,0.0,0.0,0
2023/24,UNICA          ,AM,ALGODAO EM PLUMA                        ,4586, 007,7º LEV              ,0.0,0.0,0
2023/24,UNICA          ,AM,ALGODAO EM PLUMA                        ,4586, 008,8º LEV              ,0.0,0.0,0
2023/24,UNICA          ,AM,ALGODAO EM PLUMA                        ,4586, 009,9º LEV              ,0.0,0.0,0
2023/24,UNICA          ,AP,ALGODAO EM PLUMA                        ,4586, 010,10º LEV             ,0.0,0.0,0
2023/24,UNICA          ,AP,ALGODAO EM PLUMA                        ,4586, 011,11º LEV             ,0.0,0.0,0
2023/24,UNICA          ,AP,ALGODAO EM PLUMA                        ,4586, 012,12º LEV             ,0.0,0.0,0
2023/24,UNICA          ,AP,ALGODAO EM PLUMA                        ,4586, 001,1º LEV              ,0.0,0.0,0
2023/24,UNICA          ,AP,ALGODAO EM PLUMA                        ,4586, 002,2º LEV              ,0.0,0.0,0
2023/24,UNICA          ,AP,ALGODAO EM PLUMA                        ,4586, 003,3º LEV              ,0.0,0.0,0
2023/24,UNICA          ,AP,ALGODAO EM PLUMA                        ,4586, 004,4º LEV              ,0.0,0.0,0
2023/24,UNICA          ,AP,ALGODAO EM PLUMA                        ,4586, 005,5º LEV              ,0.0,0.0,0
2023/24,UNICA          ,AP,ALGODAO EM PLUMA                        ,4586, 006,6º LEV              ,0.0,0.0,0
2023/24,UNICA          ,AP,ALGODAO EM PLUMA                        ,4586, 007,7º LEV              ,0.0,0.0,0
2023/24,UNICA          ,AP,ALGODAO EM PLUMA                        ,4586, 008,8º LEV              ,0.0,0.0,0
2023/24,UNICA          ,AP,ALGODAO EM PLUMA                        ,4586, 009,9º LEV              ,0.0,0.0,0
2023/24,UNICA          ,BA,ALGODAO EM PLUMA                        ,4586, 010,10º LEV             ,346.0,669.0,1.9
2023/24,UNICA          ,BA,ALGODAO EM PLUMA                        ,4586, 011,11º LEV             ,346.0,669.0,1.9
2023/24,UNICA          ,BA,ALGODAO EM PLUMA                        ,4586, 012,12º LEV             ,346.0,672.3,1.9
2023/24,UNICA          ,BA,ALGODAO EM PLUMA                        ,4586, 001,1º LEV              ,341.7,630.4,1.8
2023/24,UNICA          ,BA,ALGODAO EM PLUMA                        ,4586, 002,2º LEV              ,341.7,630.4,1.8
2023/24,UNICA          ,BA,ALGODAO EM PLUMA                        ,4586, 003,3º LEV              ,341.7,630.4,1.8
2023/24,UNICA          ,BA,ALGODAO EM PLUMA                        ,4586, 004,4º LEV              ,341.7,630.4,1.8
2023/24,UNICA          ,BA,ALGODAO EM PLUMA                        ,4586, 005,5º LEV              ,340.1,627.5,1.8
2023/24,UNICA          ,BA,ALGODAO EM PLUMA                        ,4586, 006,6º LEV              ,339.2,626.7,1.8
2023/24,UNICA          ,BA,ALGODAO EM PLUMA                        ,4586, 007,7º LEV              ,339.2,626.7,1.8
2023/24,UNICA          ,BA,ALGODAO EM PLUMA                        ,4586, 008,8º LEV              ,346.0,669.0,1.9
2023/24,UNICA          ,BA,ALGODAO EM PLUMA                        ,4586, 009,9º LEV              ,346.0,669.0,1.9
2023/24,UNICA          ,CE,ALGODAO EM PLUMA                        ,4586, 010,10º LEV             ,2.4,1.8,0.8
