duv,imo,navio,bandeira,secao,comprimento_m,calado_m,chegada,operacoes,mercadorias,peso_t,terminal,calado_primeiro_m,visto_primeiro,visto_ultimo,snapshot_commit,snapshot_data
213972026,7319008,ALPHA-CRUCIS,BRASILEIRA,PRIORIDADE C3,62,3.9,2026-10-02,,,0,CAIS SABOO,3.9,2026-09-30,2026-10-02,ac8b735e,2026-10-02
262882026,9999188,TEMPESTADE C,BRASILEIRA,PRIORIDADE C5,23,2.6,2026-10-02,EMB,OUTROS,3,SAIPEN,2.6,2026-09-30,2026-10-02,ac8b735e,2026-10-02
263732024,9762962,HOEGH GIANT,SINGAPURENSE,SEM PRIORIDADE,294,9.0,2024-02-29,EMB,GRAN.LIQUIDO NAO ESPECIF,1,TRSP,9.0,2026-09-30,2026-10-02,ac8b735e,2026-10-02
332772026,9786152,MAERSK CALLAO,DINAMARQUESA,LIQUIDO A GRANEL,183,9.0,2026-10-02,EMB,OLEO DIESEL,15000,ALAMOA,9.0,2026-09-30,2026-10-02,ac8b735e,2026-10-02
335092026,9929041,RICHLAND BEIJING,LIBERIANA,GRANEIS DE ORIGEM VEGETAL,229,13.0,2026-10-02,EMB,SOJA A GRANEL,60000,SUG.26,13.0,2026-09-30,2026-10-02,ac8b735e,2026-10-02
343102026,9950911,KANKO MARU,PANAMENHA,GRANEIS DE ORIGEM VEGETAL,229,12.4,2026-10-02,EMB,MILHO A GRANEL,66000,TGG,12.4,2026-09-30,2026-10-02,ac8b735e,2026-10-02
346262026,9996678,CMA CGM IRON,MALTESA,CONTEINERES,335,10.0,2026-10-02,"EMB,DESC","CONTEINERES CHEIOS,CONTEINERES CHEIOS",20700,TECON,10.0,2026-09-30,2026-10-02,ac8b735e,2026-10-02
354692026,9735098,PORT ESTRELA,LIBERIANA,GRANEIS DE ORIGEM VEGETAL,200,13.0,2026-10-02,EMB,MILHO A GRANEL,58000,AR.12A - BG/ITA,13.0,2026-09-30,2026-10-02,ac8b735e,2026-10-02
364222026,9894284,FLOURISH DIVA,PANAMENHA,GRANEIS SOLIDOS - IMPORTACAO,229,7.5,2026-09-07,DESC,GRAN.SOLIDO NAO ESPECIF,77300,TERMAG,7.5,2026-09-30,2026-10-02,ac8b735e,2026-10-02
366782026,9573206,ALPHARD,BRASILEIRA,PRIORIDADE C5,24,3.5,2026-10-02,EMB,OUTROS,1,SAIPEN,3.5,2026-09-30,2026-10-02,ac8b735e,2026-10-02
370142026,9437919,GRANDE GUINEA,ITALIANA,ROLL-IN-ROLL-OFF,211,9.0,2026-09-30,"EMB,DESC","CONTEINERES CHEIOS,CONTEINERES CHEIOS",7200,CAIS SABOO,9.0,2026-09-30,2026-09-30,ac8b735e,2026-10-02
370292026,9253208,GRANDE SAN PAOLO,ITALIANA,ROLL-IN-ROLL-OFF,214,9.0,2026-10-02,"EMB,DESC","CONTEINERES CHEIOS,CONTEINERES CHEIOS",7200,CAIS SABOO,9.0,2026-09-30,2026-10-02,ac8b735e,2026-10-02
373442026,9845180,FPMC 36,LIBERIANA,SEM PRIORIDADE,183,10.6,2026-10-02,EMB,GASOLINA COMUM,25000,ALAMOA,10.6,2026-09-30,2026-10-02,ac8b735e,2026-10-02
375052026,9125956,UTRECHT,HOLANDESA,SEM PRIORIDADE,154,6.0,2026-10-02,EMB,CARGA GERAL,1,CODESP-RUA,6.0,2026-09-30,2026-10-02,ac8b735e,2026-10-02
381152026,9208186,GHIBLI,PANAMENHA,CONTEINERES,191,9.0,2026-10-05,"EMB,DESC","CONTEINERES CHEIOS,CONTEINERES CHEIOS",3600,CAIS SABOO,9.0,2026-09-30,2026-10-02,ac8b735e,2026-10-02
381972026,9444285,MSC DUBAI VII,PORTUGUESA,CONTEINERES,295,11.3,2026-10-02,EMB,"CONTEINERES CHEIOS,CONTEINERES CHEIOS",1800,B.T.P. 1,11.3,2026-09-30,2026-10-02,ac8b735e,2026-10-02
383472026,9845180,FPMC 36,LIBERIANA,SEM PRIORIDADE,183,10.6,2026-10-02,EMB,GASOLINA COMUM,25000,ALAMOA,10.6,2026-09-30,2026-10-02,ac8b735e,2026-10-02
384132026,9431317,MAERSK KATALIN,SINGAPURENSE,LIQUIDO A GRANEL,183,9.0,2026-10-02,EMB,OLEO DIESEL,38000,ALAMOA,9.0,2026-09-30,2026-10-02,ac8b735e,2026-10-02
384172026,9453638,MARLIN,LIBERIANA,LIQUIDO A GRANEL,144,8.2,2026-10-02,EMB,OLEO DIESEL,16000,ALAMOA,8.2,2026-09-30,2026-10-02,ac8b735e,2026-10-02
386002026,9650494,COMMANDER K,LIBERIANA,PRIORIDADE C5,180,10.0,2026-10-02,EMB,OUTROS,1,CODESP.-35/37,10.0,2026-09-30,2026-10-02,ac8b735e,2026-10-02
397162026,9680724,GRANDE DAKAR,ITALIANA,ROLL-IN-ROLL-OFF,236,9.0,2026-10-04,"EMB,DESC","CONTEINERES CHEIOS,CONTEINERES CHEIOS",10800,CAIS SABOO,9.0,2026-09-30,2026-10-02,ac8b735e,2026-10-02
397342026,9625396,VICENTE PINZÓN,BRASILEIRA,CONTEINERES,255,9.0,2026-09-25,"EMB,DESC","CONTEINERES CHEIOS,CONTEINERES CHEIOS",7200,B.T.P. 1,9.0,2026-09-30,2026-10-02,ac8b735e,2026-10-02
397622026,9372810,POLARIS LEADER,SINGAPURENSE,ROLL-IN-ROLL-OFF,180,9.0,2026-10-02,"EMB,DESC","VEICULOS/VRS/CCS.RO-RO,VEICULOS/VRS/CCS.RO-RO",5000,TEVI,9.0,2026-09-30,2026-10-02,ac8b735e,2026-10-02
398042026,9694581,MAERSK GANGES (REB),BRASILEIRA,CONTEINERES,255,9.0,2026-10-01,"EMB,DESC","CONTEINERES CHEIOS,CONTEINERES CHEIOS",7200,B.T.P. 1,9.0,2026-09-30,2026-10-02,ac8b735e,2026-10-02
400162026,9361213,STAR HELENA,ILHAS MARSHALL,GRANEIS DE ORIGEM VEGETAL,229,13.4,2026-09-01,EMB,MILHO A GRANEL,65000,12A-13/14-20/21,13.4,2026-09-30,2026-10-02,ac8b735e,2026-10-02
402482026,9658379,JAG PRIYANKA,INDIANA,LIQUIDO A GRANEL,183,10.6,2026-10-02,EMB,GASOLINA COMUM,40000,ALAMOA,10.6,2026-09-30,2026-10-02,ac8b735e,2026-10-02
404712026,9371062,SAGA NAVIGATOR,BAHAMENSE,GRANEIS SOLIDOS - IMPORTACAO,199,6.0,2026-09-04,DESC,FERTILIZANTES,20074,SABOO-CODESP,6.0,2026-09-30,2026-10-02,ac8b735e,2026-10-02
405962026,9398321,TORINO,MALTESA,ROLL-IN-ROLL-OFF,200,9.0,2026-10-01,EMB,VEICULO,6343,TEVI,9.0,2026-09-30,2026-10-01,ac8b735e,2026-10-02
406742026,9526899,MAERSK LA PAZ,DINAMARQUESA,CONTEINERES,300,9.0,2026-10-11,"EMB,DESC","CONTEINERES CHEIOS,CONTEINERES CHEIOS",3600,B.T.P. 1,9.0,2026-09-30,2026-10-02,ac8b735e,2026-10-02
406752026,9527063,MAERSK LABREA,DINAMARQUESA,CONTEINERES,300,9.0,2026-10-02,"EMB,DESC","CONTEINERES CHEIOS,CONTEINERES CHEIOS",3600,B.T.P. 1,9.0,2026-09-30,2026-10-01,ac8b735e,2026-10-02
407122026,9526916,MAERSK LETICIA (AO),DINAMARQUESA,CONTEINERES,300,9.0,2026-10-04,"EMB,DESC","CONTEINERES CHEIOS,CONTEINERES CHEIOS",3600,B.T.P. 1,9.0,2026-09-30,2026-10-02,ac8b735e,2026-10-02
407512026,9343974,MAERSK JAIPUR,MALTESA,CONTEINERES,222,9.0,2026-10-05,"EMB,DESC","CONTEINERES CHEIOS,CONTEINERES CHEIOS",3600,EPORT 1/TECON 1,9.0,2026-09-30,2026-10-02,ac8b735e,2026-10-02
407612026,9527051,MAERSK LAMANAI,DINAMARQUESA,CONTEINERES,300,9.0,2026-10-03,"EMB,DESC","CONTEINERES CHEIOS,CONTEINERES CHEIOS",3600,B.T.P. 1,9.0,2026-09-30,2026-10-02,ac8b735e,2026-10-02
407622026,9526966,MAERSK LEON (AO),DINAMARQUESA,CONTEINERES,300,9.0,2026-10-02,"EMB,DESC","CONTEINERES CHEIOS,CONTEINERES CHEIOS",3600,TECON,9.0,2026-09-30,2026-10-02,ac8b735e,2026-10-02
408332026,9928205,MAERSK EVERGLADES,PANAMENHA,CONTEINERES,200,9.0,2026-10-13,"EMB,DESC","CONTEINERES CHEIOS,CONTEINERES CHEIOS",3600,EPORT 1/TECON 1,9.0,2026-09-30,2026-10-02,ac8b735e,2026-10-02
409092026,9673630,NORDCHEETAH,PORTUGUESA,CONTEINERES,170,9.0,2026-09-30,"EMB,DESC","CONTEINERES CHEIOS,CONTEINERES CHEIOS",3600,B.T.P. 1,9.0,2026-09-30,2026-09-30,ac8b735e,2026-10-02
409362026,9979278,MAERSK FORTALEZA,PANAMENHA,CONTEINERES,255,9.0,2026-10-04,"EMB,DESC","CONTEINERES CHEIOS,CONTEINERES CHEIOS",3600,EPORT 1/TECON 1,9.0,2026-09-30,2026-10-02,ac8b735e,2026-10-02
409432026,9969065,MAERSK FRANKFURT,PANAMENHA,CONTEINERES,255,9.0,2026-10-11,"EMB,DESC","CONTEINERES CHEIOS,CONTEINERES CHEIOS",3600,EPORT 1/TECON 1,9.0,2026-09-30,2026-10-02,ac8b735e,2026-10-02
409452026,9991202,MAERSK FREEPORT,PANAMENHA,CONTEINERES,255,9.0,2026-10-12,"EMB,DESC","CONTEINERES CHEIOS,CONTEINERES CHEIOS",3600,EPORT 1/TECON 1,9.0,2026-09-30,2026-10-02,ac8b735e,2026-10-02
409802026,9491989,MELISSUS,LIBERIANA,GRANEIS DE ORIGEM VEGETAL,230,10.5,2026-09-05,EMB,MILHO A GRANEL,70500,39,10.5,2026-09-30,2026-10-02,ac8b735e,2026-10-02
410352026,9770749,MSC BIANCA,LIBERIANA,CONTEINERES,328,13.0,2026-10-02,"EMB,DESC","CONTEINERES CHEIOS,CONTEINERES CHEIOS",68800,B.T.P./TECON,13.0,2026-09-30,2026-10-02,ac8b735e,2026-10-02
411572026,9612777,NC BRUMA (REB S/L),BRASILEIRA,CONTEINERES,224,5.0,2026-10-01,"EMB,DESC","CONTEINERES CHEIOS,CONTEINERES CHEIOS",10800,EPORT 1/TECON 1,5.0,2026-09-30,2026-10-01,ac8b735e,2026-10-02
411612026,9641235,COSTA RICA EXPRESS,ILHAS MARSHALL,CONTEINERES,270,9.0,2026-09-29,"EMB,DESC","CONTEINERES CHEIOS,CONTEINERES CHEIOS",18792,EPORT 1/TECON 1,9.0,2026-09-30,2026-09-30,ac8b735e,2026-10-02
411642026,9793923,ESPIRITO SANTO EXPRESS,SINGAPURENSE,CONTEINERES,330,9.0,2026-10-02,"EMB,DESC","CONTEINERES CHEIOS,CONTEINERES CHEIOS",36162,B.T.P. 1,9.0,2026-09-30,2026-10-02,ac8b735e,2026-10-02
412322026,1027354,GREEN OSHIMA,PANAMENHA,SEM PRIORIDADE,210,13.5,2026-10-03,EMB,PAPEL E CELULOSE,41150,35/37,13.5,2026-09-30,2026-10-02,ac8b735e,2026-10-02
413502026,9525388,MAERSK CHACHAI,HONG KONG,CONTEINERES,249,9.0,2026-10-04,"EMB,DESC","CONTEINERES CHEIOS,CONTEINERES CHEIOS",3600,B.T.P. 1,9.0,2026-09-30,2026-10-02,ac8b735e,2026-10-02
414292026,9633939,CAP SAN ARTEMISSIO,PANAMENHA,CONTEINERES,333,9.0,2026-10-01,EMB,"CONTEINERES CHEIOS,CONTEINERES CHEIOS",1800,EPORT 1/TECON 1,9.0,2026-09-30,2026-10-01,ac8b735e,2026-10-02
414352026,9633939,CAP SAN ARTEMISSIO,PANAMENHA,CONTEINERES,333,9.0,2026-09-30,"EMB,DESC","CONTEINERES CHEIOS,CONTEINERES CHEIOS",3600,EPORT 1/TECON 1,9.0,2026-09-30,2026-09-30,ac8b735e,2026-10-02
414422026,9633941,CAP SAN MALEAS,PANAMENHA,CONTEINERES,333,9.0,2026-10-13,"EMB,DESC","CONTEINERES CHEIOS,CONTEINERES CHEIOS",3600,EPORT 1/TECON 1,9.0,2026-09-30,2026-10-02,ac8b735e,2026-10-02
415382026,9290464,NORWALK (EX: SEAMAX NORWA,LIBERIANA,CONTEINERES,300,9.0,2026-10-10,"EMB,DESC","CONTEINERES CHEIOS,CONTEINERES CHEIOS",3600,TECON,9.0,2026-09-30,2026-10-02,ac8b735e,2026-10-02
418882026,1041398,SHINE CRYSTAL,LIBERIANA,GRANEIS DE ORIGEM VEGETAL,229,12.9,2026-09-18,EMB,PELLETS A GRANEL,68000,39,12.9,2026-09-30,2026-10-02,ac8b735e,2026-10-02
419482026,9737151,CHEMROAD QUEEN,PANAMENHA,SEM PRIORIDADE,180,10.0,2026-09-27,EMB,ETHANOL,21918,ALA.-I.B.,10.0,2026-09-30,2026-09-30,ac8b735e,2026-10-02
421552026,9674397,WL PALEKH,HONG KONG,GRANEIS SOLIDOS - EXPORTACAO,180,10.0,2026-09-17,EMB,ACUCAR A GRANEL,33000,20/21,10.0,2026-09-30,2026-09-30,ac8b735e,2026-10-02
423492026,9434723,KIRANA NAREE,TAILANDESA,GRANEIS SOLIDOS - IMPORTACAO,190,8.2,2026-10-02,DESC,FERTILIZANTES,21000,23,8.2,2026-09-30,2026-10-02,ac8b735e,2026-10-02
423722026,9937347,ONE MAGDALENA,SINGAPURENSE,CONTEINERES,330,10.0,2026-09-30,"EMB,DESC","CONTEINERES CHEIOS,CONTEINERES CHEIOS",18810,B.T.P. 1,10.0,2026-09-30,2026-10-01,ac8b735e,2026-10-02
423902026,9968865,KOTA EMBUN,SINGAPURENSE,CONTEINERES,335,8.0,2026-09-28,"EMB,DESC","CONTEINERES CHEIOS,CONTEINERES CHEIOS",25200,TECON,8.0,2026-09-30,2026-09-30,ac8b735e,2026-10-02
423912026,9613410,APIRADEE NAREE,SINGAPURENSE,PRIORIDADE C3,190,9.1,2026-09-09,EMB,ACUCAR,50170,ULTRAFERTIL,9.1,2026-09-30,2026-09-30,ac8b735e,2026-10-02
425132026,9476812,CHARLINE,ILHAS MARSHALL,LIQUIDO A GRANEL,183,7.0,2026-10-02,EMB,OLEO DIESEL,50000,ALAMOA,7.0,2026-09-30,2026-10-02,ac8b735e,2026-10-02
425852026,9959773,SERENITY DIVA,LIBERIANA,GRANEIS SOLIDOS - IMPORTACAO,228,7.0,2026-10-05,DESC,FERTILIZANTES,83420,TERMAG-ULTR.,7.0,2026-09-30,2026-10-02,ac8b735e,2026-10-02
426132026,9838228,BANIYAS,ILHAS MARSHALL,LIQUIDO A GRANEL,250,10.0,2026-10-02,EMB,OLEO COMBUSTIVEL,65000,ALAMOA,10.0,2026-09-30,2026-10-02,ac8b735e,2026-10-02
430192026,9324148,DALIDA,ILHAS MARSHALL,PRIORIDADE C3,190,9.1,2026-09-07,EMB,ACUCAR,51200,ULTRAFERTIL,9.1,2026-09-30,2026-10-01,ac8b735e,2026-10-02
432372026,9478937,TEGEA,GRANDCAYMANA,GRANEIS SOLIDOS - IMPORTACAO,190,8.0,2026-09-20,DESC,FERTILIZANTES,40500,ULTRAFERTIL,8.0,2026-09-30,2026-10-02,ac8b735e,2026-10-02
433202026,9702077,MSC MELINE,PORTUGUESA,CONTEINERES,300,14.2,2026-09-30,"EMB,DESC","CONTEINERES CHEIOS,CONTEINERES CHEIOS",19800,B.T.P. 1,14.2,2026-09-30,2026-09-30,ac8b735e,2026-10-02
433292026,9785445,MSC CAROLE,LIBERIANA,CONTEINERES,328,13.8,2026-10-02,"EMB,DESC","CONTEINERES CHEIOS,CONTEINERES CHEIOS",28800,B.T.P. 1,13.8,2026-09-30,2026-10-02,ac8b735e,2026-10-02
433932026,9870874,SEAJOY II,MALTESA,GRANEIS SOLIDOS - IMPORTACAO,200,6.0,2026-09-24,DESC,FERTILIZANTES,23835,CODESP-RUA,6.0,2026-09-30,2026-10-02,ac8b735e,2026-10-02
433952026,9697961,CARME,CIPRIOTA,PRIORIDADE C3,180,10.2,2026-09-28,EMB,ACUCAR,33680,20/21,10.2,2026-09-30,2026-10-02,ac8b735e,2026-10-02
433962026,9355525,STAR MAJESTY,NORUEGUESA,SEM PRIORIDADE,190,7.0,2026-09-25,DESC,PRODUTOS SIDERURGICOS,32275,USIMINAS,7.0,2026-09-30,2026-10-02,ac8b735e,2026-10-02
434052026,9500584,ANIMA,CIPRIOTA,GRANEIS SOLIDOS - IMPORTACAO,190,8.0,2026-09-15,DESC,FERTILIZANTES,20670,CODESP-RUA,8.0,2026-09-30,2026-09-30,ac8b735e,2026-10-02
434352026,9422328,MINOAN SKY,LIBERIANA,GRANEIS SOLIDOS - IMPORTACAO,225,8.9,2026-09-17,DESC,FERTILIZANTES,30000,23,8.9,2026-09-30,2026-10-02,ac8b735e,2026-10-02
435132026,9224867,MJ MASSA,BARBADOS,PRIORIDADE C3,170,10.0,2026-09-15,EMB,ACUCAR,29500,30/31,10.0,2026-09-30,2026-10-02,ac8b735e,2026-10-02
435662026,9291121,KAVO ALKYON,ILHAS MARSHALL,GRANEIS DE ORIGEM VEGETAL,225,12.2,2026-10-02,EMB,MILHO A GRANEL,68000,12A-13/14-20/21,12.2,2026-09-30,2026-10-02,ac8b735e,2026-10-02
436142026,9439773,DALMA,ILHAS MARSHALL,LIQUIDO A GRANEL,183,10.6,2026-09-11,EMB,OLEO COMBUSTIVEL,40000,ALAMOA,10.6,2026-09-30,2026-10-02,ac8b735e,2026-10-02
436292026,9945887,COSCO SHIPPING CHILE,HONG KONG,CONTEINERES,336,12.0,2026-10-01,"EMB,DESC","CONTEINERES CHEIOS,CONTEINERES CHEIOS",12600,TECON,12.0,2026-09-30,2026-10-02,ac8b735e,2026-10-02
436322026,9588316,FIGALIA PRUDENCE,GREGA,GRANEIS DE ORIGEM VEGETAL,229,13.0,2026-09-21,EMB,SOJA A GRANEL,69130,TGG,13.0,2026-09-30,2026-10-02,ac8b735e,2026-10-02
436352026,9312573,XIN WEI HAI,CHINESA,CONTEINERES,263,12.0,2026-09-27,"EMB,DESC","CONTEINERES CHEIOS,CONTEINERES CHEIOS",12600,TECON,12.0,2026-09-30,2026-10-02,ac8b735e,2026-10-02
436432026,9908358,BC AMBITION,PANAMENHA,GRANEIS SOLIDOS - IMPORTACAO,180,6.4,2026-09-27,DESC,FERTILIZANTES,36900,CODESP-RUA,6.4,2026-09-30,2026-10-02,ac8b735e,2026-10-02
436532026,9817523,OLYMPIA.GR,ILHAS MARSHALL,GRANEIS SOLIDOS - IMPORTACAO,200,8.0,2026-09-19,DESC,FERTILIZANTES,23000,ULTRAFERTIL,8.0,2026-09-30,2026-10-01,ac8b735e,2026-10-02
436572026,9964663,MAPLE WISDOM,HONG KONG,GRANEIS DE ORIGEM VEGETAL,229,13.2,2026-09-20,EMB,SOJA A GRANEL,66000,TGG,13.2,2026-09-30,2026-09-30,ac8b735e,2026-10-02
436592026,9519119,BRASILIA HIGHWAY,PANAMENHA,SEM PRIORIDADE,200,8.0,2026-09-30,"EMB,DESC","VEICULO,VEICULO",10888,TEVI,8.0,2026-09-30,2026-09-30,ac8b735e,2026-10-02
436662026,9384863,ATLANTIC ADAM,SAN MARINO,GRANEIS SOLIDOS - IMPORTACAO,169,5.2,2026-10-03,DESC,FERTILIZANTES,27200,CODESP-RUA,5.2,2026-09-30,2026-10-02,ac8b735e,2026-10-02
436672026,9987249,LOWLANDS IYO,ILHAS MARSHALL,GRANEIS DE ORIGEM VEGETAL,229,13.3,2026-09-16,EMB,SORGO A GRANEL,65000,38,13.3,2026-09-30,2026-10-02,ac8b735e,2026-10-02
437022026,9714769,CAIPIRINHA,LIBERIANA,TRIGO,180,8.0,2026-09-29,DESC,TRIGO A GRANEL,36000,29/30,8.0,2026-09-30,2026-10-01,ac8b735e,2026-10-02
437522026,9881897,TAI STAMINA,LIBERIANA,GRANEIS SOLIDOS - IMPORTACAO,200,7.0,2026-09-28,DESC,FERTILIZANTES,42000,ULTRAFERTIL,7.0,2026-09-30,2026-10-01,ac8b735e,2026-10-02
438182026,9595503,EVER LEADER,SINGAPURENSE,CONTEINERES,335,13.5,2026-10-02,"EMB,DESC","CONTEINERES CHEIOS,CONTEINERES CHEIOS",19980,TECON,13.5,2026-09-30,2026-10-02,ac8b735e,2026-10-02
438632026,9905629,LONGEVITY DIVA,LIBERIANA,GRANEIS SOLIDOS - IMPORTACAO,229,6.5,2026-09-23,DESC,FERTILIZANTES,77000,TERMAG,6.5,2026-09-30,2026-10-02,ac8b735e,2026-10-02
438652026,9612765,NC BREDA (REB S/L),BRASILEIRA,CONTEINERES,224,5.0,2026-10-02,"EMB,DESC","CONTEINERES CHEIOS,CONTEINERES CHEIOS",10800,EPORT 1/TECON 1,5.0,2026-09-30,2026-10-02,ac8b735e,2026-10-02
438752026,9768007,LAEM CHABANG EXPRESS,SINGAPURENSE,CONTEINERES,336,9.0,2026-10-05,"EMB,DESC","CONTEINERES CHEIOS,CONTEINERES CHEIOS",17730,B.T.P. 1,9.0,2026-09-30,2026-10-02,ac8b735e,2026-10-02
439972026,9391361,GAVI C,LIBERIANA,LIQUIDO A GRANEL,184,8.3,2026-10-02,EMB,OLEO DIESEL,37000,ALAMOA,8.3,2026-09-30,2026-10-02,ac8b735e,2026-10-02
440072026,9302774,HOANH SON UNIVERSE,PANAMENHA,PRIORIDADE C3,218,14.0,2026-09-18,EMB,ACUCAR,74430,16/17,14.0,2026-09-30,2026-10-02,ac8b735e,2026-10-02
440772026,9649873,NORDIC INCHEON,LIBERIANA,GRANEIS SOLIDOS - EXPORTACAO,180,9.5,2026-09-22,EMB,ACUCAR A GRANEL,30000,20/21,9.5,2026-09-30,2026-10-02,ac8b735e,2026-10-02
440792026,9464247,MALIAKOS,LIBERIANA,CONTEINERES,262,5.0,2026-10-06,"EMB,DESC","CONTEINERES CHEIOS,CONTEINERES CHEIOS",17100,EPORT 1/TECON 1,5.0,2026-09-30,2026-10-02,ac8b735e,2026-10-02
440822026,9654464,WIELAND,PORTUGUESA,CONTEINERES,255,5.0,2026-10-07,"EMB,DESC","CONTEINERES CHEIOS,CONTEINERES CHEIOS",30000,EPORT 1/TECON 1,5.0,2026-09-30,2026-10-02,ac8b735e,2026-10-02
440832026,9949223,SDM TAICANG,LIBERIANA,GRANEIS DE ORIGEM VEGETAL,210,10.5,2026-09-28,EMB,PELLETS A GRANEL,62502,35/37,10.5,2026-09-30,2026-09-30,ac8b735e,2026-10-02
440842026,9349540,JAZAN,LIBERIANA,CONTEINERES,306,9.0,2026-10-11,"EMB,DESC","CONTEINERES CHEIOS,CONTEINERES CHEIOS",18792,EPORT 1/TECON 1,9.0,2026-09-30,2026-10-02,ac8b735e,2026-10-02
440952026,9707003,GLOVIS CRYSTAL,COREANA,ROLL-IN-ROLL-OFF,200,8.0,2026-10-01,"EMB,DESC","VEICULOS/VRS/CCS.RO-RO,VEICULOS/VRS/CCS.RO-RO",3694,TEVI,8.0,2026-09-30,2026-10-02,ac8b735e,2026-10-02
441002026,9723253,BREMERHAVEN EXPRESS,LIBERIANA,CONTEINERES,300,5.0,2026-10-13,"EMB,DESC","CONTEINERES CHEIOS,CONTEINERES CHEIOS",27306,B.T.P. 1,5.0,2026-09-30,2026-10-02,ac8b735e,2026-10-02
441032026,9612789,NC BRISA (REB S/L),BRASILEIRA,CONTEINERES,224,9.0,2026-10-15,"EMB,DESC","CONTEINERES CHEIOS,CONTEINERES CHEIOS",10800,EPORT 1/TECON 1,9.0,2026-09-30,2026-10-02,ac8b735e,2026-10-02
441052026,9719874,CAPE PIONEER,CIPRIOTA,CONTEINERES,271,9.0,2026-10-17,"EMB,DESC","CONTEINERES CHEIOS,CONTEINERES CHEIOS",16920,EPORT 1/TECON 1,9.0,2026-09-30,2026-10-02,ac8b735e,2026-10-02
441612026,9654464,WIELAND,PORTUGUESA,CONTEINERES,255,5.0,2026-10-18,"EMB,DESC","CONTEINERES CHEIOS,CONTEINERES CHEIOS",17442,EPORT 1/TECON 1,5.0,2026-09-30,2026-10-02,ac8b735e,2026-10-02
441662026,9630420,XIAMEN EXPRESS,SINGAPURENSE,CONTEINERES,336,9.0,2026-10-30,"EMB,DESC","CONTEINERES CHEIOS,CONTEINERES CHEIOS",17730,B.T.P. 1,9.0,2026-09-30,2026-10-02,ac8b735e,2026-10-02
441692026,9723241,CZECH,LIBERIANA,CONTEINERES,300,9.0,2026-10-20,"EMB,DESC","CONTEINERES CHEIOS,CONTEINERES CHEIOS",27306,B.T.P. 1,9.0,2026-09-30,2026-10-02,ac8b735e,2026-10-02
441852026,9411927,ALANGOVA,TURCA,LIQUIDO A GRANEL,125,7.0,2026-09-28,EMB,GRAN.LIQUIDO NAO ESPECIF,3900,ALAMOA,7.0,2026-09-30,2026-10-02,ac8b735e,2026-10-02
441902026,9407160,SEASPAN EMPIRE,SINGAPURENSE,CONTEINERES,294,5.0,2026-10-20,"EMB,DESC","CONTEINERES CHEIOS,CONTEINERES CHEIOS",17100,EPORT 1/TECON 1,5.0,2026-09-30,2026-10-02,ac8b735e,2026-10-02
441982026,9687526,COPIAPO,LIBERIANA,CONTEINERES,300,5.0,2026-10-21,"EMB,DESC","CONTEINERES CHEIOS,CONTEINERES CHEIOS",14868,TECON,5.0,2026-09-30,2026-10-02,ac8b735e,2026-10-02
442062026,8650473,WS ZEUS,BRASILEIRA,PRIORIDADE C5,24,3.5,2026-10-02,EMB,OUTROS,1,SAIPEN,3.5,2026-09-30,2026-10-02,ac8b735e,2026-10-02
442112026,9612791,NC BRAVO (REB S/L),BRASILEIRA,CONTEINERES,224,5.0,2026-10-29,"EMB,DESC","CONTEINERES CHEIOS,CONTEINERES CHEIOS",10800,EPORT 1/TECON 1,5.0,2026-09-30,2026-10-02,ac8b735e,2026-10-02
442132026,9295361,SANTA VANESSA,LIBERIANA,CONTEINERES,275,9.0,2026-10-24,"EMB,DESC","CONTEINERES CHEIOS,CONTEINERES CHEIOS",16920,EPORT 1/TECON 1,9.0,2026-09-30,2026-10-02,ac8b735e,2026-10-02
442162026,9143556,DUSSELDORF EXPRESS,BERMUDAS,CONTEINERES,294,9.0,2026-10-26,"EMB,DESC","CONTEINERES CHEIOS,CONTEINERES CHEIOS",17100,EPORT 1/TECON 1,9.0,2026-09-30,2026-10-02,ac8b735e,2026-10-02
442192026,9687526,COPIAPO,LIBERIANA,CONTEINERES,300,5.0,2026-10-28,"EMB,DESC","CONTEINERES CHEIOS,CONTEINERES CHEIOS",26478,B.T.P. 1,5.0,2026-09-30,2026-10-02,ac8b735e,2026-10-02
442242026,9793909,PARANA EXPRESS,SINGAPURENSE,CONTEINERES,330,5.0,2026-10-31,"EMB,DESC","CONTEINERES CHEIOS,CONTEINERES CHEIOS",36162,B.T.P. 1,5.0,2026-09-30,2026-10-02,ac8b735e,2026-10-02
442282026,9306196,PALENA,LIBERIANA,CONTEINERES,304,5.0,2026-10-31,"EMB,DESC","CONTEINERES CHEIOS,CONTEINERES CHEIOS",16920,EPORT 1/TECON 1,5.0,2026-09-30,2026-10-02,ac8b735e,2026-10-02
442292026,9719874,CAPE PIONEER,CIPRIOTA,CONTEINERES,271,9.0,2026-11-01,"EMB,DESC","CONTEINERES CHEIOS,CONTEINERES CHEIOS",18792,EPORT 1/TECON 1,9.0,2026-09-30,2026-10-02,ac8b735e,2026-10-02
442612026,9603219,PEDRO ÁLVARES CABRAL,BRASILEIRA,CONTEINERES,228,9.0,2026-10-11,"EMB,DESC","CONTEINERES CHEIOS,CONTEINERES CHEIOS",3600,EPORT 1/TECON 1,9.0,2026-09-30,2026-10-02,ac8b735e,2026-10-02
442662026,9625384,BARTOLOMEU DIAS,BRASILEIRA,CONTEINERES,255,9.0,2026-10-09,"EMB,DESC","CONTEINERES CHEIOS,CONTEINERES CHEIOS",7200,B.T.P. 1,9.0,2026-09-30,2026-10-02,ac8b735e,2026-10-02
443202026,9568586,NIKI,LIBERIANA,GRANEIS DE ORIGEM VEGETAL,229,13.0,2026-09-28,EMB,MILHO A GRANEL,80000,19,13.0,2026-09-30,2026-09-30,ac8b735e,2026-10-02
443462026,1081843,KOTA ELAN,SINGAPURENSE,CONTEINERES,335,8.0,2026-10-15,"EMB,DESC","CONTEINERES CHEIOS,CONTEINERES CHEIOS",25200,TECON,8.0,2026-09-30,2026-10-02,ac8b735e,2026-10-02
443732026,9872195,COSCO SHIPPING PENG CHENG,CHINESA,SEM PRIORIDADE,202,9.0,2026-10-02,EMB,PAPEL E CELULOSE,28001,EPORT 1/TECON 1,9.0,2026-09-30,2026-10-02,ac8b735e,2026-10-02
443792026,9315549,LAKE ST. CLAIR,ANTIGUANA,GRANEIS SOLIDOS - IMPORTACAO,185,6.1,2026-10-02,DESC,FERTILIZANTES,16898,ULTRAFERTIL,6.1,2026-09-30,2026-10-02,ac8b735e,2026-10-02
443842026,9227039,FELIXSTOWE,BAHAMENSE,CONTEINERES,260,12.0,2026-10-02,"EMB,DESC","CONTEINERES CHEIOS,CONTEINERES CHEIOS",3600,29-TECON,12.0,2026-09-30,2026-10-02,ac8b735e,2026-10-02
443902026,9619438,MSC ALBANY,LIBERIANA,CONTEINERES,300,10.0,2026-10-02,"EMB,DESC","CONTEINERES CHEIOS,CONTEINERES CHEIOS",14400,B.T.P. 1,10.0,2026-09-30,2026-10-02,ac8b735e,2026-10-02
443952026,9407407,HORIZON THEONI,MALTESA,LIQUIDO A GRANEL,183,11.0,2026-09-16,DESC,OLEO LUBRIFICANTE,484,ALA.-I.B.,11.0,2026-09-30,2026-10-02,ac8b735e,2026-10-02
443962026,9777175,CAPE ARTEMISIO,MALTESA,CONTEINERES,330,13.8,2026-10-02,"EMB,DESC","CONTEINERES CHEIOS,CONTEINERES CHEIOS",28800,B.T.P. 1,13.8,2026-09-30,2026-10-02,ac8b735e,2026-10-02
444012026,9313931,MSC INIYA V,CIPRIOTA,CONTEINERES,294,13.5,2026-09-29,"EMB,DESC","CONTEINERES CHEIOS,CONTEINERES CHEIOS",14400,B.T.P. 1,13.5,2026-09-30,2026-10-02,ac8b735e,2026-10-02
444082026,9453365,SPYROS V,MALTESA,CONTEINERES,261,11.1,2026-10-01,"EMB,DESC","CONTEINERES CHEIOS,CONTEINERES CHEIOS",3600,TECON,11.1,2026-09-30,2026-10-01,ac8b735e,2026-10-02
444922026,9842516,SM SANTOS,ILHAS MARSHALL,GRANEIS DE ORIGEM VEGETAL,229,12.4,2026-09-27,EMB,SOJA A GRANEL,66000,39,12.4,2026-09-30,2026-10-02,ac8b735e,2026-10-02
445032026,9347889,ANNA M,LIBERIANA,GRANEIS SOLIDOS - EXPORTACAO,190,11.2,2026-10-02,EMB,ACUCAR A GRANEL,47250,T.E.A.G.,11.2,2026-09-30,2026-10-02,ac8b735e,2026-10-02
445352026,1047067,LANGLOIS FUJIMARU,LIBERIANA,GRANEIS SOLIDOS - IMPORTACAO,200,9.0,2026-09-22,DESC,FERTILIZANTES,49495,ULTRAFERTIL,9.0,2026-09-30,2026-10-02,ac8b735e,2026-10-02
446002026,9441295,EGRET BULKER,ILHAS MARSHALL,GRANEIS SOLIDOS - IMPORTACAO,190,6.5,2026-10-05,DESC,FERTILIZANTES,18250,CODESP-RUA,6.5,2026-09-30,2026-10-02,ac8b735e,2026-10-02
446022026,9529516,OCEAN GLSR,MALTESA,GRANEIS SOLIDOS - IMPORTACAO,190,6.3,2026-09-30,DESC,FERTILIZANTES,30000,23,6.3,2026-09-30,2026-10-02,ac8b735e,2026-10-02
446432026,9401491,STAR MARKELLA,ILHAS MARSHALL,GRANEIS DE ORIGEM VEGETAL,229,13.1,2026-09-24,EMB,MILHO A GRANEL,69240,12A-13/14-20/21,13.1,2026-09-30,2026-10-02,ac8b735e,2026-10-02
446672026,9649835,CMA CGM SANTOS (REB),BRASILEIRA,CONTEINERES,228,10.0,2026-09-29,"EMB,DESC","CONTEINERES CHEIOS,CONTEINERES CHEIOS",20700,TECON,10.0,2026-09-30,2026-09-30,ac8b735e,2026-10-02
447162026,1031173,MSC MARIA MARILYN X,LIBERIANA,CONTEINERES,300,11.3,2026-10-02,"EMB,DESC","CONTEINERES CHEIOS,CONTEINERES CHEIOS",28800,TECON,11.3,2026-09-30,2026-10-02,ac8b735e,2026-10-02
447312026,9250983,MSC DAMLA,PANAMENHA,CONTEINERES,294,13.5,2026-10-04,"EMB,DESC","CONTEINERES CHEIOS,CONTEINERES CHEIOS",19800,B.T.P. 1,13.5,2026-09-30,2026-10-02,ac8b735e,2026-10-02
447402026,9221592,CPT DIMITRIOS S,LIBERIANA,GRANEIS DE ORIGEM VEGETAL,225,13.0,2026-10-10,EMB,MILHO A GRANEL,70000,SUG.26,13.0,2026-09-30,2026-10-02,ac8b735e,2026-10-02
447582026,9327669,LOG-IN RESILIENTE (REB),BRASILEIRA,CONTEINERES,211,9.1,2026-10-05,"EMB,DESC","CONTEINERES CHEIOS,CONTEINERES CHEIOS",14400,TECON,9.1,2026-09-30,2026-10-02,ac8b735e,2026-10-02
447612026,9801160,AMBER STAR.GR,ILHAS MARSHALL,GRANEIS SOLIDOS - IMPORTACAO,180,9.0,2026-09-27,DESC,GRAN.SOLIDO NAO ESPECIF,18000,ULTRAFERTIL,9.0,2026-09-30,2026-10-02,ac8b735e,2026-10-02
447672026,9964118,YASA NEPTUNE,ILHAS MARSHALL,GRANEIS DE ORIGEM VEGETAL,200,13.0,2026-09-27,EMB,SORGO A GRANEL,62526,13/14-RODR/MULT,13.0,2026-09-30,2026-10-02,ac8b735e,2026-10-02
447732026,9351799,LOG-IN PANTANAL (REB),BRASILEIRA,CONTEINERES,183,9.1,2026-09-30,"EMB,DESC","CONTEINERES CHEIOS,CONTEINERES CHEIOS",14400,TECON,9.1,2026-09-30,2026-09-30,ac8b735e,2026-10-02
447772026,9193290,TOKYO EXPRESS,LIBERIANA,CONTEINERES,294,11.0,2026-10-06,"EMB,DESC","CONTEINERES CHEIOS,CONTEINERES CHEIOS",17100,EPORT 1/TECON 1,11.0,2026-09-30,2026-10-02,ac8b735e,2026-10-02
448122026,9584592,NEW AMBITION,PANAMENHA,GRANEIS DE ORIGEM VEGETAL,229,12.9,2026-09-30,EMB,PELLETS A GRANEL,66000,38,12.9,2026-09-30,2026-10-02,ac8b735e,2026-10-02
448302026,9994840,APPIA,LIBERIANA,GRANEIS SOLIDOS - EXPORTACAO,180,9.0,2026-10-02,EMB,CARVAO A GRANEL,10000,CODESP-USIMINAS,9.0,2026-09-30,2026-10-02,ac8b735e,2026-10-02
448522026,9860673,ARTEMIS BULKER,SINGAPURENSE,GRANEIS SOLIDOS - EXPORTACAO,200,13.3,2026-10-02,EMB,ACUCAR A GRANEL,60500,ULTRAF - 16/17,13.3,2026-09-30,2026-10-02,ac8b735e,2026-10-02
448542026,9875197,IDA,BARBADOS,GRANEIS SOLIDOS - EXPORTACAO,200,13.0,2026-09-24,EMB,ACUCAR A GRANEL,61700,12A - TEAG,13.0,2026-09-30,2026-10-02,ac8b735e,2026-10-02
448572026,1108495,TOP GENIUS,SINGAPURENSE,GRANEIS SOLIDOS - EXPORTACAO,200,13.1,2026-09-27,EMB,ACUCAR A GRANEL,60000,20/21,13.1,2026-09-30,2026-10-02,ac8b735e,2026-10-02
448622026,9315549,LAKE ST. CLAIR,ANTIGUANA,GRANEIS SOLIDOS - EXPORTACAO,185,9.5,2026-10-02,EMB,ACUCAR A GRANEL,22000,ULTRAFERTIL,9.5,2026-09-30,2026-10-02,ac8b735e,2026-10-02
448662026,9474668,KARDAM,LIBERIANA,GRANEIS SOLIDOS - EXPORTACAO,190,12.1,2026-10-03,EMB,ACUCAR A GRANEL,55000,20/21,12.1,2026-09-30,2026-10-02,ac8b735e,2026-10-02
448722026,9271999,MOYRA,GIBRALTAR,LIQUIDO A GRANEL,164,8.0,2026-10-02,DESC,GRAN.LIQUIDO NAO ESPECIF,6100,ILHA,8.0,2026-09-30,2026-10-02,ac8b735e,2026-10-02
448742026,9719587,DANAE,ILHAS MARSHALL,GRANEIS DE ORIGEM VEGETAL,229,13.0,2026-09-20,EMB,SORGO A GRANEL,65000,12A - 20/21,13.0,2026-09-30,2026-10-02,ac8b735e,2026-10-02
448752026,9881653,COSCO SHIPPING HONOR,HONG KONG,SEM PRIORIDADE,202,10.0,2026-10-02,EMB,PAPEL E CELULOSE,54046,TEVI,10.0,2026-09-30,2026-10-02,ac8b735e,2026-10-02
448792026,9340489,LILA ANTWERP,ILHAS MARSHALL,LIQUIDO A GRANEL,146,9.0,2026-10-01,EMB,GRAN.LIQUIDO NAO ESPECIF,17363,ALAMOA,9.0,2026-09-30,2026-10-02,ac8b735e,2026-10-02
448812026,1027366,GREEN NAGOYA,PANAMENHA,CABOTAGEM,210,10.0,2026-10-07,EMB,PAPEL E CELULOSE,58001,EPORT 1/TECON 1,10.0,2026-09-30,2026-10-02,ac8b735e,2026-10-02
448872026,9660578,YU YAN,ILHAS MARSHALL,GRANEIS DE ORIGEM VEGETAL,229,12.1,2026-09-27,EMB,PELLETS A GRANEL,62800,38,12.1,2026-09-30,2026-10-02,ac8b735e,2026-10-02
449132026,9602875,SEBASTIÃO CABOTO,BRASILEIRA,CONTEINERES,228,9.0,2026-10-04,"EMB,DESC","CONTEINERES CHEIOS,CONTEINERES CHEIOS",3600,EPORT 1/TECON 1,9.0,2026-09-30,2026-10-02,ac8b735e,2026-10-02
449562026,9783954,AUDACITY,LIBERIANA,GRANEIS DE ORIGEM VEGETAL,229,13.4,2026-09-28,EMB,MILHO A GRANEL,66000,TGG,13.4,2026-09-30,2026-10-02,ac8b735e,2026-10-02
450962026,9786152,MAERSK CALLAO,DINAMARQUESA,LIQUIDO A GRANEL,183,9.0,2026-10-02,DESC,OLEO LUBRIFICANTE,3440,ILHA,9.0,2026-09-30,2026-10-02,ac8b735e,2026-10-02
451632026,9856062,STAVANGER PRIDE,NORUEGUESA,LIQUIDO A GRANEL,183,9.0,2026-09-28,DESC,OLEO DIESEL,38335,ILHA,9.0,2026-09-30,2026-10-02,ac8b735e,2026-10-02
451962026,9965837,YM MASCOT,LIBERIANA,GRANEIS DE ORIGEM VEGETAL,229,13.0,2026-09-23,EMB,SOJA A GRANEL,68000,35/37,13.0,2026-09-30,2026-10-02,ac8b735e,2026-10-02
452082026,9624299,MAERSK KARUN,DINAMARQUESA,CONTEINERES,255,9.0,2026-10-02,EMB,"CONTEINERES CHEIOS,CONTEINERES CHEIOS",1800,B.T.P. 1,9.0,2026-09-30,2026-10-02,ac8b735e,2026-10-02
452552026,9160449,HAM 316,PANAMENHA,SEM PRIORIDADE,128,6.0,2026-09-28,EMB,CARGA GERAL,1,CODESP-RUA,6.0,2026-09-30,2026-10-02,ac8b735e,2026-10-02
452562026,9786712,KOTA PAHLAWAN,SINGAPURENSE,CONTEINERES,330,8.0,2026-10-04,"EMB,DESC","CONTEINERES CHEIOS,CONTEINERES CHEIOS",25200,TECON,8.0,2026-09-30,2026-10-02,ac8b735e,2026-10-02
452572026,9786712,KOTA PAHLAWAN,SINGAPURENSE,CONTEINERES,330,8.0,2026-10-28,"EMB,DESC","CONTEINERES CHEIOS,CONTEINERES CHEIOS",25200,TECON,8.0,2026-09-30,2026-10-02,ac8b735e,2026-10-02
452582026,9305661,HYUNDAI HONGKONG,CIPRIOTA,CONTEINERES,304,8.0,2026-10-02,"EMB,DESC","CONTEINERES CHEIOS,CONTEINERES CHEIOS",28620,EPORT 1/TECON 1,8.0,2026-09-30,2026-10-02,ac8b735e,2026-10-02
452592026,9976599,HMM SKY,LIBERIANA,CONTEINERES,272,8.0,2026-10-08,"EMB,DESC","CONTEINERES CHEIOS,CONTEINERES CHEIOS",28620,EPORT 1/TECON 1,8.0,2026-09-30,2026-10-02,ac8b735e,2026-10-02
452602026,9637155,HMM PLATINUM,LIBERIANA,CONTEINERES,255,8.0,2026-10-15,"EMB,DESC","CONTEINERES CHEIOS,CONTEINERES CHEIOS",28620,EPORT 1/TECON 1,8.0,2026-09-30,2026-10-02,ac8b735e,2026-10-02
452612026,9347580,HYUNDAI VOYAGER,ILHAS MARSHALL,CONTEINERES,294,8.0,2026-10-20,"EMB,DESC","CONTEINERES CHEIOS,CONTEINERES CHEIOS",28620,EPORT 1/TECON 1,8.0,2026-09-30,2026-10-02,ac8b735e,2026-10-02
452632026,9625528,HMM PRESTIGE,LIBERIANA,CONTEINERES,255,8.0,2026-10-30,"EMB,DESC","CONTEINERES CHEIOS,CONTEINERES CHEIOS",28620,EPORT 1/TECON 1,8.0,2026-09-30,2026-10-02,ac8b735e,2026-10-02
452762026,1061477,FORTUNE SUNSHINE,ILHAS MARSHALL,GRANEIS DE ORIGEM VEGETAL,229,13.3,2026-09-24,EMB,SORGO A GRANEL,70000,38,13.3,2026-09-30,2026-10-02,ac8b735e,2026-10-02
452842026,9847384,AMOY POWER,HONG KONG,GRANEIS DE ORIGEM VEGETAL,229,11.1,2026-09-26,EMB,MILHO A GRANEL,60705,16/17-19,11.1,2026-09-30,2026-10-02,ac8b735e,2026-10-02
452872026,1049340,HAPPINESS DIVA,ILHAS MARSHALL,GRANEIS DE ORIGEM VEGETAL,229,13.3,2026-09-22,EMB,SOJA A GRANEL,65000,CUTRALE,13.3,2026-09-30,2026-10-02,ac8b735e,2026-10-02
453082026,1060162,AFRICA GRAECA II,CIPRIOTA,GRANEIS DE ORIGEM VEGETAL,229,13.0,2026-09-25,EMB,PELLETS A GRANEL,63115,TGG,13.0,2026-09-30,2026-10-02,ac8b735e,2026-10-02
453402026,9719537,STAR CAPOEIRA,PORTUGUESA,GRANEIS DE ORIGEM VEGETAL,229,13.0,2026-10-03,EMB,SOJA A GRANEL,68000,TGG,13.0,2026-09-30,2026-10-02,ac8b735e,2026-10-02
453562026,9937268,ELITE DIVA,PANAMENHA,GRANEIS SOLIDOS - IMPORTACAO,229,9.0,2026-09-29,DESC,FERTILIZANTES,77500,TERMAG,9.0,2026-09-30,2026-10-02,ac8b735e,2026-10-02
453632026,9349203,PHOENIX II,PANAMENHA,SEM PRIORIDADE,183,8.0,2026-10-02,DESC,GASOLINA COMUM,19520,ALAMOA,8.0,2026-09-30,2026-10-02,ac8b735e,2026-10-02
453652026,9777395,BOW TITANIUM,NORUEGUESA,LIQUIDO A GRANEL,165,8.0,2026-09-28,"EMB,DESC","GRAN.LIQUIDO NAO ESPECIF,GRAN.LIQUIDO NAO ESPECIF",2481,ALAMOA,8.0,2026-09-30,2026-10-02,ac8b735e,2026-10-02
454052026,1018016,DESERT LEOPARD,ILHAS MARSHALL,PRIORIDADE C3,200,11.0,2026-09-23,EMB,ACUCAR,50000,ARM.13/14-15,11.0,2026-09-30,2026-10-01,ac8b735e,2026-10-02
454132026,9355252,GRAND VEGA,ILHAS MARSHALL,ROLL-IN-ROLL-OFF,200,9.0,2026-10-16,EMB,VEICULO,2800,TEVI,9.0,2026-09-30,2026-10-02,ac8b735e,2026-10-02
454212026,9455870,YM MUTUALITY,LIBERIANA,CONTEINERES,306,10.0,2026-10-03,"EMB,DESC","CONTEINERES CHEIOS,CONTEINERES CHEIOS",35910,EPORT 1/TECON 1,10.0,2026-09-30,2026-10-02,ac8b735e,2026-10-02
454282026,9288526,MINOAN COURAGE,LIBERIANA,GRANEIS DE ORIGEM VEGETAL,225,10.3,2026-10-03,EMB,MILHO A GRANEL,69793,16/17-19,10.3,2026-09-30,2026-10-02,ac8b735e,2026-10-02
454302026,9168843,MSC UNIFIC VI,LIBERIANA,CONTEINERES,285,12.7,2026-10-04,"EMB,DESC","CONTEINERES CHEIOS,CONTEINERES CHEIOS",18000,EPORT 1/TECON 1,12.7,2026-09-30,2026-10-02,ac8b735e,2026-10-02
454362026,9927263,MSC AAYA,LIBERIANA,CONTEINERES,366,13.8,2026-10-05,EMB,"CONTEINERES CHEIOS,CONTEINERES CHEIOS",54000,B.T.P. 1,13.8,2026-09-30,2026-10-02,ac8b735e,2026-10-02
454382026,9605279,MSC AMALFI,MALTESA,CONTEINERES,300,9.6,2026-10-06,"EMB,DESC","CONTEINERES CHEIOS,CONTEINERES CHEIOS",14400,TECON,9.6,2026-09-30,2026-10-02,ac8b735e,2026-10-02
454512026,1031185,MSC STELLA M X,LIBERIANA,CONTEINERES,300,11.3,2026-10-08,"EMB,DESC","CONTEINERES CHEIOS,CONTEINERES CHEIOS",28800,TECON,11.3,2026-09-30,2026-10-02,ac8b735e,2026-10-02
454542026,9999311,PIAUI,BRASILEIRA,PRIORIDADE C5,50,2.5,2026-09-23,EMB,OUTROS,1,CODESP-RUA,2.5,2026-09-30,2026-10-02,ac8b735e,2026-10-02
454662026,1016666,MSC INSA,LIBERIANA,CONTEINERES,335,9.6,2026-10-07,"EMB,DESC","CONTEINERES CHEIOS,CONTEINERES CHEIOS",19800,B.T.P. 1,9.6,2026-09-30,2026-10-02,ac8b735e,2026-10-02
454682026,9846251,IWAGI ISLAND,SINGAPURENSE,TRIGO,180,10.0,2026-10-05,DESC,TRIGO A GRANEL,30000,30/31,10.0,2026-09-30,2026-10-02,ac8b735e,2026-10-02
454732026,9748801,SHANDONG FU YI,HONG KONG,GRANEIS DE ORIGEM VEGETAL,229,13.5,2026-09-27,EMB,SOJA A GRANEL,70504,TEG,13.5,2026-09-30,2026-10-02,ac8b735e,2026-10-02
455732026,9605231,MSC DAKAR X,PORTUGUESA,CONTEINERES,300,13.2,2026-10-07,"EMB,DESC","CONTEINERES CHEIOS,CONTEINERES CHEIOS",19800,B.T.P. 1,13.2,2026-09-30,2026-10-02,ac8b735e,2026-10-02
455822026,9252541,MSC MAGNUM VII,LIBERIANA,CONTEINERES,300,10.1,2026-10-08,"EMB,DESC","CONTEINERES CHEIOS,CONTEINERES CHEIOS",19800,B.T.P. 1,10.1,2026-09-30,2026-10-02,ac8b735e,2026-10-02
455842026,1016472,ZY IDOL,SINGAPURENSE,GRANEIS DE ORIGEM VEGETAL,200,12.9,2026-10-02,EMB,SOJA A GRANEL,57420,TEG,12.9,2026-09-30,2026-10-02,ac8b735e,2026-10-02
455972026,9295397,MSC CAROLINA,PANAMENHA,CONTEINERES,275,13.5,2026-10-08,"EMB,DESC","CONTEINERES CHEIOS,CONTEINERES CHEIOS",14400,B.T.P. 1,13.5,2026-09-30,2026-10-02,ac8b735e,2026-10-02
456152026,9987366,MSC GRACE,LIBERIANA,CONTEINERES,366,13.8,2026-10-10,EMB,"CONTEINERES CHEIOS,CONTEINERES CHEIOS",54000,B.T.P. 1,13.8,2026-09-30,2026-10-02,ac8b735e,2026-10-02
456242026,9694593,WIDE HOTEL,ILHAS MARSHALL,CONTEINERES,255,8.0,2026-10-03,"EMB,DESC","CONTEINERES CHEIOS,CONTEINERES CHEIOS",18810,EPORT 1/TECON 1,8.0,2026-09-30,2026-10-02,ac8b735e,2026-10-02
456262026,9490117,CORNELIA M,LIBERIANA,GRANEIS DE ORIGEM VEGETAL,225,8.0,2026-09-28,EMB,SOJA A GRANEL,65000,12A-39,8.0,2026-09-30,2026-10-02,ac8b735e,2026-10-02
456312026,9337688,NYK DIANA,PANAMENHA,CONTEINERES,294,8.0,2026-10-04,"EMB,DESC","CONTEINERES CHEIOS,CONTEINERES CHEIOS",18810,TECON,8.0,2026-09-30,2026-10-02,ac8b735e,2026-10-02
456332026,9410533,MED ATLANTIC,MALTESA,LIQUIDO A GRANEL,170,1.3,2026-10-10,EMB,ETHANOL,8100,ILHA,1.3,2026-09-30,2026-10-02,ac8b735e,2026-10-02
456352026,9471898,LOG-IN JATOBÁ,BRASILEIRA,CONTEINERES,218,9.1,2026-10-06,"EMB,DESC","CONTEINERES CHEIOS,CONTEINERES CHEIOS",14400,TECON,9.1,2026-09-30,2026-10-02,ac8b735e,2026-10-02
456372026,9416991,NYK RUMINA,SINGAPURENSE,CONTEINERES,294,8.0,2026-10-09,"EMB,DESC","CONTEINERES CHEIOS,CONTEINERES CHEIOS",18810,TECON,8.0,2026-09-30,2026-10-02,ac8b735e,2026-10-02
456572026,9850862,EVER FAR,LIBERIANA,CONTEINERES,334,13.0,2026-10-06,"EMB,DESC","CONTEINERES CHEIOS,CONTEINERES CHEIOS",19980,TECON,13.0,2026-09-30,2026-10-02,ac8b735e,2026-10-02
456702026,9364825,SEA DIAMOND I,PANAMENHA,PRIORIDADE C3,190,11.5,2026-09-30,EMB,ACUCAR,51400,16/17,11.5,2026-09-30,2026-10-02,ac8b735e,2026-10-02
456882026,9356153,MERCOSUL SANTOS,BRASILEIRA,CONTEINERES,211,10.0,2026-10-02,"EMB,DESC","CONTEINERES CHEIOS,CONTEINERES CHEIOS",20700,TECON,10.0,2026-09-30,2026-10-02,ac8b735e,2026-10-02
456972026,9613848,SAGA FALCON,BAHAMENSE,CABOTAGEM,200,8.0,2026-10-15,EMB,PAPEL E CELULOSE,17000,35/37,8.0,2026-09-30,2026-10-02,ac8b735e,2026-10-02
457022026,9731951,COSCO SHIPPING RHINE,HONG KONG,CONTEINERES,300,11.5,2026-10-05,"EMB,DESC","CONTEINERES CHEIOS,CONTEINERES CHEIOS",12600,TECON,11.5,2026-09-30,2026-10-02,ac8b735e,2026-10-02
457112026,9727297,AFRICAN ARROW,PANAMENHA,PRIORIDADE C3,200,12.0,2026-10-04,EMB,ACUCAR,44815,16/17,12.0,2026-09-30,2026-10-02,ac8b735e,2026-10-02
457122026,9945849,COSCO SHIPPING ARGENTINA,HONG KONG,CONTEINERES,336,12.3,2026-10-06,"EMB,DESC","CONTEINERES CHEIOS,CONTEINERES CHEIOS",12600,TECON,12.3,2026-09-30,2026-10-02,ac8b735e,2026-10-02
457142026,9225653,ALESSIA,LIBERIANA,CONTEINERES,300,11.7,2026-10-08,"EMB,DESC","CONTEINERES CHEIOS,CONTEINERES CHEIOS",12600,TECON,11.7,2026-09-30,2026-10-02,ac8b735e,2026-10-02
457182026,9936525,ZIM BANGKOK,TAILANDESA,CONTEINERES,334,14.0,2026-10-08,"EMB,DESC","CONTEINERES CHEIOS,CONTEINERES CHEIOS",10800,EPORT 1/TECON 1,14.0,2026-09-30,2026-10-02,ac8b735e,2026-10-02
457242026,9920069,TAKAO GALAXY,SINGAPURENSE,SEM PRIORIDADE,157,8.0,2026-10-08,EMB,GRAN.LIQUIDO NAO ESPECIF,7776,ALAMOA,8.0,2026-09-30,2026-10-02,ac8b735e,2026-10-02
457322026,9728186,MEDI EOLIE,LIBERIANA,GRANEIS DE ORIGEM VEGETAL,229,14.4,2026-10-05,EMB,MILHO A GRANEL,68000,TGG,14.4,2026-09-30,2026-10-02,ac8b735e,2026-10-02
457802026,1042134,SUN ISLAND,PANAMENHA,GRANEIS DE ORIGEM VEGETAL,229,12.4,2026-10-01,EMB,MILHO A GRANEL,62800,13/14-RODR/MULT,12.4,2026-09-30,2026-10-02,ac8b735e,2026-10-02
457862026,9955894,ROSTRUM HEDONIST,LIBERIANA,GRANEIS DE ORIGEM VEGETAL,229,12.5,2026-09-30,EMB,PELLETS A GRANEL,63101,35/37,12.5,2026-09-30,2026-10-02,ac8b735e,2026-10-02
457932026,9660358,AMAZON VICTORY,GREGA,LIQUIDO A GRANEL,228,11.2,2026-09-24,EMB,OLEO COMBUSTIVEL,70000,ALAMOA,11.2,2026-09-30,2026-10-01,ac8b735e,2026-10-02
458002026,9852133,WINNIPEG,LIBERIANA,SEM PRIORIDADE,180,9.8,2026-10-02,DESC,GAS LIQUEFEITO,20000,ALAMOA,9.8,2026-09-30,2026-10-02,ac8b735e,2026-10-02
458032026,9544750,ALYTUS,CIPRIOTA,GRANEIS SOLIDOS - EXPORTACAO,186,9.2,2026-09-27,EMB,ACUCAR A GRANEL,33400,20/21,9.2,2026-09-30,2026-10-02,ac8b735e,2026-10-02
458092026,9485796,OSLO BULK 5,PORTUGUESA,GRANEIS SOLIDOS - IMPORTACAO,108,7.4,2026-10-07,DESC,FERTILIZANTES,6500,ULTRAFERTIL,7.4,2026-09-30,2026-10-02,ac8b735e,2026-10-02
458172026,1041453,WECO MEMPHIS BELLE,ILHAS MARSHALL,LIQUIDO A GRANEL,183,9.0,2026-10-02,DESC,OLEO DIESEL,23483,ALAMOA,9.0,2026-09-30,2026-10-02,ac8b735e,2026-10-02
458372026,9560352,SEATTLE BRIDGE,PANAMENHA,CONTEINERES,293,10.0,2026-10-10,"EMB,DESC","CONTEINERES CHEIOS,CONTEINERES CHEIOS",35910,EPORT 1/TECON 1,10.0,2026-09-30,2026-10-02,ac8b735e,2026-10-02
458402026,9713351,SEASPAN BELIEF,SINGAPURENSE,CONTEINERES,337,10.0,2026-10-14,"EMB,DESC","CONTEINERES CHEIOS,CONTEINERES CHEIOS",18810,B.T.P. 1,10.0,2026-09-30,2026-10-02,ac8b735e,2026-10-02
458422026,9694593,WIDE HOTEL,ILHAS MARSHALL,CONTEINERES,255,8.0,2026-10-18,EMB,"CONTEINERES CHEIOS,CONTEINERES CHEIOS",14310,TECON,8.0,2026-09-30,2026-10-02,ac8b735e,2026-10-02
458492026,9866770,BOW PROSPER,NORUEGUESA,LIQUIDO A GRANEL,183,8.0,2026-10-03,DESC,GRAN.LIQUIDO NAO ESPECIF,9492,ILHA,8.0,2026-09-30,2026-10-01,ac8b735e,2026-10-02
458612026,9913602,LADY AMANDA,ILHAS MARSHALL,LIQUIDO A GRANEL,182,9.0,2026-10-01,DESC,GRAN.LIQUIDO NAO ESPECIF,45547,ALAMOA,9.0,2026-09-30,2026-10-02,ac8b735e,2026-10-02
458852026,9866184,LADY ANNE,LIBERIANA,GRANEIS DE ORIGEM VEGETAL,229,13.3,2026-09-27,EMB,SOJA A GRANEL,66000,ULTRAFERTIL,13.3,2026-09-30,2026-10-02,ac8b735e,2026-10-02
458892026,9945887,COSCO SHIPPING CHILE,HONG KONG,CONTEINERES,336,12.0,2026-10-10,"EMB,DESC","CONTEINERES CHEIOS,CONTEINERES CHEIOS",12600,TECON,12.0,2026-09-30,2026-10-02,ac8b735e,2026-10-02
458912026,9945849,COSCO SHIPPING ARGENTINA,HONG KONG,CONTEINERES,336,12.3,2026-10-15,"EMB,DESC","CONTEINERES CHEIOS,CONTEINERES CHEIOS",12600,TECON,12.3,2026-09-30,2026-10-02,ac8b735e,2026-10-02
459002026,9945837,COSCO SHIPPING BRAZIL,HONG KONG,CONTEINERES,336,12.0,2026-10-15,"EMB,DESC","CONTEINERES CHEIOS,CONTEINERES CHEIOS",12600,TECON,12.0,2026-09-30,2026-10-02,ac8b735e,2026-10-02
459042026,9312573,XIN WEI HAI,CHINESA,CONTEINERES,263,12.0,2026-10-15,"EMB,DESC","CONTEINERES CHEIOS,CONTEINERES CHEIOS",12600,TECON,12.0,2026-09-30,2026-10-02,ac8b735e,2026-10-02
459082026,9431769,ANDROUSA,LIBERIANA,CONTEINERES,261,10.0,2026-10-08,"EMB,DESC","CONTEINERES CHEIOS,CONTEINERES CHEIOS",12600,TECON,10.0,2026-09-30,2026-10-02,ac8b735e,2026-10-02
459142026,9697002,MERCOSUL ITAJAÍ,BRASILEIRA,CONTEINERES,195,10.0,2026-10-02,"EMB,DESC","CONTEINERES CHEIOS,CONTEINERES CHEIOS",20700,TECON,10.0,2026-09-30,2026-10-02,ac8b735e,2026-10-02
459192026,9658953,SAGA FANTASY,BAHAMENSE,CABOTAGEM,200,9.0,2026-10-12,EMB,PAPEL E CELULOSE,11500,CODESP-RUA,9.0,2026-09-30,2026-10-02,ac8b735e,2026-10-02
459202026,9977751,CMA CGM SYRACUSE,FRANCESA,CONTEINERES,272,10.0,2026-10-04,"EMB,DESC","CONTEINERES CHEIOS,CONTEINERES CHEIOS",20700,TECON,10.0,2026-09-30,2026-10-02,ac8b735e,2026-10-02
459212026,9675406,ORANGE BLOSSOM 2,LIBERIANA,LIQUIDO A GRANEL,170,7.7,2026-10-07,EMB,SUCOS CITRICOS A GRANEL,17000,CUTRALE,7.7,2026-09-30,2026-10-02,ac8b735e,2026-10-02
459262026,9280627,CMA CGM PUCCINI,MALTESA,CONTEINERES,277,10.0,2026-10-01,"EMB,DESC","CONTEINERES CHEIOS,CONTEINERES CHEIOS",20700,TECON,10.0,2026-09-30,2026-09-30,ac8b735e,2026-10-02
459282026,9996757,CMA CGM OSMIUM,MALTESA,CONTEINERES,335,10.0,2026-10-01,"EMB,DESC","CONTEINERES CHEIOS,CONTEINERES CHEIOS",20700,TECON,10.0,2026-09-30,2026-10-02,ac8b735e,2026-10-02
459642026,9604914,GRACIOUS ACE,LIBERIANA,ROLL-IN-ROLL-OFF,200,7.0,2026-10-01,"EMB,DESC","VEICULOS/VRS/CCS.RO-RO,VEICULOS/VRS/CCS.RO-RO",1543,TEVI,7.0,2026-09-30,2026-10-02,ac8b735e,2026-10-02
459772026,9254563,PICTOR,LIBERIANA,GRANEIS SOLIDOS - EXPORTACAO,225,14.1,2026-09-29,EMB,ACUCAR A GRANEL,73500,16/17-19,14.1,2026-09-30,2026-10-02,ac8b735e,2026-10-02
459792026,9697222,DART,ILHAS MARSHALL,LIQUIDO A GRANEL,183,10.0,2026-10-02,EMB,OLEO COMBUSTIVEL,30000,ALAMOA,10.0,2026-09-30,2026-10-02,ac8b735e,2026-10-02
459872026,9627760,DARYA DEVI,HONG KONG,GRANEIS DE ORIGEM VEGETAL,229,14.3,2026-10-11,EMB,SOJA A GRANEL,67300,ULTRAFERTIL,14.3,2026-09-30,2026-10-02,ac8b735e,2026-10-02
460042026,9999207,DRATEC XXII,BRASILEIRA,LASH,61,2.4,2026-10-02,EMB,CARGA GERAL,1,CODESP-RUA,2.4,2026-09-30,2026-10-02,ac8b735e,2026-10-02
460132026,9999304,DRATEC XXI,BRASILEIRA,LASH,44,2.4,2026-10-02,EMB,CARGA GERAL,1,CODESP-RUA,2.4,2026-09-30,2026-10-02,ac8b735e,2026-10-02
460462026,9737606,LAGUNA SECA,LIBERIANA,GRANEIS DE ORIGEM VEGETAL,229,11.5,2026-10-03,EMB,MILHO A GRANEL,68500,12A-13/14-20/21,11.5,2026-09-30,2026-10-02,ac8b735e,2026-10-02
460632026,9482770,MDS ARIADNE,ILHAS MARSHALL,GRANEIS SOLIDOS - IMPORTACAO,180,4.0,2026-10-02,DESC,FERTILIZANTES,7774,USIMINAS,4.0,2026-09-30,2026-10-02,ac8b735e,2026-10-02
460872026,9928920,COSCO SHIPPING PENG BO,CHINESA,SEM PRIORIDADE,202,10.0,2026-10-01,EMB,PAPEL E CELULOSE,58604,EPORT 1/TECON 1,10.0,2026-09-30,2026-10-01,ac8b735e,2026-10-02
460972026,9279551,SEA BRAVE,ILHAS MARSHALL,PRIORIDADE C3,177,7.6,2026-09-25,EMB,ACUCAR,20000,ULTRAFERTIL,7.6,2026-09-30,2026-10-02,ac8b735e,2026-10-02
461012026,9658783,LEFKES,PORTUGUESA,GRANEIS SOLIDOS - EXPORTACAO,180,10.0,2026-09-30,EMB,ACUCAR A GRANEL,30000,16/17-19,10.0,2026-09-30,2026-10-02,ac8b735e,2026-10-02
461042026,1027354,GREEN OSHIMA,PANAMENHA,SEM PRIORIDADE,210,13.2,2026-10-11,EMB,PAPEL E CELULOSE,29022,35/37,13.2,2026-09-30,2026-10-02,ac8b735e,2026-10-02
461612026,1061568,OCEAN HARMONY,ILHAS MARSHALL,GRANEIS SOLIDOS - EXPORTACAO,200,12.2,2026-09-30,EMB,ACUCAR A GRANEL,55000,12A-13/14-20/21,12.2,2026-09-30,2026-10-02,ac8b735e,2026-10-02
461802026,9912440,BUNUN STAR,LIBERIANA,GRANEIS SOLIDOS - IMPORTACAO,180,7.0,2026-10-10,DESC,FERTILIZANTES,16000,CODESP-RUA,7.0,2026-09-30,2026-10-02,ac8b735e,2026-10-02
462042026,9418377,CMA CGM VERACRUZ (REB S/L,BRASILEIRA,CONTEINERES,229,8.0,2026-10-07,"EMB,DESC","CONTEINERES CHEIOS,CONTEINERES CHEIOS",20700,TECON,8.0,2026-09-30,2026-10-02,ac8b735e,2026-10-02
462352026,9628154,VALOR,MALTESA,CONTEINERES,300,14.2,2026-10-08,"EMB,DESC","CONTEINERES CHEIOS,CONTEINERES CHEIOS",19800,B.T.P. 1,14.2,2026-09-30,2026-10-02,ac8b735e,2026-10-02
462472026,9786205,NT MAERSK CURAÇAO,DINAMARQUESA,LIQUIDO A GRANEL,183,10.6,2026-09-25,EMB,OLEO COMBUSTIVEL,25000,ALAMOA,10.6,2026-09-30,2026-10-02,ac8b735e,2026-10-02
462612026,9788552,PACIFIC JASPER,LIBERIANA,LIQUIDO A GRANEL,183,10.0,2026-10-02,EMB,OLEO DIESEL,30000,ALAMOA,10.0,2026-09-30,2026-10-02,ac8b735e,2026-10-02
462622026,9763045,MANTA ANADOLU,PANAMENHA,LIQUIDO A GRANEL,180,9.0,2026-10-02,DESC,GAS LIQUEFEITO,13000,ALAMOA,9.0,2026-09-30,2026-10-02,ac8b735e,2026-10-02
462642026,9345893,FLUMAR MACEIO (REB),BRASILEIRA,LIQUIDO A GRANEL,144,8.0,2026-10-02,"EMB,DESC","GRAN.LIQUIDO NAO ESPECIF,GRAN.LIQUIDO NAO ESPECIF",13720,DOW,8.0,2026-09-30,2026-10-02,ac8b735e,2026-10-02
462702026,9356153,MERCOSUL SANTOS,BRASILEIRA,CONTEINERES,211,10.0,2026-10-08,"EMB,DESC","CONTEINERES CHEIOS,CONTEINERES CHEIOS",20700,TECON,10.0,2026-09-30,2026-10-02,ac8b735e,2026-10-02
462832026,9732606,CMA CGM YUKON,MALTESA,CONTEINERES,300,10.0,2026-10-09,"EMB,DESC","CONTEINERES CHEIOS,CONTEINERES CHEIOS",20700,TECON,10.0,2026-09-30,2026-10-02,ac8b735e,2026-10-02
462882026,9356141,MERCOSUL SUAPE,BRASILEIRA,CONTEINERES,211,10.0,2026-10-12,"EMB,DESC","CONTEINERES CHEIOS,CONTEINERES CHEIOS",20700,TECON,10.0,2026-09-30,2026-10-02,ac8b735e,2026-10-02
462922026,9784661,MERCOSUL FORTALEZA (CNC L,BRASILEIRA,CONTEINERES,186,10.0,2026-10-14,"EMB,DESC","CONTEINERES CHEIOS,CONTEINERES CHEIOS",20700,TECON,10.0,2026-09-30,2026-10-02,ac8b735e,2026-10-02
462932026,9448451,UNISUN,ANTIGUANA,GRANEIS SOLIDOS - IMPORTACAO,132,3.0,2026-10-04,DESC,FERTILIZANTES,7000,CODESP-RUA,3.0,2026-09-30,2026-10-02,ac8b735e,2026-10-02
462942026,9356696,CMA CGM FRANCOISE SAGAN,MALTESA,CONTEINERES,304,10.0,2026-10-15,"EMB,DESC","CONTEINERES CHEIOS,CONTEINERES CHEIOS",20700,TECON,10.0,2026-09-30,2026-10-02,ac8b735e,2026-10-02
462952026,9697002,MERCOSUL ITAJAÍ,BRASILEIRA,CONTEINERES,195,10.0,2026-10-15,"EMB,DESC","CONTEINERES CHEIOS,CONTEINERES CHEIOS",20700,TECON,10.0,2026-09-30,2026-10-02,ac8b735e,2026-10-02
463292026,9563419,TOXOTIS,LIBERIANA,PRIORIDADE C3,190,12.0,2026-10-04,EMB,ACUCAR,50620,ULTRAFERTIL,12.0,2026-09-30,2026-10-02,ac8b735e,2026-10-02
463322026,9474644,BLUE OPAL,LIBERIANA,PRIORIDADE C3,229,12.5,2026-10-03,EMB,ACUCAR,82000,16/17,12.5,2026-09-30,2026-10-02,ac8b735e,2026-10-02
464182026,9877626,SOLAR NESRIN,ILHAS MARSHALL,LIQUIDO A GRANEL,169,9.0,2026-09-29,EMB,GRAN.LIQUIDO NAO ESPECIF,2700,ALAMOA,9.0,2026-09-30,2026-10-02,ac8b735e,2026-10-02
464722026,9753636,CASTILLO DE TEBRA (REB),BRASILEIRA,LIQUIDO A GRANEL,120,6.3,2026-10-03,"EMB,DESC","ETHANOL,PRODUTOS QUIMICOS",8297,AGEO(ILHA),6.3,2026-09-30,2026-10-02,ac8b735e,2026-10-02
464732026,9172703,FRIO AEGEAN,CIPRIOTA,SEM PRIORIDADE,130,5.6,2026-10-03,EMB,BANKER,450,CODESP-RUA,5.6,2026-09-30,2026-10-02,ac8b735e,2026-10-02
465232026,9698630,SAN FELIX,ILHAS MARSHALL,CONTEINERES,300,9.0,2026-10-16,"EMB,DESC","CONTEINERES CHEIOS,CONTEINERES CHEIOS",3600,B.T.P. 1,9.0,2026-09-30,2026-10-02,ac8b735e,2026-10-02
465332026,9324849,NAVIOS AMARILLO,ILHAS MARSHALL,CONTEINERES,260,11.0,2026-10-15,"EMB,DESC","CONTEINERES CHEIOS,CONTEINERES CHEIOS",3600,TECON,11.0,2026-09-30,2026-10-02,ac8b735e,2026-10-02
465432026,9492270,ANITA GARIBALDI,BRASILEIRA,LIQUIDO A GRANEL,228,10.0,2026-10-02,EMB,OLEO COMBUSTIVEL,62000,ALAMOA,10.0,2026-09-30,2026-10-02,ac8b735e,2026-10-02
465522026,9440394,EASTERN YUCCA,HONG KONG,GRANEIS DE ORIGEM VEGETAL,225,13.3,2026-10-02,EMB,SOJA A GRANEL,66000,ULTRAFERTIL,13.3,2026-09-30,2026-10-02,ac8b735e,2026-10-02
465982026,9228370,ORANGE SKY,LIBERIANA,SEM PRIORIDADE,172,6.8,2026-10-11,EMB,SUCOS CITRICOS A GRANEL,18900,CUTRALE,6.8,2026-09-30,2026-10-02,ac8b735e,2026-10-02
466292026,9881653,COSCO SHIPPING HONOR,HONG KONG,SEM PRIORIDADE,202,13.3,2026-10-04,EMB,PAPEL E CELULOSE,25850,35/37,13.3,2026-09-30,2026-10-02,ac8b735e,2026-10-02
466922026,9591997,PHOENIX OCEAN,HONG KONG,PRIORIDADE C3,225,14.1,2026-10-02,EMB,ACUCAR,70000,12A-13/14-20/21,14.1,2026-09-30,2026-10-02,ac8b735e,2026-10-02
467012026,9675274,SANTA REGINA,PANAMENHA,GRANEIS DE ORIGEM VEGETAL,229,13.3,2026-10-10,EMB,SOJA A GRANEL,70000,38,13.3,2026-09-30,2026-10-02,ac8b735e,2026-10-02
467092026,9592616,ALEXANDRIA,ILHAS MARSHALL,GRANEIS DE ORIGEM VEGETAL,229,14.0,2026-10-11,EMB,MILHO A GRANEL,70000,16/17-19,14.0,2026-09-30,2026-10-02,ac8b735e,2026-10-02
467172026,9368871,GENCO HUNTER,ILHAS MARSHALL,GRANEIS SOLIDOS - IMPORTACAO,190,5.0,2026-10-04,DESC,FERTILIZANTES,44475,23,5.0,2026-09-30,2026-10-02,ac8b735e,2026-10-02
467202026,1093468,CMA CGM ATLANTIC,MALTESA,CONTEINERES,260,10.0,2026-10-19,"EMB,DESC","CONTEINERES CHEIOS,CONTEINERES CHEIOS",20700,TECON,10.0,2026-09-30,2026-10-02,ac8b735e,2026-10-02
467292026,9928906,COSCO SHIPPING FAN RONG,CHINESA,CABOTAGEM,202,10.0,2026-10-07,EMB,PAPEL E CELULOSE,58001,EPORT 1/TECON 1,10.0,2026-09-30,2026-10-02,ac8b735e,2026-10-02
467302026,9996678,CMA CGM IRON,MALTESA,CONTEINERES,335,10.0,2026-10-18,"EMB,DESC","CONTEINERES CHEIOS,CONTEINERES CHEIOS",20700,TECON,10.0,2026-09-30,2026-10-02,ac8b735e,2026-10-02
467342026,9539494,MERCOSUL GUARUJÁ (CMA CGM,BRASILEIRA,CONTEINERES,228,10.0,2026-10-21,"EMB,DESC","CONTEINERES CHEIOS,CONTEINERES CHEIOS",20700,TECON,10.0,2026-09-30,2026-10-02,ac8b735e,2026-10-02
467412026,9825532,BALOS,BAHAMENSE,GRANEIS DE ORIGEM VEGETAL,229,13.4,2026-10-06,EMB,SOJA A GRANEL,69619,CUTRALE,13.4,2026-09-30,2026-10-02,ac8b735e,2026-10-02
467482026,9350020,APL NEW JERSEY,LIBERIANA,CONTEINERES,293,10.0,2026-10-22,"EMB,DESC","CONTEINERES CHEIOS,CONTEINERES CHEIOS",20700,TECON,10.0,2026-09-30,2026-10-02,ac8b735e,2026-10-02
467662026,9770737,MSC GIULIA,PORTUGUESA,CONTEINERES,300,11.3,2026-10-14,"EMB,DESC","CONTEINERES CHEIOS,CONTEINERES CHEIOS",28800,TECON,11.3,2026-09-30,2026-10-02,ac8b735e,2026-10-02
467782026,9708174,KABATAS,ILHAS MARSHALL,PRIORIDADE C3,200,13.0,2026-10-05,EMB,ACUCAR,61000,T.E.A.G.,13.0,2026-09-30,2026-10-02,ac8b735e,2026-10-02
468002026,9961972,LOG-IN EXPERIENCE (REB),BRASILEIRA,CONTEINERES,200,9.1,2026-10-06,"EMB,DESC","CONTEINERES CHEIOS,CONTEINERES CHEIOS",14400,TECON,9.1,2026-09-30,2026-10-02,ac8b735e,2026-10-02
468052026,9448322,VORIAS,LIBERIANA,LIQUIDO A GRANEL,183,8.6,2026-10-04,EMB,OLEO DIESEL,30000,ALAMOA,8.6,2026-09-30,2026-10-02,ac8b735e,2026-10-02
468122026,9351799,LOG-IN PANTANAL (REB),BRASILEIRA,CONTEINERES,183,9.1,2026-10-07,"EMB,DESC","CONTEINERES CHEIOS,CONTEINERES CHEIOS",14400,TECON,9.1,2026-09-30,2026-10-02,ac8b735e,2026-10-02
468372026,9976410,GREEN ITAQUI,LIBERIANA,CABOTAGEM,225,9.0,2026-10-04,EMB,PAPEL E CELULOSE,32998,35/37,9.0,2026-09-30,2026-10-02,ac8b735e,2026-10-02
468452026,9860037,STAR SAPPHIRE,ILHAS MARSHALL,GRANEIS SOLIDOS - EXPORTACAO,229,13.3,2026-10-04,EMB,ACUCAR A GRANEL,75000,20/21,13.3,2026-09-30,2026-10-02,ac8b735e,2026-10-02
468522026,9571296,LOG-IN ENDURANCE (REB),BRASILEIRA,CONTEINERES,213,9.1,2026-10-11,"EMB,DESC","CONTEINERES CHEIOS,CONTEINERES CHEIOS",14400,TECON,9.1,2026-09-30,2026-10-02,ac8b735e,2026-10-02
468572026,9304112,CORAL ISLAND,MALTESA,GRANEIS SOLIDOS - IMPORTACAO,190,8.0,2026-10-04,DESC,FERTILIZANTES,20135,CODESP-RUA,8.0,2026-09-30,2026-10-02,ac8b735e,2026-10-02
469472026,9971496,SHINE PEARL,LIBERIANA,GRANEIS DE ORIGEM VEGETAL,229,8.0,2026-10-05,EMB,SOJA A GRANEL,65000,TGG,8.0,2026-09-30,2026-10-02,ac8b735e,2026-10-02
469852026,9474670,MAIRINI,ILHAS MARSHALL,GRANEIS DE ORIGEM VEGETAL,229,13.2,2026-10-05,EMB,SOJA A GRANEL,66000,ULTRAFERTIL,13.2,2026-09-30,2026-10-02,ac8b735e,2026-10-02
529182025,9762962,HOEGH GIANT,SINGAPURENSE,SEM PRIORIDADE,294,9.0,2026-10-02,EMB,GRAN.LIQUIDO NAO ESPECIF,1,TRSP,9.0,2026-09-30,2026-10-02,ac8b735e,2026-10-02
462262026,9491836,CITRUS VITA BRASIL,LIBERIANA,SEM PRIORIDADE,211,9.5,2026-10-04,EMB,SUCOS CITRICOS A GRANEL,27609,29,9.5,2026-10-01,2026-10-02,ac8b735e,2026-10-02
467192026,9918755,SSI RESOLUTE,ILHAS MARSHALL,GRANEIS DE ORIGEM VEGETAL,200,13.5,2026-10-03,EMB,SORGO A GRANEL,61600,12A- SUG.26,13.5,2026-10-01,2026-10-02,ac8b735e,2026-10-02
467602026,9782340,KM WEIPA,LIBERIANA,GRANEIS DE ORIGEM VEGETAL,200,13.0,2026-10-03,EMB,MILHO A GRANEL,60000,12A-13/14-20/21,13.0,2026-10-01,2026-10-02,ac8b735e,2026-10-02
468582026,1092775,JNS DRAGON,HONG KONG,CABOTAGEM,180,8.3,2026-10-06,DESC,CARGA GERAL,1604,TECONDI,8.3,2026-10-01,2026-10-02,ac8b735e,2026-10-02
469092026,9431290,MAERSK KATARINA,SINGAPURENSE,LIQUIDO A GRANEL,183,9.0,2026-10-03,EMB,OLEO DIESEL,38000,ALAMOA,9.0,2026-10-01,2026-10-02,ac8b735e,2026-10-02
469372026,9566617,MACAW ARROW,NORUEGUESA,CABOTAGEM,210,5.0,2026-10-05,EMB,PAPEL E CELULOSE,31796,EPORT 1/TECON 1,5.0,2026-10-01,2026-10-02,ac8b735e,2026-10-02
469722026,9708928,ES VANQUISH,PANAMENHA,TRIGO,177,6.1,2026-10-08,DESC,TRIGO A GRANEL,12000,29/30,6.1,2026-10-01,2026-10-02,ac8b735e,2026-10-02
470302026,9358371,WHISTLER,ILHAS MARSHALL,GRANEIS SOLIDOS - EXPORTACAO,200,10.0,2026-10-07,EMB,ACUCAR A GRANEL,30610,20/21,10.0,2026-10-01,2026-10-02,ac8b735e,2026-10-02
470312026,9317705,SIROCO,PANAMENHA,GRANEIS SOLIDOS - EXPORTACAO,178,10.0,2026-10-14,EMB,ACUCAR A GRANEL,33700,20/21,10.0,2026-10-01,2026-10-02,ac8b735e,2026-10-02
470392026,9701243,ADALINE,LIBERIANA,GRANEIS SOLIDOS - EXPORTACAO,180,9.8,2026-10-04,EMB,ACUCAR A GRANEL,33000,20/21,9.8,2026-10-01,2026-10-02,ac8b735e,2026-10-02
470892026,1058341,DELOS C,LIBERIANA,LIQUIDO A GRANEL,183,10.6,2026-10-03,EMB,OLEO DIESEL,49000,ALAMOA,10.6,2026-10-01,2026-10-02,ac8b735e,2026-10-02
407722026,9526966,MAERSK LEON (AO),DINAMARQUESA,CONTEINERES,300,9.0,2026-10-10,"EMB,DESC","CONTEINERES CHEIOS,CONTEINERES CHEIOS",3600,B.T.P. 1,9.0,2026-10-02,2026-10-02,ac8b735e,2026-10-02
408542026,9344681,MAERSK VENEZIA,HONG KONG,CONTEINERES,186,9.0,2026-10-07,"EMB,DESC","CONTEINERES CHEIOS,CONTEINERES CHEIOS",3600,B.T.P. 1,9.0,2026-10-02,2026-10-02,ac8b735e,2026-10-02
413612026,9525388,MAERSK CHACHAI,HONG KONG,CONTEINERES,249,9.0,2026-10-11,"EMB,DESC","CONTEINERES CHEIOS,CONTEINERES CHEIOS",3600,B.T.P. 1,9.0,2026-10-02,2026-10-02,ac8b735e,2026-10-02
414112026,9786097,MAERSK PANGANI,LIBERIANA,CONTEINERES,238,9.0,2026-10-15,EMB,"CONTEINERES CHEIOS,CONTEINERES CHEIOS",1800,B.T.P. 1,9.0,2026-10-02,2026-10-02,ac8b735e,2026-10-02
443542026,9625396,VICENTE PINZÓN,BRASILEIRA,CONTEINERES,255,9.0,2026-10-15,"EMB,DESC","CONTEINERES CHEIOS,CONTEINERES CHEIOS",7200,B.T.P. 1,9.0,2026-10-02,2026-10-02,ac8b735e,2026-10-02
462552026,9999154,TS 4,BRASILEIRA,SEM PRIORIDADE,61,2.0,2026-09-28,EMB,VEICULO,200,CAIS SABOO,2.0,2026-10-02,2026-10-02,ac8b735e,2026-10-02
467042026,9732606,CMA CGM YUKON,MALTESA,CONTEINERES,300,10.0,2026-10-17,"EMB,DESC","CONTEINERES CHEIOS,CONTEINERES CHEIOS",20700,TEV-BTP,10.0,2026-10-02,2026-10-02,ac8b735e,2026-10-02
467622026,9293789,CONTI COURAGE,LIBERIANA,CONTEINERES,334,13.8,2026-10-12,"EMB,DESC","CONTEINERES CHEIOS,CONTEINERES CHEIOS",28800,B.T.P. 1,13.8,2026-10-02,2026-10-02,ac8b735e,2026-10-02
467632026,9605279,MSC AMALFI,MALTESA,CONTEINERES,300,10.0,2026-10-14,"EMB,DESC","CONTEINERES CHEIOS,CONTEINERES CHEIOS",14400,B.T.P. 1,10.0,2026-10-02,2026-10-02,ac8b735e,2026-10-02
467792026,9778105,MSC SHREYA B,PORTUGUESA,CONTEINERES,330,13.8,2026-10-15,"EMB,DESC","CONTEINERES CHEIOS,CONTEINERES CHEIOS",28800,B.T.P. 1,13.8,2026-10-02,2026-10-02,ac8b735e,2026-10-02
469772026,9070565,MARCOS DIAS,BRASILEIRA,GRANEIS SOLIDOS - IMPORTACAO,199,6.5,2026-10-05,DESC,SAL A GRANEL,43500,23,6.5,2026-10-02,2026-10-02,ac8b735e,2026-10-02
469902026,9803340,LORD BYRON,ILHAS MARSHALL,GRANEIS SOLIDOS - IMPORTACAO,229,6.0,2026-10-20,DESC,FERTILIZANTES,77670,TERMAG,6.0,2026-10-02,2026-10-02,ac8b735e,2026-10-02
470102026,1094656,MARATHON,CIPRIOTA,GRANEIS DE ORIGEM VEGETAL,229,12.6,2026-10-12,EMB,SOJA A GRANEL,63000,39,12.6,2026-10-02,2026-10-02,ac8b735e,2026-10-02
470822026,1016666,MSC INSA,LIBERIANA,CONTEINERES,335,9.6,2026-10-08,"EMB,DESC","CONTEINERES CHEIOS,CONTEINERES CHEIOS",19800,B.T.P. 1,9.6,2026-10-02,2026-10-02,ac8b735e,2026-10-02
471042026,9702065,MSC LETIZIA,PORTUGUESA,CONTEINERES,300,10.0,2026-10-14,"EMB,DESC","CONTEINERES CHEIOS,CONTEINERES CHEIOS",14400,TECON,10.0,2026-10-02,2026-10-02,ac8b735e,2026-10-02
471872026,9780990,CROSS POWER,ILHAS MARSHALL,GRANEIS SOLIDOS - EXPORTACAO,200,8.0,2026-10-05,EMB,ACUCAR A GRANEL,61000,16/17-19,8.0,2026-10-02,2026-10-02,ac8b735e,2026-10-02
472122026,9327669,LOG-IN RESILIENTE (REB),BRASILEIRA,CONTEINERES,211,9.1,2026-10-20,"EMB,DESC","CONTEINERES CHEIOS,CONTEINERES CHEIOS",14400,TECON,9.1,2026-10-02,2026-10-02,ac8b735e,2026-10-02
472212026,9351799,LOG-IN PANTANAL (REB),BRASILEIRA,CONTEINERES,183,9.1,2026-10-14,"EMB,DESC","CONTEINERES CHEIOS,CONTEINERES CHEIOS",14400,TECON,9.1,2026-10-02,2026-10-02,ac8b735e,2026-10-02
