id_atracacao,sentido,natureza,tipo_operacao_carga,tipo_navegacao_carga,conteiner_estado,conteiner_tamanho,sh2,sh4,grupo_mercadoria_antaq,origem,destino,n_linhas,t_bruta,teu,qt
243049,Embarcados,Granel Líquido e Gasoso,Movimentação de Carga,Longo Curso,,,20,2009,,BRSP004,NLRTM,2,21193.27,0.0,0.0
243586,Desembarcados,Granel Líquido e Gasoso,Movimentação de Carga,Longo Curso,,,39,3907,,USFRP,BRSP005,1,593.0,0.0,0.0
243594,Desembarcados,Granel Líquido e Gasoso,Movimentação de Carga,Cabotagem,,,39,3907,,BRBA002,BRSP005,1,528.0,0.0,0.0
243594,Desembarcados,Granel Líquido e Gasoso,Movimentação de Carga,Cabotagem,,,29,2902,,BRBA002,BRSP005,1,2503.0,0.0,0.0
245996,Embarcados,Granel Sólido,Movimentação de Carga,Longo Curso,,,23,2308,,BRSP004,NLAMS,1,12573.38,0.0,0.0
246684,Desembarcados,Granel Líquido e Gasoso,Movimentação de Carga,Longo Curso,,,29,2910,,USFRP,BRSP005,1,1139.0,0.0,0.0
246688,Desembarcados,Granel Líquido e Gasoso,Movimentação de Carga,Cabotagem,,,29,2903,,BRBA002,BRSP005,1,257.0,0.0,0.0
246688,Desembarcados,Granel Líquido e Gasoso,Movimentação de Carga,Cabotagem,,,29,2905,,BRBA002,BRSP005,1,799.0,0.0,0.0
246688,Desembarcados,Granel Líquido e Gasoso,Movimentação de Carga,Cabotagem,,,28,2815,,BRBA002,BRSP005,1,7540.0,0.0,0.0
246688,Desembarcados,Granel Líquido e Gasoso,Movimentação de Carga,Cabotagem,,,29,2910,,BRBA002,BRSP005,1,3001.0,0.0,0.0
246688,Desembarcados,Granel Líquido e Gasoso,Movimentação de Carga,Cabotagem,,,29,2909,,BRBA002,BRSP005,1,202.0,0.0,0.0
246700,Desembarcados,Granel Líquido e Gasoso,Movimentação de Carga,Longo Curso,,,29,2902,,USFRP,BRSP005,1,2473.0,0.0,0.0
246700,Desembarcados,Granel Líquido e Gasoso,Movimentação de Carga,Longo Curso,,,29,2909,,USFRP,BRSP005,1,200.0,0.0,0.0
246701,Desembarcados,Granel Líquido e Gasoso,Movimentação de Carga,Cabotagem,,,28,2815,,BRBA002,BRSP005,1,8971.0,0.0,0.0
246701,Desembarcados,Granel Líquido e Gasoso,Movimentação de Carga,Cabotagem,,,29,2909,,BRBA002,BRSP005,1,202.0,0.0,0.0
246701,Desembarcados,Granel Líquido e Gasoso,Movimentação de Carga,Cabotagem,,,29,2905,,BRBA002,BRSP005,1,597.0,0.0,0.0
246701,Desembarcados,Granel Líquido e Gasoso,Movimentação de Carga,Cabotagem,,,29,2910,,BRBA002,BRSP005,1,3485.0,0.0,0.0
248567,Desembarcados,Granel Sólido,Movimentação de Carga,Cabotagem,,,26,2601,,BRES002,BRSP002,1,27464.0,0.0,0.0
248568,Embarcados,Carga Geral,Movimentação de Carga,Longo Curso,,,72,7208,,BRSP002,COBAQ,1,3083.8,0.0,0.0
248568,Embarcados,Carga Geral,Movimentação de Carga,Longo Curso,,,72,7211,,BRSP002,COBAQ,1,2851.431,0.0,0.0
248568,Embarcados,Carga Geral,Movimentação de Carga,Longo Curso,,,72,7209,,BRSP002,COBAQ,1,2782.78,0.0,0.0
248573,Desembarcados,Granel Sólido,Movimentação de Carga,Cabotagem,,,26,2601,,BRES002,BRSP002,1,27362.493,0.0,0.0
248633,Embarcados,Carga Geral,Movimentação de Carga,Longo Curso,,,72,7208,,BRSP002,KRKPO,1,39458.816,0.0,0.0
248634,Embarcados,Carga Geral,Movimentação de Carga,Longo Curso,,,72,7209,,BRSP002,PECLL,1,11.77,0.0,0.0
248634,Embarcados,Carga Geral,Movimentação de Carga,Longo Curso,,,72,7211,,BRSP002,CLSAI,1,5096.596,0.0,0.0
248634,Embarcados,Carga Geral,Movimentação de Carga,Longo Curso,,,72,7208,,BRSP002,PECLL,1,2076.195,0.0,0.0
248634,Embarcados,Carga Geral,Movimentação de Carga,Longo Curso,,,72,7209,,BRSP002,CLSAI,1,3081.765,0.0,0.0
248634,Embarcados,Carga Geral,Movimentação de Carga,Longo Curso,,,72,7208,,BRSP002,CLSAI,1,1037.285,0.0,0.0
249429,Desembarcados,Granel Líquido e Gasoso,Movimentação de Carga,Cabotagem,,,28,2815,,BRBA002,BRSP005,1,3114.0,0.0,0.0
249429,Desembarcados,Granel Líquido e Gasoso,Movimentação de Carga,Cabotagem,,,29,2905,,BRBA002,BRSP005,1,200.0,0.0,0.0
249429,Desembarcados,Granel Líquido e Gasoso,Movimentação de Carga,Cabotagem,,,29,2910,,BRBA002,BRSP005,1,3114.0,0.0,0.0
249429,Desembarcados,Granel Líquido e Gasoso,Movimentação de Carga,Cabotagem,,,29,2909,,BRBA002,BRSP005,1,151.0,0.0,0.0
249912,Desembarcados,Granel Líquido e Gasoso,Movimentação de Carga,Cabotagem,,,29,2902,,BRBA002,BRSP005,1,3000.0,0.0,0.0
249912,Desembarcados,Granel Líquido e Gasoso,Movimentação de Carga,Cabotagem,,,39,3907,,BRBA002,BRSP005,1,400.0,0.0,0.0
250074,Desembarcados,Granel Sólido,Movimentação de Carga,Longo Curso,,,25,2503,,USBPT,BRSP001,1,33012.376,0.0,0.0
250079,Desembarcados,Granel Líquido e Gasoso,Movimentação de Carga,Longo Curso,,,28,2814,,TTPTS,BRSP001,2,16601.667,0.0,0.0
250080,Desembarcados,Granel Sólido,Movimentação de Carga,Longo Curso,,,25,2503,,USDNA,BRSP001,1,34853.147,0.0,0.0
250083,Desembarcados,Granel Sólido,Movimentação de Carga,Longo Curso,,,31,3104,,USPDB,BRSP001,1,28005.0,0.0,0.0
250112,Desembarcados,Granel Sólido,Movimentação de Carga,Longo Curso,,,27,2704,,USMOB,BRSP002,1,49914.386,0.0,0.0
250210,Embarcados,Granel Sólido,Movimentação de Carga,Longo Curso,,,23,2308,,BRSP004,IERIN,1,34290.8,0.0,0.0
250212,Embarcados,Granel Líquido e Gasoso,Movimentação de Carga,Longo Curso,,,20,2009,,BRSP004,USNEK,3,12821.619999999999,0.0,0.0
250215,Embarcados,Granel Sólido,Movimentação de Carga,Longo Curso,,,23,2308,,BRSP004,NLAMS,1,6004.37,0.0,0.0
250221,Embarcados,Granel Líquido e Gasoso,Movimentação de Carga,Longo Curso,,,20,2009,,BRSP004,NLRTM,2,26644.25,0.0,0.0
251548,Embarcados,Granel Líquido e Gasoso,Movimentação de Carga,Longo Curso,,,20,2009,,BRSP004,USBCO,1,7939.32,0.0,0.0
251548,Embarcados,Granel Líquido e Gasoso,Movimentação de Carga,Longo Curso,,,20,2009,,BRSP004,NLRTM,1,2799.09,0.0,0.0
251840,Embarcados,Granel Líquido e Gasoso,Movimentação de Carga,Longo Curso,,,20,2009,,BRSP004,USNEK,2,8788.23,0.0,0.0
251840,Embarcados,Granel Líquido e Gasoso,Movimentação de Carga,Longo Curso,,,20,2009,,BRSP004,NLRTM,2,10410.25,0.0,0.0
254872,Desembarcados,Granel Líquido e Gasoso,Movimentação de Carga,Longo Curso,,,28,2814,,TTPTS,BRSP001,2,16592.463,0.0,0.0
254873,Desembarcados,Granel Sólido,Movimentação de Carga,Longo Curso,,,31,3102,,LVRIX,BRSP001,1,25950.0,0.0,0.0
254874,Desembarcados,Granel Sólido,Movimentação de Carga,Longo Curso,,,25,2503,,USBPT,BRSP001,1,33011.161,0.0,0.0
254876,Desembarcados,Granel Sólido,Movimentação de Carga,Longo Curso,,,31,3102,,NLSLU,BRSP001,1,4725.0,0.0,0.0
254878,Desembarcados,Granel Líquido e Gasoso,Movimentação de Carga,Longo Curso,,,28,2814,,TTPTS,BRSP001,1,12000.0,0.0,0.0
254881,Desembarcados,Granel Sólido,Movimentação de Carga,Longo Curso,,,31,3104,,USPDB,BRSP001,1,21640.0,0.0,0.0
254884,Desembarcados,Granel Líquido e Gasoso,Movimentação de Carga,Longo Curso,,,28,2814,,TTPTS,BRSP001,1,16599.19,0.0,0.0
256295,Embarcados,Granel Líquido e Gasoso,Movimentação de Carga,Longo Curso,,,20,2009,,BRSP004,USNEK,3,12092.33,0.0,0.0
256315,Embarcados,Granel Líquido e Gasoso,Movimentação de Carga,Longo Curso,,,20,2009,,BRSP004,USTPA,1,4024.83,0.0,0.0
256315,Embarcados,Granel Líquido e Gasoso,Movimentação de Carga,Longo Curso,,,20,2009,,BRSP004,USNEK,2,7953.49,0.0,0.0
257805,Embarcados,Granel Líquido e Gasoso,Movimentação de Carga,Longo Curso,,,20,2009,,BRSP004,NLRTM,2,26602.28,0.0,0.0
257806,Embarcados,Granel Sólido,Movimentação de Carga,Longo Curso,,,23,2308,,BRSP004,NLAMS,1,8100.84,0.0,0.0
257808,Embarcados,Granel Líquido e Gasoso,Movimentação de Carga,Longo Curso,,,20,2009,,BRSP004,NLRTM,1,3947.77,0.0,0.0
257808,Embarcados,Granel Líquido e Gasoso,Movimentação de Carga,Longo Curso,,,20,2009,,BRSP004,USBCO,1,6739.42,0.0,0.0
257900,Desembarcados,Granel Líquido e Gasoso,Movimentação de Carga,Longo Curso,,,28,2815,,USFRP,BRSP005,1,4231.0,0.0,0.0
257901,Embarcados,Granel Líquido e Gasoso,Movimentação de Carga,Cabotagem,,,39,3907,,BRSP005,BRBA002,1,419.0,0.0,0.0
257901,Desembarcados,Granel Líquido e Gasoso,Movimentação de Carga,Cabotagem,,,29,2902,,BRBA002,BRSP005,1,2501.0,0.0,0.0
257903,Desembarcados,Granel Líquido e Gasoso,Movimentação de Carga,Cabotagem,,,29,2905,,BRBA002,BRSP005,1,802.0,0.0,0.0
257903,Desembarcados,Granel Líquido e Gasoso,Movimentação de Carga,Cabotagem,,,29,2910,,BRBA002,BRSP005,1,1827.0,0.0,0.0
257903,Desembarcados,Granel Líquido e Gasoso,Movimentação de Carga,Cabotagem,,,29,2909,,BRBA002,BRSP005,1,252.0,0.0,0.0
257903,Desembarcados,Granel Líquido e Gasoso,Movimentação de Carga,Cabotagem,,,28,2815,,BRBA002,BRSP005,1,10473.0,0.0,0.0
257906,Desembarcados,Granel Líquido e Gasoso,Movimentação de Carga,Cabotagem,,,28,2815,,BRBA002,BRSP005,1,9910.0,0.0,0.0
257906,Desembarcados,Granel Líquido e Gasoso,Movimentação de Carga,Cabotagem,,,29,2909,,BRBA002,BRSP005,1,199.0,0.0,0.0
257906,Desembarcados,Granel Líquido e Gasoso,Movimentação de Carga,Cabotagem,,,29,2910,,BRBA002,BRSP005,1,2215.0,0.0,0.0
257906,Desembarcados,Granel Líquido e Gasoso,Movimentação de Carga,Cabotagem,,,29,2905,,BRBA002,BRSP005,1,603.0,0.0,0.0
257919,Desembarcados,Granel Líquido e Gasoso,Movimentação de Carga,Cabotagem,,,28,2815,,BRBA002,BRSP005,1,3364.0,0.0,0.0
257920,Desembarcados,Granel Líquido e Gasoso,Movimentação de Carga,Cabotagem,,,29,2909,,BRBA002,BRSP005,1,107.0,0.0,0.0
257920,Desembarcados,Granel Líquido e Gasoso,Movimentação de Carga,Cabotagem,,,29,2905,,BRBA002,BRSP005,1,601.0,0.0,0.0
257920,Desembarcados,Granel Líquido e Gasoso,Movimentação de Carga,Cabotagem,,,29,2903,,BRBA002,BRSP005,1,618.0,0.0,0.0
257920,Desembarcados,Granel Líquido e Gasoso,Movimentação de Carga,Cabotagem,,,29,2910,,BRBA002,BRSP005,1,2313.0,0.0,0.0
257920,Desembarcados,Granel Líquido e Gasoso,Movimentação de Carga,Cabotagem,,,28,2815,,BRBA002,BRSP005,1,9764.0,0.0,0.0
257927,Desembarcados,Granel Líquido e Gasoso,Movimentação de Carga,Cabotagem,,,29,2902,,BRBA002,BRSP005,1,2853.0,0.0,0.0
257927,Embarcados,Granel Líquido e Gasoso,Movimentação de Carga,Cabotagem,,,39,3907,,BRSP005,BRBA002,1,525.0,0.0,0.0
257928,Desembarcados,Granel Líquido e Gasoso,Movimentação de Carga,Cabotagem,,,28,2815,,BRBA002,BRSP005,1,4806.0,0.0,0.0
257929,Desembarcados,Granel Líquido e Gasoso,Movimentação de Carga,Cabotagem,,,28,2815,,BRBA002,BRSP005,1,9118.0,0.0,0.0
257929,Desembarcados,Granel Líquido e Gasoso,Movimentação de Carga,Cabotagem,,,29,2903,,BRBA002,BRSP005,1,198.0,0.0,0.0
257929,Desembarcados,Granel Líquido e Gasoso,Movimentação de Carga,Cabotagem,,,29,2909,,BRBA002,BRSP005,1,200.0,0.0,0.0
257929,Desembarcados,Granel Líquido e Gasoso,Movimentação de Carga,Cabotagem,,,29,2905,,BRBA002,BRSP005,1,799.0,0.0,0.0
257929,Desembarcados,Granel Líquido e Gasoso,Movimentação de Carga,Cabotagem,,,29,2910,,BRBA002,BRSP005,1,3035.0,0.0,0.0
257932,Desembarcados,Granel Líquido e Gasoso,Movimentação de Carga,Cabotagem,,,28,2815,,BRBA002,BRSP005,1,9911.0,0.0,0.0
257933,Embarcados,Granel Líquido e Gasoso,Movimentação de Carga,Longo Curso,,,39,3907,,BRSP005,JPYOK,1,589.0,0.0,0.0
257979,Embarcados,Granel Líquido e Gasoso,Movimentação de Carga,Cabotagem,,,39,3907,,BRSP005,BRBA002,1,301.0,0.0,0.0
257979,Desembarcados,Granel Líquido e Gasoso,Movimentação de Carga,Cabotagem,,,29,2902,,BRBA002,BRSP005,1,2973.0,0.0,0.0
258002,Desembarcados,Granel Líquido e Gasoso,Movimentação de Carga,Longo Curso,,,29,2903,,USFRP,BRSP005,1,888.0,0.0,0.0
258002,Desembarcados,Granel Líquido e Gasoso,Movimentação de Carga,Longo Curso,,,29,2909,,USFRP,BRSP005,1,315.0,0.0,0.0
258002,Desembarcados,Granel Líquido e Gasoso,Movimentação de Carga,Longo Curso,,,29,2910,,USFRP,BRSP005,1,1150.0,0.0,0.0
258002,Desembarcados,Granel Líquido e Gasoso,Movimentação de Carga,Longo Curso,,,39,3907,,USFRP,BRSP005,1,894.0,0.0,0.0
258003,Desembarcados,Granel Líquido e Gasoso,Movimentação de Carga,Longo Curso,,,39,3907,,USFRP,BRSP005,1,420.0,0.0,0.0
258003,Desembarcados,Granel Líquido e Gasoso,Movimentação de Carga,Longo Curso,,,29,2910,,USFRP,BRSP005,1,1101.0,0.0,0.0
258003,Desembarcados,Granel Líquido e Gasoso,Movimentação de Carga,Longo Curso,,,29,2903,,USFRP,BRSP005,1,1042.0,0.0,0.0
258003,Desembarcados,Granel Líquido e Gasoso,Movimentação de Carga,Longo Curso,,,29,2902,,USFRP,BRSP005,1,382.0,0.0,0.0
258003,Desembarcados,Granel Líquido e Gasoso,Movimentação de Carga,Longo Curso,,,29,2909,,USFRP,BRSP005,1,341.0,0.0,0.0
258007,Desembarcados,Granel Líquido e Gasoso,Movimentação de Carga,Cabotagem,,,29,2909,,BRBA002,BRSP005,1,150.0,0.0,0.0
258007,Desembarcados,Granel Líquido e Gasoso,Movimentação de Carga,Cabotagem,,,29,2910,,BRBA002,BRSP005,1,3530.0,0.0,0.0
258007,Desembarcados,Granel Líquido e Gasoso,Movimentação de Carga,Cabotagem,,,28,2815,,BRBA002,BRSP005,1,9252.0,0.0,0.0
258007,Desembarcados,Granel Líquido e Gasoso,Movimentação de Carga,Cabotagem,,,29,2905,,BRBA002,BRSP005,1,402.0,0.0,0.0
258058,Desembarcados,Granel Líquido e Gasoso,Movimentação de Carga,Cabotagem,,,29,2905,,BRBA002,BRSP005,1,403.0,0.0,0.0
258058,Desembarcados,Granel Líquido e Gasoso,Movimentação de Carga,Cabotagem,,,29,2910,,BRBA002,BRSP005,1,3101.0,0.0,0.0
258058,Desembarcados,Granel Líquido e Gasoso,Movimentação de Carga,Cabotagem,,,29,2909,,BRBA002,BRSP005,1,199.0,0.0,0.0
258058,Desembarcados,Granel Líquido e Gasoso,Movimentação de Carga,Cabotagem,,,29,2903,,BRBA002,BRSP005,1,302.0,0.0,0.0
258058,Desembarcados,Granel Líquido e Gasoso,Movimentação de Carga,Cabotagem,,,28,2815,,BRBA002,BRSP005,1,9066.0,0.0,0.0
259149,Embarcados,Granel Líquido e Gasoso,Movimentação de Carga,Longo Curso,,,39,3907,,BRSP005,JPYOK,1,524.0,0.0,0.0
259153,Desembarcados,Granel Líquido e Gasoso,Movimentação de Carga,Cabotagem,,,29,2903,,BRBA002,BRSP005,1,301.0,0.0,0.0
259153,Desembarcados,Granel Líquido e Gasoso,Movimentação de Carga,Cabotagem,,,29,2905,,BRBA002,BRSP005,1,502.0,0.0,0.0
259153,Desembarcados,Granel Líquido e Gasoso,Movimentação de Carga,Cabotagem,,,28,2815,,BRBA002,BRSP005,1,9352.0,0.0,0.0
259153,Desembarcados,Granel Líquido e Gasoso,Movimentação de Carga,Cabotagem,,,29,2909,,BRBA002,BRSP005,1,150.0,0.0,0.0
259153,Desembarcados,Granel Líquido e Gasoso,Movimentação de Carga,Cabotagem,,,29,2910,,BRBA002,BRSP005,1,2909.0,0.0,0.0
259288,Desembarcados,Granel Líquido e Gasoso,Movimentação de Carga,Cabotagem,,,29,2902,,BRBA002,BRSP005,1,1046.0,0.0,0.0
259291,Desembarcados,Granel Sólido,Movimentação de Carga,Longo Curso,,,25,2503,,USGLS,BRSP001,1,26478.116,0.0,0.0
259292,Desembarcados,Granel Sólido,Movimentação de Carga,Longo Curso,,,25,2503,,PLGDN,BRSP001,1,27500.0,0.0,0.0
259293,Desembarcados,Granel Sólido,Movimentação de Carga,Longo Curso,,,31,3102,,BEANR,BRSP001,1,5000.0,0.0,0.0
259294,Desembarcados,Granel Líquido e Gasoso,Movimentação de Carga,Longo Curso,,,28,2814,,TTPTS,BRSP001,2,16604.6,0.0,0.0
259296,Desembarcados,Granel Sólido,Movimentação de Carga,Longo Curso,,,31,3102,,USBPT,BRSP001,1,1000.0,0.0,0.0
259296,Desembarcados,Granel Sólido,Movimentação de Carga,Longo Curso,,,31,3104,,USBPT,BRSP001,1,12000.0,0.0,0.0
259298,Desembarcados,Granel Sólido,Movimentação de Carga,Longo Curso,,,31,3105,,NOHRY,BRSP001,1,4400.0,0.0,0.0
259298,Desembarcados,Granel Sólido,Movimentação de Carga,Longo Curso,,,31,3102,,NOHRY,BRSP001,1,4400.0,0.0,0.0
259719,Embarcados,Granel Líquido e Gasoso,Movimentação de Carga,Longo Curso,,,20,2009,,BRSP004,USNEK,3,17971.13,0.0,0.0
262639,Desembarcados,Granel Sólido,Movimentação de Carga,Longo Curso,,,27,2713,,USHOU,BRSP002,1,41749.651,0.0,0.0
262648,Embarcados,Carga Geral,Movimentação de Carga,Longo Curso,,,72,7211,,BRSP002,ARBUE,1,114.07,0.0,0.0
262648,Embarcados,Carga Geral,Movimentação de Carga,Longo Curso,,,72,7208,,BRSP002,ARBUE,1,332.469,0.0,0.0
262648,Embarcados,Carga Geral,Movimentação de Carga,Longo Curso,,,72,7208,,BRSP002,ARSNS,1,795.627,0.0,0.0
262648,Embarcados,Carga Geral,Movimentação de Carga,Longo Curso,,,72,7211,,BRSP002,ARSNS,1,3183.3,0.0,0.0
262651,Embarcados,Granel Sólido,Movimentação de Carga,Longo Curso,,,27,2704,,BRSP002,USNEN,1,52667.0,0.0,0.0
262653,Desembarcados,Granel Sólido,Movimentação de Carga,Longo Curso,,,27,2704,,AUHPT,BRSP002,1,48539.524,0.0,0.0
262674,Embarcados,Carga Geral,Movimentação de Carga,Longo Curso,,,72,7209,,BRSP002,CLSAI,1,2138.575,0.0,0.0
262674,Embarcados,Carga Geral,Movimentação de Carga,Longo Curso,,,72,7209,,BRSP002,COBUN,1,2191.31,0.0,0.0
262674,Embarcados,Carga Geral,Movimentação de Carga,Longo Curso,,,72,7211,,BRSP002,PECLL,1,3369.087,0.0,0.0
262674,Embarcados,Carga Geral,Movimentação de Carga,Longo Curso,,,72,7209,,BRSP002,ECGYE,1,243.085,0.0,0.0
262674,Embarcados,Carga Geral,Movimentação de Carga,Longo Curso,,,72,7208,,BRSP002,ECGYE,1,325.72,0.0,0.0
262674,Embarcados,Carga Geral,Movimentação de Carga,Longo Curso,,,72,7208,,BRSP002,COBUN,1,442.997,0.0,0.0
262674,Embarcados,Carga Geral,Movimentação de Carga,Longo Curso,,,72,7211,,BRSP002,ECGYE,1,1105.594,0.0,0.0
262674,Embarcados,Carga Geral,Movimentação de Carga,Longo Curso,,,72,7211,,BRSP002,CLSAI,1,3099.624,0.0,0.0
262676,Desembarcados,Granel Sólido,Movimentação de Carga,Cabotagem,,,26,2601,,BRES002,BRSP002,1,39694.658,0.0,0.0
262677,Desembarcados,Granel Sólido,Movimentação de Carga,Cabotagem,,,26,2601,,BRES002,BRSP002,1,39648.308,0.0,0.0
262678,Desembarcados,Granel Sólido,Movimentação de Carga,Longo Curso,,,27,2713,,VEAMY,BRSP002,1,30598.249,0.0,0.0
262679,Desembarcados,Granel Sólido,Movimentação de Carga,Longo Curso,,,27,2713,,USHOU,BRSP002,1,31640.262,0.0,0.0
262680,Embarcados,Carga Geral,Movimentação de Carga,Longo Curso,,,72,7209,,BRSP002,ITMAA,1,3477.83,0.0,0.0
262680,Embarcados,Carga Geral,Movimentação de Carga,Longo Curso,,,72,7209,,BRSP002,ESTAR,1,1045.32,0.0,0.0
262680,Embarcados,Carga Geral,Movimentação de Carga,Longo Curso,,,72,7208,,BRSP002,ITRAN,1,4757.874,0.0,0.0
262681,Embarcados,Carga Geral,Movimentação de Carga,Longo Curso,,,72,7208,,BRSP002,ITRAN,1,2943.439,0.0,0.0
262682,Embarcados,Granel Sólido,Movimentação de Carga,Longo Curso,,,27,2713,,BRSP002,BHBAH,1,24143.412,0.0,0.0
262683,Embarcados,Carga Geral,Movimentação de Carga,Longo Curso,,,72,7208,,BRSP002,BEANR,1,136.75,0.0,0.0
262683,Embarcados,Carga Geral,Movimentação de Carga,Longo Curso,,,72,7211,,BRSP002,BEANR,1,1898.249,0.0,0.0
262683,Embarcados,Carga Geral,Movimentação de Carga,Longo Curso,,,72,7209,,BRSP002,BEANR,1,1445.445,0.0,0.0
262683,Embarcados,Carga Geral,Movimentação de Carga,Longo Curso,,,72,7211,,BRSP002,PTLEI,1,1900.315,0.0,0.0
262683,Embarcados,Carga Geral,Movimentação de Carga,Longo Curso,,,72,7209,,BRSP002,PTLEI,1,1945.585,0.0,0.0
262683,Embarcados,Carga Geral,Movimentação de Carga,Longo Curso,,,72,7209,,BRSP002,ESBIO,1,812.045,0.0,0.0
262683,Embarcados,Carga Geral,Movimentação de Carga,Longo Curso,,,72,7211,,BRSP002,ESBIO,1,3695.628,0.0,0.0
262684,Embarcados,Granel Sólido,Movimentação de Carga,Longo Curso,,,27,2713,,BRSP002,USLOG,1,15242.244,0.0,0.0
262685,Embarcados,Carga Geral,Movimentação de Carga,Longo Curso,,,72,7209,,BRSP002,ESSAG,1,4175.595,0.0,0.0
262685,Embarcados,Carga Geral,Movimentação de Carga,Longo Curso,,,72,7211,,BRSP002,SEMMA,1,2081.107,0.0,0.0
262685,Embarcados,Carga Geral,Movimentação de Carga,Longo Curso,,,72,7208,,BRSP002,ESSAG,1,3046.123,0.0,0.0
262686,Embarcados,Carga Geral,Movimentação de Carga,Longo Curso,,,72,7209,,BRSP002,USPHL,1,4618.955,0.0,0.0
262687,Embarcados,Carga Geral,Movimentação de Carga,Longo Curso,,,72,7211,,BRSP002,USHOU,1,2365.676,0.0,0.0
262687,Embarcados,Carga Geral,Movimentação de Carga,Longo Curso,,,72,7211,,BRSP002,VEPBL,1,507.672,0.0,0.0
262687,Embarcados,Carga Geral,Movimentação de Carga,Longo Curso,,,73,7326,,BRSP002,USHOU,1,6.405,0.0,0.0
262687,Embarcados,Carga Geral,Movimentação de Carga,Longo Curso,,,72,7211,,BRSP002,COBAQ,1,3403.002,0.0,0.0
262687,Embarcados,Carga Geral,Movimentação de Carga,Longo Curso,,,72,7219,,BRSP002,USHOU,1,150.038,0.0,0.0
262689,Embarcados,Carga Geral,Movimentação de Carga,Longo Curso,,,72,7209,,BRSP002,COBAQ,1,3926.355,0.0,0.0
262689,Embarcados,Carga Geral,Movimentação de Carga,Longo Curso,,,72,7209,,BRSP002,USHOU,1,93.255,0.0,0.0
262689,Embarcados,Carga Geral,Movimentação de Carga,Longo Curso,,,72,7211,,BRSP002,COBAQ,1,1255.125,0.0,0.0
262689,Embarcados,Carga Geral,Movimentação de Carga,Longo Curso,,,72,7211,,BRSP002,USHOU,1,4830.995,0.0,0.0
262689,Embarcados,Carga Geral,Movimentação de Carga,Longo Curso,,,72,7219,,BRSP002,USHOU,1,401.973,0.0,0.0
262689,Embarcados,Carga Geral,Movimentação de Carga,Longo Curso,,,72,7211,,BRSP002,CRLIO,1,95.805,0.0,0.0
262689,Embarcados,Carga Geral,Movimentação de Carga,Longo Curso,,,72,7209,,BRSP002,CRLIO,1,291.61,0.0,0.0
262689,Embarcados,Carga Geral,Movimentação de Carga,Longo Curso,,,72,7208,,BRSP002,CRLIO,1,1264.566,0.0,0.0
262689,Embarcados,Carga Geral,Movimentação de Carga,Longo Curso,,,72,7208,,BRSP002,COBAQ,1,750.575,0.0,0.0
262690,Embarcados,Carga Geral,Movimentação de Carga,Longo Curso,,,72,7208,,BRSP002,TWTXG,1,4975.816,0.0,0.0
262690,Embarcados,Carga Geral,Movimentação de Carga,Longo Curso,,,72,7211,,BRSP002,TWTXG,1,14102.532,0.0,0.0
262691,Embarcados,Carga Geral,Movimentação de Carga,Longo Curso,,,72,7211,,BRSP002,PECLL,1,344.13,0.0,0.0
262691,Embarcados,Carga Geral,Movimentação de Carga,Longo Curso,,,72,7211,,BRSP002,ECGYE,1,1598.393,0.0,0.0
262691,Embarcados,Carga Geral,Movimentação de Carga,Longo Curso,,,72,7208,,BRSP002,CLSAI,1,2825.082,0.0,0.0
262691,Embarcados,Carga Geral,Movimentação de Carga,Longo Curso,,,72,7209,,BRSP002,PECLL,1,11.42,0.0,0.0
262691,Embarcados,Carga Geral,Movimentação de Carga,Longo Curso,,,72,7209,,BRSP002,ECGYE,1,1817.115,0.0,0.0
262691,Embarcados,Carga Geral,Movimentação de Carga,Longo Curso,,,72,7209,,BRSP002,CLSAI,1,3031.725,0.0,0.0
262691,Embarcados,Carga Geral,Movimentação de Carga,Longo Curso,,,72,7211,,BRSP002,CLSAI,1,8184.901,0.0,0.0
262692,Embarcados,Carga Geral,Movimentação de Carga,Longo Curso,,,72,7211,,BRSP002,ARSNS,1,2810.475,0.0,0.0
262693,Embarcados,Granel Sólido,Movimentação de Carga,Longo Curso,,,27,2704,,BRSP002,USNEN,1,50144.356,0.0,0.0
262694,Desembarcados,Granel Sólido,Movimentação de Carga,Longo Curso,,,27,2704,,AUHPT,BRSP002,1,39338.211,0.0,0.0
262694,Desembarcados,Granel Sólido,Movimentação de Carga,Longo Curso,,,27,2704,,AUPTD,BRSP002,1,9911.808,0.0,0.0
262695,Desembarcados,Granel Sólido,Movimentação de Carga,Longo Curso,,,27,2704,,AUPTD,BRSP002,1,47814.193,0.0,0.0
262712,Desembarcados,Granel Sólido,Movimentação de Carga,Longo Curso,,,27,2713,,USHOU,BRSP002,1,25856.331,0.0,0.0
262713,Embarcados,Carga Geral,Movimentação de Carga,Longo Curso,,,73,7326,,BRSP002,SAJUB,1,204.892,0.0,0.0
262713,Desembarcados,Carga Geral,Movimentação de Carga,Longo Curso,,,72,7207,,JPYWT,BRSP002,1,9449.66,0.0,0.0
262713,Embarcados,Carga Geral,Movimentação de Carga,Longo Curso,,,72,7211,,BRSP002,SAJUB,1,10358.976,0.0,0.0
262714,Desembarcados,Carga Geral,Movimentação de Carga,Longo Curso,,,72,7209,,JPYWT,BRSP002,1,4101.096,0.0,0.0
262714,Desembarcados,Carga Geral,Movimentação de Carga,Longo Curso,,,72,7210,,JPYWT,BRSP002,1,516.07,0.0,0.0
262714,Embarcados,Carga Geral,Movimentação de Carga,Longo Curso,,,72,7211,,BRSP002,COBUN,1,549.588,0.0,0.0
262714,Embarcados,Carga Geral,Movimentação de Carga,Longo Curso,,,72,7209,,BRSP002,COBUN,1,889.655,0.0,0.0
262714,Desembarcados,Carga Geral,Movimentação de Carga,Longo Curso,,,72,7209,,JPHRH,BRSP002,1,4792.73,0.0,0.0
262714,Embarcados,Carga Geral,Movimentação de Carga,Longo Curso,,,72,7208,,BRSP002,CRCAL,1,149.61,0.0,0.0
262715,Embarcados,Carga Geral,Movimentação de Carga,Longo Curso,,,72,7211,,BRSP002,SAJUB,1,10742.852,0.0,0.0
262716,Desembarcados,Carga Geral,Movimentação de Carga,Longo Curso,,,72,7209,,ARSNS,BRSP002,1,5583.504,0.0,0.0
262750,Embarcados,Carga Geral,Movimentação de Carga,Longo Curso,,,72,7209,,BRSP002,USPHL,1,180.17,0.0,0.0
262750,Embarcados,Carga Geral,Movimentação de Carga,Longo Curso,,,72,7211,,BRSP002,USPHL,1,3143.451,0.0,0.0
262752,Desembarcados,Carga Geral,Movimentação de Carga,Longo Curso,,,44,4415,,JPUKB,BRSP002,1,577.176,0.0,0.0
262757,Embarcados,Carga Geral,Movimentação de Carga,Longo Curso,,,72,7208,,BRSP002,CNJIA,1,20625.044,0.0,0.0
262757,Embarcados,Carga Geral,Movimentação de Carga,Longo Curso,,,72,7208,,BRSP002,KRKPO,1,8563.307,0.0,0.0
262757,Embarcados,Carga Geral,Movimentação de Carga,Longo Curso,,,72,7208,,BRSP002,THBKK,1,9780.815,0.0,0.0
262758,Embarcados,Carga Geral,Movimentação de Carga,Longo Curso,,,72,7211,,BRSP002,VEPBL,1,7157.817,0.0,0.0
262758,Embarcados,Carga Geral,Movimentação de Carga,Longo Curso,,,72,7209,,BRSP002,COBAQ,1,1519.17,0.0,0.0
262758,Embarcados,Carga Geral,Movimentação de Carga,Longo Curso,,,72,7208,,BRSP002,COBAQ,1,841.578,0.0,0.0
262758,Embarcados,Carga Geral,Movimentação de Carga,Longo Curso,,,72,7211,,BRSP002,COBAQ,1,7242.851,0.0,0.0
262759,Desembarcados,Carga Geral,Movimentação de Carga,Longo Curso,,,72,7209,,JPHRH,BRSP002,1,4444.125,0.0,0.0
262759,Desembarcados,Carga Geral,Movimentação de Carga,Longo Curso,,,72,7209,,JPYWT,BRSP002,1,5731.08,0.0,0.0
262759,Desembarcados,Carga Geral,Movimentação de Carga,Longo Curso,,,72,7210,,JPYWT,BRSP002,1,571.91,0.0,0.0
262759,Desembarcados,Carga Geral,Movimentação de Carga,Longo Curso,,,72,7211,,CNSHA,BRSP002,1,5.24,0.0,0.0
262760,Desembarcados,Granel Sólido,Movimentação de Carga,Cabotagem,,,26,2601,,BRES002,BRSP002,1,27464.0,0.0,0.0
262761,Desembarcados,Granel Sólido,Movimentação de Carga,Longo Curso,,,27,2704,,USMOB,BRSP002,1,49889.793,0.0,0.0
262765,Desembarcados,Granel Sólido,Movimentação de Carga,Longo Curso,,,27,2704,,VELAG,BRSP002,1,25031.945,0.0,0.0
262766,Desembarcados,Granel Sólido,Movimentação de Carga,Longo Curso,,,27,2704,,USMOB,BRSP002,1,50240.881,0.0,0.0
262768,Desembarcados,Granel Sólido,Movimentação de Carga,Longo Curso,,,27,2713,,USHOU,BRSP002,1,30714.923,0.0,0.0
262772,Embarcados,Carga Geral,Movimentação de Carga,Longo Curso,,,72,7211,,BRSP002,ESBIO,1,3779.346,0.0,0.0
262772,Embarcados,Carga Geral,Movimentação de Carga,Longo Curso,,,72,7209,,BRSP002,BEANR,1,828.59,0.0,0.0
262772,Embarcados,Carga Geral,Movimentação de Carga,Longo Curso,,,72,7211,,BRSP002,BEANR,1,3488.902,0.0,0.0
262772,Embarcados,Carga Geral,Movimentação de Carga,Longo Curso,,,72,7208,,BRSP002,ESBIO,1,2717.657,0.0,0.0
262772,Embarcados,Carga Geral,Movimentação de Carga,Longo Curso,,,72,7209,,BRSP002,ESBIO,1,3552.55,0.0,0.0
262774,Embarcados,Granel Sólido,Movimentação de Carga,Longo Curso,,,27,2713,,BRSP002,AEDXB,1,19473.956,0.0,0.0
262803,Desembarcados,Granel Sólido,Movimentação de Carga,Longo Curso,,,27,2704,,USMOB,BRSP002,1,50635.23,0.0,0.0
262838,Embarcados,Granel Líquido e Gasoso,Movimentação de Carga,Longo Curso,,,20,2009,,BRSP004,NLRTM,2,10560.640000000001,0.0,0.0
266610,Embarcados,Granel Líquido e Gasoso,Movimentação de Carga,Longo Curso,,,20,2009,,BRSP004,NLRTM,1,11959.47,0.0,0.0
266995,Desembarcados,Granel Sólido,Movimentação de Carga,Longo Curso,,,27,2713,,VEAMY,BRSP002,1,33799.152,0.0,0.0
266996,Embarcados,Granel Sólido,Movimentação de Carga,Longo Curso,,,27,2713,,BRSP002,USMSY,1,10984.074,0.0,0.0
266997,Desembarcados,Granel Sólido,Movimentação de Carga,Longo Curso,,,27,2704,,USORF,BRSP002,1,49695.46,0.0,0.0
266998,Desembarcados,Granel Sólido,Movimentação de Carga,Longo Curso,,,27,2704,,VEMAR,BRSP002,1,38296.408,0.0,0.0
267920,Desembarcados,Granel Sólido,Movimentação de Carga,Longo Curso,,,25,2503,,USSCK,BRSP001,2,41965.584,0.0,0.0
267924,Desembarcados,Granel Sólido,Movimentação de Carga,Longo Curso,,,31,3102,,UAYUZ,BRSP001,1,16829.147,0.0,0.0
267926,Desembarcados,Granel Líquido e Gasoso,Movimentação de Carga,Longo Curso,,,28,2814,,TTPTS,BRSP001,2,16606.06,0.0,0.0
267930,Desembarcados,Granel Sólido,Movimentação de Carga,Longo Curso,,,31,3102,,UANIK,BRSP001,1,26693.04,0.0,0.0
267932,Desembarcados,Granel Sólido,Movimentação de Carga,Longo Curso,,,25,2503,,SAZZZ,BRSP001,2,31498.817,0.0,0.0
267934,Desembarcados,Granel Sólido,Movimentação de Carga,Longo Curso,,,25,2503,,RUZZZ,BRSP001,1,23593.0,0.0,0.0
267936,Desembarcados,Granel Sólido,Movimentação de Carga,Longo Curso,,,25,2503,,RUZZZ,BRSP001,1,34005.0,0.0,0.0
267984,Embarcados,Granel Líquido e Gasoso,Movimentação de Carga,Longo Curso,,,20,2009,,BRSP004,NLRTM,1,22505.68,0.0,0.0
267984,Embarcados,Granel Líquido e Gasoso,Movimentação de Carga,Longo Curso,,,20,2009,,BRSP004,USNEK,1,7503.48,0.0,0.0
267985,Embarcados,Granel Líquido e Gasoso,Movimentação de Carga,Longo Curso,,,20,2009,,BRSP004,NLRTM,1,5017.46,0.0,0.0
267985,Embarcados,Granel Líquido e Gasoso,Movimentação de Carga,Longo Curso,,,20,2009,,BRSP004,USBCO,1,4980.36,0.0,0.0
268096,Desembarcados,Granel Líquido e Gasoso,Movimentação de Carga,Cabotagem,,,29,2909,,BRBA002,BRSP005,1,151.0,0.0,0.0
268096,Desembarcados,Granel Líquido e Gasoso,Movimentação de Carga,Cabotagem,,,28,2815,,BRBA002,BRSP005,1,9234.0,0.0,0.0
268096,Desembarcados,Granel Líquido e Gasoso,Movimentação de Carga,Cabotagem,,,29,2905,,BRBA002,BRSP005,1,497.0,0.0,0.0
268096,Desembarcados,Granel Líquido e Gasoso,Movimentação de Carga,Cabotagem,,,29,2910,,BRBA002,BRSP005,1,3412.0,0.0,0.0
269017,Embarcados,Carga Geral,Movimentação de Carga,Longo Curso,,,72,7211,,BRSP002,ESBIO,1,8616.834,0.0,0.0
269017,Embarcados,Carga Geral,Movimentação de Carga,Longo Curso,,,72,7209,,BRSP002,BEANR,1,1729.03,0.0,0.0
269017,Embarcados,Carga Geral,Movimentação de Carga,Longo Curso,,,72,7211,,BRSP002,GBLIV,1,3251.424,0.0,0.0
269017,Embarcados,Carga Geral,Movimentação de Carga,Longo Curso,,,72,7209,,BRSP002,ESBIO,1,410.355,0.0,0.0
269017,Embarcados,Carga Geral,Movimentação de Carga,Longo Curso,,,72,7211,,BRSP002,BEANR,1,820.055,0.0,0.0
269017,Embarcados,Carga Geral,Movimentação de Carga,Longo Curso,,,72,7208,,BRSP002,ESBIO,1,1068.834,0.0,0.0
269018,Embarcados,Carga Geral,Movimentação de Carga,Longo Curso,,,72,7211,,BRSP002,COBAQ,1,3477.189,0.0,0.0
269018,Embarcados,Carga Geral,Movimentação de Carga,Longo Curso,,,72,7211,,BRSP002,USHOU,1,47.416,0.0,0.0
269018,Embarcados,Carga Geral,Movimentação de Carga,Longo Curso,,,72,7209,,BRSP002,USHOU,1,1009.6,0.0,0.0
269018,Embarcados,Carga Geral,Movimentação de Carga,Longo Curso,,,72,7209,,BRSP002,CRLIO,1,595.4,0.0,0.0
269018,Embarcados,Carga Geral,Movimentação de Carga,Longo Curso,,,72,7211,,BRSP002,CRLIO,1,32.971,0.0,0.0
269018,Embarcados,Carga Geral,Movimentação de Carga,Longo Curso,,,72,7208,,BRSP002,COBAQ,1,2925.621,0.0,0.0
269019,Embarcados,Carga Geral,Movimentação de Carga,Longo Curso,,,72,7211,,BRSP002,CASOR,1,6869.152,0.0,0.0
269020,Embarcados,Carga Geral,Movimentação de Carga,Longo Curso,,,72,7209,,BRSP002,USPHL,1,4660.995,0.0,0.0
269020,Embarcados,Carga Geral,Movimentação de Carga,Longo Curso,,,72,7211,,BRSP002,USPHL,1,71.858,0.0,0.0
269022,Embarcados,Carga Geral,Movimentação de Carga,Longo Curso,,,72,7208,,BRSP002,CLSAI,1,1794.292,0.0,0.0
269022,Embarcados,Carga Geral,Movimentação de Carga,Longo Curso,,,72,7211,,BRSP002,PECLL,1,17.235,0.0,0.0
269022,Embarcados,Carga Geral,Movimentação de Carga,Longo Curso,,,72,7211,,BRSP002,CLSAI,1,6033.909,0.0,0.0
269022,Embarcados,Carga Geral,Movimentação de Carga,Longo Curso,,,72,7209,,BRSP002,CLSAI,1,442.145,0.0,0.0
269023,Embarcados,Carga Geral,Movimentação de Carga,Longo Curso,,,72,7208,,BRSP002,ITMAA,1,1315.746,0.0,0.0
269023,Embarcados,Carga Geral,Movimentação de Carga,Longo Curso,,,72,7209,,BRSP002,ITMAA,1,2514.16,0.0,0.0
269023,Embarcados,Carga Geral,Movimentação de Carga,Longo Curso,,,72,7211,,BRSP002,ITMAA,1,1466.948,0.0,0.0
269024,Desembarcados,Granel Sólido,Movimentação de Carga,Cabotagem,,,26,2601,,BRES002,BRSP002,1,42087.484,0.0,0.0
269025,Desembarcados,Carga Geral,Movimentação de Carga,Longo Curso,,,44,4415,,JPYWT,BRSP002,1,9041.942,0.0,0.0
269026,Desembarcados,Granel Sólido,Movimentação de Carga,Longo Curso,,,27,2713,,VEAMY,BRSP002,1,30117.156,0.0,0.0
269343,Embarcados,Carga Geral,Movimentação de Carga,Longo Curso,,,17,1701,,BRSSZ,ZZZZZ,1,8386.549,0.0,0.0
269343,Desembarcados,Carga Geral,Movimentação de Carga,Longo Curso,,,17,1701,,ZZZZZ,BRSSZ,1,344.699,0.0,0.0
269353,Desembarcados,Granel Sólido,Movimentação de Carga,Longo Curso,,,28,2836,,ZZZZZ,BRSSZ,1,10898.309,0.0,0.0
269354,Embarcados,Carga Geral,Movimentação de Carga,Longo Curso,,,17,1701,,BRSSZ,ZZZZZ,2,10688.537,0.0,0.0
269355,Desembarcados,Granel Sólido,Movimentação de Carga,Longo Curso,,,17,1701,,ZZZZZ,BRSSZ,1,21065.593,0.0,0.0
269356,Desembarcados,Granel Sólido,Movimentação de Carga,Longo Curso,,,17,1701,,ZZZZZ,BRSSZ,1,21143.356,0.0,0.0
269357,Embarcados,Carga Conteinerizada,Movimentação de Carga,Longo Curso,Cheio,20,29,29G9,,BRSSZ,JMKIN,1,23.219,2.0,2.0
269357,Embarcados,Carga Conteinerizada,Movimentação de Carga,Longo Curso,Cheio,40,42,42R0,,BRSSZ,VELAG,1,30.658,2.0,1.0
269357,Embarcados,Carga Conteinerizada,Movimentação de Carga,Longo Curso,Cheio,20,22,22G0,,BRSSZ,VELAG,1,28.498,1.0,1.0
269357,Desembarcados,Carga Conteinerizada,Movimentação de Carga,Longo Curso,Vazio,20,22,22G0,,ZZZZZ,BRSSZ,1,184.0,80.0,80.0
269357,Embarcados,Carga Conteinerizada,Movimentação de Carga,Longo Curso,Cheio,40,42,42R0,,BRSSZ,JMKIN,1,1519.15,98.0,49.0
269357,Desembarcados,Carga Conteinerizada,Movimentação de Carga,Longo Curso,Vazio,40,42,42R0,,ZZZZZ,BRSSZ,1,260.0,130.0,65.0
269357,Desembarcados,Carga Conteinerizada,Movimentação de Carga,Longo Curso,Cheio,40,49,49G9,,JMKIN,BRSSZ,1,32.154,4.0,2.0
269357,Desembarcados,Carga Conteinerizada,Movimentação de Carga,Longo Curso,Cheio,40,42,42G0,,JMKIN,BRSSZ,1,859.99,74.0,37.0
269357,Embarcados,Carga Conteinerizada,Movimentação de Carga,Longo Curso,Vazio,20,22,22G0,,BRSSZ,JMKIN,1,2.2,1.0,1.0
269357,Embarcados,Carga Conteinerizada,Movimentação de Carga,Longo Curso,Cheio,40,42,42G0,,BRSSZ,JMKIN,1,1077.195,102.0,51.0
269357,Desembarcados,Carga Conteinerizada,Movimentação de Carga,Longo Curso,Cheio,20,22,22G0,,JMKIN,BRSSZ,1,1564.914,77.0,77.0
269357,Embarcados,Carga Conteinerizada,Movimentação de Carga,Longo Curso,Cheio,40,42,42G0,,BRSSZ,VEPBL,1,22.52,4.0,2.0
269357,Embarcados,Carga Conteinerizada,Movimentação de Carga,Longo Curso,Cheio,20,22,22G0,,BRSSZ,JMKIN,1,363.98,17.0,17.0
269357,Embarcados,Carga Conteinerizada,Movimentação de Carga,Longo Curso,Cheio,40,42,42G0,,BRSSZ,VELAG,1,23.125,2.0,1.0
269358,Embarcados,Carga Conteinerizada,Movimentação de Carga,Longo Curso,Cheio,40,42,42G0,,BRSSZ,ARZAE,1,11.92,2.0,1.0
269358,Desembarcados,Carga Conteinerizada,Movimentação de Carga,Longo Curso,Cheio,40,42,42R0,,PAMIT,BRSSZ,1,16.3,2.0,1.0
269358,Desembarcados,Carga Conteinerizada,Movimentação de Carga,Longo Curso,Cheio,20,22,22G0,,PAMIT,BRSSZ,2,106.759,7.0,7.0
269358,Desembarcados,Carga Conteinerizada,Movimentação de Carga,Longo Curso,Vazio,20,22,22G0,,VEPBL,BRSSZ,1,146.2,65.0,65.0
269358,Desembarcados,Carga Conteinerizada,Movimentação de Carga,Longo Curso,Vazio,20,29,29G9,,VEPBL,BRSSZ,1,16.14,7.0,7.0
269358,Desembarcados,Carga Conteinerizada,Movimentação de Carga,Cabotagem,Vazio,20,22,22G0,,BRZZZ,BRSSZ,1,35.829,16.0,16.0
269358,Embarcados,Carga Conteinerizada,Movimentação de Carga,Cabotagem,Vazio,20,22,22G0,,BRSSZ,BRZZZ,1,35.829,16.0,16.0
269358,Desembarcados,Carga Conteinerizada,Movimentação de Carga,Longo Curso,Cheio,20,22,22G0,,COCTG,BRSSZ,1,8.25,1.0,1.0
269358,Desembarcados,Carga Conteinerizada,Movimentação de Carga,Longo Curso,Cheio,20,22,22G0,,JMKIN,BRSSZ,1,148.65,6.0,6.0
269358,Desembarcados,Carga Conteinerizada,Movimentação de Carga,Longo Curso,Vazio,20,22,22R0,,VEPBL,BRSSZ,1,6.209,2.0,2.0
269358,Desembarcados,Carga Conteinerizada,Movimentação de Carga,Cabotagem,Vazio,40,42,42G0,,BRZZZ,BRSSZ,1,202.914,106.0,53.0
269358,Desembarcados,Carga Conteinerizada,Movimentação de Carga,Longo Curso,Vazio,40,42,42R0,,VEPBL,BRSSZ,1,4.65,2.0,1.0
269358,Embarcados,Carga Conteinerizada,Movimentação de Carga,Cabotagem,Vazio,40,42,42G0,,BRSSZ,BRRIG,1,193.4,100.0,50.0
269358,Desembarcados,Carga Conteinerizada,Movimentação de Carga,Cabotagem,Vazio,40,42,42R0,,BRZZZ,BRSSZ,1,57.35,24.0,12.0
269358,Embarcados,Carga Conteinerizada,Movimentação de Carga,Cabotagem,Vazio,40,42,42R0,,BRSSZ,BRZZZ,1,57.35,24.0,12.0
269358,Desembarcados,Carga Conteinerizada,Movimentação de Carga,Longo Curso,Cheio,40,42,42G0,,VEPBL,BRSSZ,1,188.56,14.0,7.0
269358,Embarcados,Carga Conteinerizada,Movimentação de Carga,Cabotagem,Vazio,40,42,42G0,,BRSSZ,BRZZZ,1,202.914,106.0,53.0
269358,Desembarcados,Carga Conteinerizada,Movimentação de Carga,Longo Curso,Vazio,40,49,49G9,,VEPBL,BRSSZ,1,38.52,20.0,10.0
269358,Desembarcados,Carga Conteinerizada,Movimentação de Carga,Longo Curso,Cheio,40,42,42G0,,PAMIT,BRSSZ,1,736.2,54.0,27.0
269358,Desembarcados,Carga Conteinerizada,Movimentação de Carga,Longo Curso,Cheio,40,42,42G0,,COCTG,BRSSZ,1,545.769,46.0,23.0
269358,Desembarcados,Carga Conteinerizada,Movimentação de Carga,Longo Curso,Vazio,40,42,42G0,,VEPBL,BRSSZ,1,579.517,300.0,150.0
269359,Embarcados,Carga Geral,Movimentação de Carga,Longo Curso,,,17,1701,,BRSSZ,ZZZZZ,1,7261.626,0.0,0.0
269360,Embarcados,Carga Geral,Movimentação de Carga,Longo Curso,,,17,1701,,BRSSZ,ZZZZZ,1,6842.212,0.0,0.0
269361,Embarcados,Carga Geral,Movimentação de Carga,Longo Curso,,,17,1701,,BRSSZ,ZZZZZ,1,442.56,0.0,0.0
269362,Desembarcados,Carga Geral,Movimentação de Carga,Longo Curso,,,86,8603,,KRMAS,BRSSZ,1,269.309,0.0,0.0
269362,Desembarcados,Carga Geral,Movimentação de Carga,Longo Curso,,,84,8431,,KRMAS,BRSSZ,1,532.782,0.0,0.0
269362,Desembarcados,Carga Geral,Movimentação de Carga,Longo Curso,,,84,8419,,CNSHA,BRSSZ,1,525.991,0.0,0.0
269363,Desembarcados,Carga Geral,Movimentação de Carga,Longo Curso,,,84,8419,,CNSHA,BRSSZ,1,151.865,0.0,0.0
269364,Embarcados,Granel Líquido e Gasoso,Movimentação de Carga,Longo Curso,,,20,2009,,BRSP004,ZZZZZ,2,21193.27,0.0,0.0
269365,Embarcados,Carga Conteinerizada,Movimentação de Carga,Longo Curso,Cheio,40,42,42G0,,BRSSZ,CNSHA,1,1245.615,90.0,45.0
269365,Embarcados,Carga Conteinerizada,Movimentação de Carga,Longo Curso,Cheio,40,42,42R0,,BRSSZ,HKHKG,1,2088.675,134.0,67.0
269365,Embarcados,Carga Conteinerizada,Movimentação de Carga,Longo Curso,Cheio,20,29,29G9,,BRSSZ,CNSHA,1,388.269,17.0,17.0
269365,Embarcados,Carga Conteinerizada,Movimentação de Carga,Longo Curso,Vazio,20,22,22G0,,BRSSZ,SGSIN,1,17.719,8.0,8.0
269365,Embarcados,Carga Conteinerizada,Movimentação de Carga,Longo Curso,Cheio,40,42,42R0,,BRSSZ,CNSHA,1,320.75,20.0,10.0
269365,Embarcados,Carga Conteinerizada,Movimentação de Carga,Longo Curso,Vazio,40,42,42G0,,BRSSZ,HKHKG,2,36.0,20.0,10.0
269365,Embarcados,Carga Conteinerizada,Movimentação de Carga,Longo Curso,Cheio,20,22,22G0,,BRSSZ,SGSIN,1,1447.605,59.0,59.0
269365,Embarcados,Carga Conteinerizada,Movimentação de Carga,Longo Curso,Cheio,40,42,42G0,,BRSSZ,SGSIN,1,3044.83,220.0,110.0
269365,Embarcados,Carga Conteinerizada,Movimentação de Carga,Longo Curso,Cheio,20,22,22G0,,BRSSZ,CNNGB,1,85.668,3.0,3.0
269365,Embarcados,Carga Conteinerizada,Movimentação de Carga,Longo Curso,Cheio,20,22,22G0,,BRSSZ,HKHKG,1,951.201,44.0,44.0
269365,Embarcados,Carga Conteinerizada,Movimentação de Carga,Longo Curso,Vazio,20,22,22G0,,BRSSZ,HKHKG,1,15.4,7.0,7.0
269365,Embarcados,Carga Conteinerizada,Movimentação de Carga,Longo Curso,Cheio,40,42,42G0,,BRSSZ,HKHKG,1,1636.223,116.0,58.0
269365,Embarcados,Carga Conteinerizada,Movimentação de Carga,Longo Curso,Cheio,20,22,22G0,,BRSSZ,CNSHA,1,295.113,15.0,15.0
269365,Embarcados,Carga Conteinerizada,Movimentação de Carga,Longo Curso,Vazio,20,22,22G0,,BRSSZ,CNNGB,1,16.1,7.0,7.0
269366,Embarcados,Carga Conteinerizada,Movimentação de Carga,Longo Curso,Cheio,40,42,42G0,,BRSSZ,HKHKG,1,665.448,54.0,27.0
269366,Embarcados,Carga Conteinerizada,Movimentação de Carga,Longo Curso,Cheio,40,42,42R0,,BRSSZ,CNSHA,1,834.37,52.0,26.0
269366,Embarcados,Carga Conteinerizada,Movimentação de Carga,Longo Curso,Cheio,20,22,22R0,,BRSSZ,HKHKG,1,126.868,6.0,6.0
269366,Embarcados,Carga Conteinerizada,Movimentação de Carga,Longo Curso,Cheio,20,22,22G0,,BRSSZ,CNSHA,1,47.569,2.0,2.0
269366,Embarcados,Carga Conteinerizada,Movimentação de Carga,Longo Curso,Vazio,20,22,22G0,,BRSSZ,SGSIN,1,75.56,34.0,34.0
269366,Embarcados,Carga Conteinerizada,Movimentação de Carga,Longo Curso,Cheio,40,42,42G0,,BRSSZ,CNNGB,1,2012.299,138.0,69.0
269366,Embarcados,Carga Conteinerizada,Movimentação de Carga,Longo Curso,Cheio,40,42,42R0,,BRSSZ,HKHKG,1,789.154,50.0,25.0
269366,Embarcados,Carga Conteinerizada,Movimentação de Carga,Longo Curso,Cheio,20,22,22G0,,BRSSZ,CNNGB,1,256.351,9.0,9.0
269366,Embarcados,Carga Conteinerizada,Movimentação de Carga,Longo Curso,Vazio,40,42,42G0,,BRSSZ,HKHKG,1,54.939,28.0,14.0
269366,Embarcados,Carga Conteinerizada,Movimentação de Carga,Longo Curso,Vazio,40,42,42G0,,BRSSZ,CNSHA,1,16.0,10.0,5.0
269366,Embarcados,Carga Conteinerizada,Movimentação de Carga,Longo Curso,Cheio,40,42,42G0,,BRSSZ,SGSIN,1,261.798,20.0,10.0
269366,Desembarcados,Carga Conteinerizada,Movimentação de Carga,Longo Curso,Vazio,20,22,22R0,,UYMVD,BRSSZ,1,8.8,4.0,4.0
269366,Embarcados,Carga Conteinerizada,Movimentação de Carga,Longo Curso,Vazio,40,42,42G0,,BRSSZ,CNNGB,1,22.399,14.0,7.0
269366,Embarcados,Carga Conteinerizada,Movimentação de Carga,Longo Curso,Cheio,40,42,42G0,,BRSSZ,CNSHA,1,857.0,62.0,31.0
269366,Embarcados,Carga Conteinerizada,Movimentação de Carga,Longo Curso,Vazio,20,22,22G0,,BRSSZ,CNNGB,1,4.4,2.0,2.0
269366,Desembarcados,Carga Conteinerizada,Movimentação de Carga,Longo Curso,Vazio,20,22,22R0,,ZZZZZ,BRSSZ,1,2.2,1.0,1.0
269366,Embarcados,Carga Conteinerizada,Movimentação de Carga,Longo Curso,Cheio,20,22,22G0,,BRSSZ,SGSIN,1,779.39,33.0,33.0
269366,Embarcados,Carga Conteinerizada,Movimentação de Carga,Longo Curso,Cheio,40,42,42R0,,BRSSZ,SGSIN,2,344.32,24.0,12.0
269367,Embarcados,Granel Sólido,Movimentação de Carga,Longo Curso,,,17,1701,,BRSSZ,ZZZZZ,1,10622.1,0.0,0.0
269368,Desembarcados,Carga Conteinerizada,Movimentação de Carga,Longo Curso,Vazio,40,42,42G0,,ZZZZZ,BRSSZ,1,16.0,8.0,4.0
269368,Embarcados,Carga Conteinerizada,Movimentação de Carga,Longo Curso,Cheio,40,42,42G0,,BRSSZ,SGSIN,1,5085.261,376.0,188.0
269368,Embarcados,Carga Conteinerizada,Movimentação de Carga,Longo Curso,Vazio,40,42,42G0,,BRSSZ,CNSHA,1,469.62,252.0,126.0
269368,Embarcados,Carga Conteinerizada,Movimentação de Carga,Longo Curso,Cheio,20,22,22G0,,BRSSZ,HKHKG,1,434.103,23.0,23.0
269368,Embarcados,Carga Conteinerizada,Movimentação de Carga,Longo Curso,Cheio,40,42,42R0,,BRSSZ,HKHKG,1,1012.248,66.0,33.0
269368,Embarcados,Carga Conteinerizada,Movimentação de Carga,Longo Curso,Cheio,40,42,42R0,,BRSSZ,CNSHA,1,269.81,18.0,9.0
269368,Desembarcados,Carga Conteinerizada,Movimentação de Carga,Longo Curso,Cheio,40,42,42G0,,UYMVD,BRSSZ,1,9.14,2.0,1.0
269368,Desembarcados,Carga Conteinerizada,Movimentação de Carga,Longo Curso,Cheio,20,22,22R0,,ARBUE,BRSSZ,1,9.4,1.0,1.0
269368,Embarcados,Carga Conteinerizada,Movimentação de Carga,Longo Curso,Vazio,40,42,42G0,,BRSSZ,HKHKG,1,419.8,244.0,122.0
269368,Embarcados,Carga Conteinerizada,Movimentação de Carga,Longo Curso,Cheio,20,22,22G0,,BRSSZ,CNSHA,1,430.208,23.0,23.0
269368,Embarcados,Carga Conteinerizada,Movimentação de Carga,Longo Curso,Vazio,40,42,42G0,,BRSSZ,CNNGB,2,20.5,10.0,5.0
269368,Embarcados,Carga Conteinerizada,Movimentação de Carga,Longo Curso,Cheio,20,22,22R0,,BRSSZ,SGSIN,1,155.395,7.0,7.0
269368,Embarcados,Carga Conteinerizada,Movimentação de Carga,Longo Curso,Cheio,40,42,42G0,,BRSSZ,CNNGB,1,409.6,28.0,14.0
269368,Embarcados,Carga Conteinerizada,Movimentação de Carga,Longo Curso,Cheio,40,42,42G0,,BRSSZ,CNSHA,1,858.937,62.0,31.0
269368,Desembarcados,Carga Conteinerizada,Movimentação de Carga,Longo Curso,Cheio,40,42,42G0,,ARBUE,BRSSZ,1,10.227,2.0,1.0
269368,Embarcados,Carga Conteinerizada,Movimentação de Carga,Longo Curso,Cheio,20,22,22R0,,BRSSZ,HKHKG,1,109.75,5.0,5.0
269368,Embarcados,Carga Conteinerizada,Movimentação de Carga,Longo Curso,Vazio,20,22,22G0,,BRSSZ,CNSHK,1,53.399,24.0,24.0
269368,Desembarcados,Carga Conteinerizada,Movimentação de Carga,Longo Curso,Vazio,20,22,22R0,,ZZZZZ,BRSSZ,1,3.4,1.0,1.0
269368,Embarcados,Carga Conteinerizada,Movimentação de Carga,Longo Curso,Cheio,40,42,42G0,,BRSSZ,HKHKG,1,851.179,64.0,32.0
269368,Embarcados,Carga Conteinerizada,Movimentação de Carga,Longo Curso,Cheio,20,29,29G9,,BRSSZ,SGSIN,1,46.969,2.0,2.0
269368,Embarcados,Carga Conteinerizada,Movimentação de Carga,Longo Curso,Cheio,40,49,49G9,,BRSSZ,SGSIN,1,23.343,2.0,1.0
269368,Desembarcados,Carga Conteinerizada,Movimentação de Carga,Longo Curso,Vazio,40,42,42G0,,ARBUE,BRSSZ,1,4.5,2.0,1.0
269368,Desembarcados,Carga Conteinerizada,Movimentação de Carga,Longo Curso,Cheio,20,22,22G0,,CNSHA,BRSSZ,1,121.659,6.0,6.0
269368,Desembarcados,Carga Conteinerizada,Movimentação de Carga,Longo Curso,Cheio,20,22,22R0,,ZZZZZ,BRSSZ,1,20.16,1.0,1.0
269368,Embarcados,Carga Conteinerizada,Movimentação de Carga,Longo Curso,Cheio,20,22,22R0,,BRSSZ,CNSHA,1,9.4,1.0,1.0
269368,Embarcados,Carga Conteinerizada,Movimentação de Carga,Longo Curso,Cheio,20,22,22G0,,BRSSZ,SGSIN,1,705.649,34.0,34.0
269368,Embarcados,Carga Conteinerizada,Movimentação de Carga,Longo Curso,Vazio,20,22,22G0,,BRSSZ,CNNGB,1,144.99,65.0,65.0
269368,Embarcados,Carga Conteinerizada,Movimentação de Carga,Longo Curso,Vazio,40,49,49G9,,BRSSZ,CNSHA,1,3.8,2.0,1.0
269368,Embarcados,Carga Conteinerizada,Movimentação de Carga,Longo Curso,Cheio,40,42,42R0,,BRSSZ,SGSIN,1,214.83,14.0,7.0
269369,Desembarcados,Granel Sólido,Movimentação de Carga,Longo Curso,,,28,2833,,ZZZZZ,BRSSZ,1,15985.95,0.0,0.0
269370,Embarcados,Granel Líquido e Gasoso,Movimentação de Carga,Cabotagem,,,27,2710,,BRSSZ,BRZZZ,1,29429.301,0.0,0.0
269371,Embarcados,Granel Sólido,Movimentação de Carga,Longo Curso,,,17,1701,,BRSSZ,ZZZZZ,1,19400.0,0.0,0.0
269372,Desembarcados,Carga Conteinerizada,Movimentação de Carga,Cabotagem,Cheio,40,42,42G0,,BRZZZ,BRSSZ,1,593.549,44.0,22.0
269372,Embarcados,Carga Conteinerizada,Movimentação de Carga,Longo Curso,Cheio,20,29,29G9,,BRSSZ,COCTG,1,196.5,7.0,7.0
269372,Embarcados,Carga Conteinerizada,Movimentação de Carga,Cabotagem,Vazio,40,42,42G0,,BRSSZ,BRZZZ,1,3.839,2.0,1.0
269372,Embarcados,Carga Conteinerizada,Movimentação de Carga,Cabotagem,Cheio,40,42,42R0,,BRSSZ,BRZZZ,1,998.6,62.0,31.0
269372,Embarcados,Carga Conteinerizada,Movimentação de Carga,Longo Curso,Cheio,40,42,42G0,,BRSSZ,VEPBL,1,733.539,54.0,27.0
269372,Desembarcados,Carga Conteinerizada,Movimentação de Carga,Cabotagem,Cheio,40,42,42R0,,BRITJ,BRSSZ,1,29.87,2.0,1.0
269372,Desembarcados,Carga Conteinerizada,Movimentação de Carga,Cabotagem,Vazio,40,42,42G0,,BRZZZ,BRSSZ,1,3.839,2.0,1.0
269372,Embarcados,Carga Conteinerizada,Movimentação de Carga,Longo Curso,Cheio,40,42,42R0,,BRSSZ,TTPOS,1,29.879,2.0,1.0
269372,Desembarcados,Carga Conteinerizada,Movimentação de Carga,Cabotagem,Cheio,20,22,22G0,,BRZZZ,BRSSZ,1,245.8,11.0,11.0
269372,Embarcados,Carga Conteinerizada,Movimentação de Carga,Longo Curso,Cheio,40,42,42R0,,BRSSZ,PAMIT,1,274.81,18.0,9.0
269372,Embarcados,Carga Conteinerizada,Movimentação de Carga,Longo Curso,Vazio,40,42,42R0,,BRSSZ,PAMIT,1,22.14,10.0,5.0
269372,Embarcados,Carga Conteinerizada,Movimentação de Carga,Cabotagem,Vazio,20,22,22G0,,BRSSZ,BRZZZ,1,2.23,1.0,1.0
269372,Embarcados,Carga Conteinerizada,Movimentação de Carga,Longo Curso,Cheio,20,22,22G0,,BRSSZ,JMKIN,1,234.8,11.0,11.0
269372,Embarcados,Carga Conteinerizada,Movimentação de Carga,Longo Curso,Cheio,40,42,42G0,,BRSSZ,PAMIT,1,801.993,106.0,53.0
269372,Embarcados,Carga Conteinerizada,Movimentação de Carga,Longo Curso,Cheio,40,42,42G0,,BRSSZ,TTPOS,1,934.139,68.0,34.0
269372,Embarcados,Carga Conteinerizada,Movimentação de Carga,Longo Curso,Cheio,40,42,42G0,,BRSSZ,JMKIN,1,235.59,18.0,9.0
269372,Embarcados,Carga Conteinerizada,Movimentação de Carga,Longo Curso,Cheio,40,49,49G9,,BRSSZ,VEPBL,1,39.939,8.0,4.0
269372,Embarcados,Carga Conteinerizada,Movimentação de Carga,Longo Curso,Cheio,20,22,22G0,,BRSSZ,COCTG,1,1858.74,77.0,77.0
269372,Embarcados,Carga Conteinerizada,Movimentação de Carga,Cabotagem,Cheio,40,42,42G0,,BRSSZ,BRZZZ,1,593.549,44.0,22.0
269372,Desembarcados,Carga Conteinerizada,Movimentação de Carga,Cabotagem,Cheio,40,42,42R0,,BRZZZ,BRSSZ,1,998.6,62.0,31.0
269372,Embarcados,Carga Conteinerizada,Movimentação de Carga,Longo Curso,Cheio,20,22,22G0,,BRSSZ,VEPBL,1,52.149,3.0,3.0
269372,Embarcados,Carga Conteinerizada,Movimentação de Carga,Cabotagem,Cheio,20,22,22G0,,BRSSZ,BRZZZ,1,245.8,11.0,11.0
269372,Embarcados,Carga Conteinerizada,Movimentação de Carga,Longo Curso,Cheio,20,22,22G0,,BRSSZ,TTPOS,1,801.669,31.0,31.0
269372,Embarcados,Carga Conteinerizada,Movimentação de Carga,Longo Curso,Cheio,20,22,22G0,,BRSSZ,PAMIT,1,562.629,27.0,27.0
269372,Embarcados,Carga Conteinerizada,Movimentação de Carga,Longo Curso,Cheio,40,42,42G0,,BRSSZ,COCTG,1,1623.41,154.0,77.0
269372,Desembarcados,Carga Conteinerizada,Movimentação de Carga,Cabotagem,Vazio,20,22,22G0,,BRZZZ,BRSSZ,1,2.23,1.0,1.0
269372,Embarcados,Carga Conteinerizada,Movimentação de Carga,Longo Curso,Cheio,20,29,29G9,,BRSSZ,TTPOS,1,27.0,2.0,2.0
269373,Desembarcados,Granel Sólido,Movimentação de Carga,Longo Curso,,,25,2503,,ZZZZZ,BRSSZ,1,38512.94,0.0,0.0
269374,Desembarcados,Carga Conteinerizada,Movimentação de Carga,Longo Curso,Cheio,20,22,22R0,,SGSIN,BRSSZ,1,54.524,5.0,5.0
269374,Desembarcados,Carga Conteinerizada,Movimentação de Carga,Longo Curso,Cheio,40,42,42G0,,HKHKG,BRSSZ,1,1491.551,172.0,86.0
269374,Desembarcados,Carga Conteinerizada,Movimentação de Carga,Longo Curso,Cheio,20,22,22R0,,HKHKG,BRSSZ,1,48.549,5.0,5.0
269374,Desembarcados,Carga Conteinerizada,Movimentação de Carga,Longo Curso,Cheio,20,22,22G0,,SGSIN,BRSSZ,1,1950.503,130.0,130.0
269374,Desembarcados,Carga Conteinerizada,Movimentação de Carga,Longo Curso,Cheio,40,42,42G0,,SGSIN,BRSSZ,1,1932.154,278.0,139.0
269374,Desembarcados,Carga Conteinerizada,Movimentação de Carga,Longo Curso,Cheio,40,42,42R0,,SGSIN,BRSSZ,1,320.339,30.0,15.0
269374,Desembarcados,Carga Conteinerizada,Movimentação de Carga,Longo Curso,Cheio,40,42,42R0,,HKHKG,BRSSZ,1,260.519,26.0,13.0
269374,Desembarcados,Carga Conteinerizada,Movimentação de Carga,Longo Curso,Cheio,20,22,22G0,,HKHKG,BRSSZ,1,2691.449,143.0,143.0
269374,Desembarcados,Carga Conteinerizada,Movimentação de Carga,Longo Curso,Cheio,40,49,49G9,,HKHKG,BRSSZ,1,24.729,2.0,1.0
269374,Desembarcados,Carga Conteinerizada,Movimentação de Carga,Longo Curso,Cheio,20,22,22G0,,ZADUR,BRSSZ,1,22.77,1.0,1.0
269375,Desembarcados,Carga Conteinerizada,Movimentação de Carga,Cabotagem,Vazio,40,42,42G0,,BRZZZ,BRSSZ,1,77.909,40.0,20.0
269375,Embarcados,Carga Conteinerizada,Movimentação de Carga,Longo Curso,Cheio,20,22,22G0,,BRSSZ,HKHKG,1,473.81,23.0,23.0
269375,Embarcados,Carga Conteinerizada,Movimentação de Carga,Longo Curso,Cheio,40,42,42G0,,BRSSZ,HKHKG,1,1664.39,120.0,60.0
269375,Embarcados,Carga Conteinerizada,Movimentação de Carga,Longo Curso,Vazio,40,42,42G0,,BRSSZ,HKHKG,1,149.275,80.0,40.0
269375,Embarcados,Carga Conteinerizada,Movimentação de Carga,Cabotagem,Cheio,20,22,22G0,,BRSSZ,BRZZZ,1,9.0,1.0,1.0
269375,Embarcados,Carga Conteinerizada,Movimentação de Carga,Cabotagem,Vazio,40,42,42G0,,BRSSZ,BRZZZ,1,77.909,40.0,20.0
269375,Embarcados,Carga Conteinerizada,Movimentação de Carga,Longo Curso,Cheio,40,42,42R0,,BRSSZ,HKHKG,1,561.759,36.0,18.0
269375,Embarcados,Carga Conteinerizada,Movimentação de Carga,Longo Curso,Cheio,20,22,22G0,,BRSSZ,ZACPT,1,46.85,3.0,3.0
269375,Embarcados,Carga Conteinerizada,Movimentação de Carga,Longo Curso,Cheio,40,42,42G0,,BRSSZ,ZACPT,1,290.97,20.0,10.0
269375,Embarcados,Carga Conteinerizada,Movimentação de Carga,Longo Curso,Cheio,20,22,22G0,,BRSSZ,ZZZZZ,1,7.91,1.0,1.0
269375,Embarcados,Carga Conteinerizada,Movimentação de Carga,Longo Curso,Cheio,20,22,22G0,,BRSSZ,SGSIN,1,2022.83,78.0,78.0
269375,Desembarcados,Carga Conteinerizada,Movimentação de Carga,Cabotagem,Cheio,20,22,22G0,,BRZZZ,BRSSZ,1,9.0,1.0,1.0
269375,Embarcados,Carga Conteinerizada,Movimentação de Carga,Longo Curso,Cheio,20,22,22R0,,BRSSZ,HKHKG,1,15.349,1.0,1.0
269375,Embarcados,Carga Conteinerizada,Movimentação de Carga,Longo Curso,Cheio,40,42,42G0,,BRSSZ,SGSIN,1,3119.1,212.0,106.0
269375,Embarcados,Carga Conteinerizada,Movimentação de Carga,Longo Curso,Vazio,20,22,22G0,,BRSSZ,HKHKG,1,450.524,200.0,200.0
269375,Embarcados,Carga Conteinerizada,Movimentação de Carga,Longo Curso,Cheio,40,42,42R0,,BRSSZ,ZACPT,2,189.145,12.0,6.0
269375,Embarcados,Carga Conteinerizada,Movimentação de Carga,Longo Curso,Cheio,40,42,42G0,,BRSSZ,ZZZZZ,1,132.389,18.0,9.0
269376,Desembarcados,Carga Conteinerizada,Movimentação de Carga,Longo Curso,Cheio,20,22,22R0,,HKHKG,BRSSZ,1,28.449,2.0,2.0
269376,Desembarcados,Carga Conteinerizada,Movimentação de Carga,Longo Curso,Cheio,40,42,42G0,,HKHKG,BRSSZ,1,631.208,68.0,34.0
269376,Embarcados,Carga Conteinerizada,Movimentação de Carga,Cabotagem,Vazio,40,42,42R0,,BRSSZ,BRZZZ,1,22.3,10.0,5.0
269376,Desembarcados,Carga Conteinerizada,Movimentação de Carga,Longo Curso,Cheio,40,42,42R0,,SGSIN,BRSSZ,1,292.69,24.0,12.0
269376,Desembarcados,Carga Conteinerizada,Movimentação de Carga,Longo Curso,Cheio,20,22,22R0,,SGSIN,BRSSZ,1,88.829,6.0,6.0
269376,Desembarcados,Carga Conteinerizada,Movimentação de Carga,Longo Curso,Cheio,20,29,29G9,,HKHKG,BRSSZ,1,15.599,1.0,1.0
269376,Desembarcados,Carga Conteinerizada,Movimentação de Carga,Longo Curso,Cheio,40,42,42R0,,HKHKG,BRSSZ,1,312.439,28.0,14.0
269376,Desembarcados,Carga Conteinerizada,Movimentação de Carga,Longo Curso,Cheio,40,42,42G0,,SGSIN,BRSSZ,1,3024.588,416.0,208.0
269376,Desembarcados,Carga Conteinerizada,Movimentação de Carga,Longo Curso,Cheio,40,49,49G9,,SGSIN,BRSSZ,1,14.349,2.0,1.0
269376,Desembarcados,Carga Conteinerizada,Movimentação de Carga,Longo Curso,Cheio,20,22,22G0,,SGSIN,BRSSZ,2,2328.325,163.0,163.0
269376,Desembarcados,Carga Conteinerizada,Movimentação de Carga,Longo Curso,Cheio,20,29,29G9,,SGSIN,BRSSZ,1,4.599,1.0,1.0
269376,Desembarcados,Carga Conteinerizada,Movimentação de Carga,Cabotagem,Vazio,40,42,42R0,,BRZZZ,BRSSZ,1,22.3,10.0,5.0
269376,Desembarcados,Carga Conteinerizada,Movimentação de Carga,Longo Curso,Cheio,20,22,22G0,,HKHKG,BRSSZ,2,839.325,54.0,54.0
269377,Embarcados,Carga Conteinerizada,Movimentação de Carga,Longo Curso,Cheio,40,42,42G0,,BRSSZ,SGSIN,1,303.55,22.0,11.0
269377,Embarcados,Carga Conteinerizada,Movimentação de Carga,Longo Curso,Cheio,40,42,42R0,,BRSSZ,HKHKG,1,122.51,8.0,4.0
269377,Embarcados,Carga Conteinerizada,Movimentação de Carga,Longo Curso,Cheio,40,42,42G0,,BRSSZ,ZACPT,1,96.359,10.0,5.0
269377,Embarcados,Carga Conteinerizada,Movimentação de Carga,Longo Curso,Cheio,40,42,42G0,,BRSSZ,ZZZZZ,1,137.8,18.0,9.0
269377,Embarcados,Carga Conteinerizada,Movimentação de Carga,Longo Curso,Cheio,20,22,22G0,,BRSSZ,ZACPT,1,2257.7,79.0,79.0
269377,Embarcados,Carga Conteinerizada,Movimentação de Carga,Longo Curso,Cheio,20,22,22R0,,BRSSZ,SGSIN,1,115.54,5.0,5.0
269377,Embarcados,Carga Conteinerizada,Movimentação de Carga,Longo Curso,Vazio,40,42,42G0,,BRSSZ,SGSIN,1,509.99,250.0,125.0
269377,Desembarcados,Carga Conteinerizada,Movimentação de Carga,Cabotagem,Cheio,40,42,42R0,,BRZZZ,BRSSZ,1,182.4,12.0,6.0
269377,Embarcados,Carga Conteinerizada,Movimentação de Carga,Longo Curso,Cheio,40,42,42G0,,BRSSZ,HKHKG,1,2083.13,164.0,82.0
269377,Embarcados,Carga Conteinerizada,Movimentação de Carga,Longo Curso,Cheio,20,22,22G0,,BRSSZ,SGSIN,1,353.629,17.0,17.0
269377,Embarcados,Carga Conteinerizada,Movimentação de Carga,Longo Curso,Cheio,40,42,42R0,,BRSSZ,ZACPT,1,252.949,16.0,8.0
269377,Embarcados,Carga Conteinerizada,Movimentação de Carga,Longo Curso,Cheio,20,22,22R0,,BRSSZ,HKHKG,1,18.39,1.0,1.0
269377,Embarcados,Carga Conteinerizada,Movimentação de Carga,Longo Curso,Vazio,40,42,42G0,,BRSSZ,HKHKG,1,37.5,20.0,10.0
269377,Embarcados,Carga Conteinerizada,Movimentação de Carga,Longo Curso,Cheio,20,22,22G0,,BRSSZ,HKHKG,1,715.11,37.0,37.0
269377,Desembarcados,Carga Conteinerizada,Movimentação de Carga,Longo Curso,Vazio,20,22,22R0,,HKHKG,BRSSZ,1,14.839,5.0,5.0
269377,Embarcados,Carga Conteinerizada,Movimentação de Carga,Longo Curso,Cheio,40,42,42R0,,BRSSZ,SGSIN,1,62.21,4.0,2.0
269377,Embarcados,Carga Conteinerizada,Movimentação de Carga,Cabotagem,Cheio,40,42,42R0,,BRSSZ,BRZZZ,1,182.4,12.0,6.0
269377,Embarcados,Carga Conteinerizada,Movimentação de Carga,Longo Curso,Cheio,20,22,22G0,,BRSSZ,ZADUR,1,9.181,2.0,2.0
269377,Embarcados,Carga Conteinerizada,Movimentação de Carga,Longo Curso,Vazio,20,22,22G0,,BRSSZ,HKHKG,1,22.68,10.0,10.0
269378,Embarcados,Granel Sólido,Movimentação de Carga,Longo Curso,,,17,1701,,BRSSZ,ZZZZZ,1,21213.555,0.0,0.0
269379,Desembarcados,Carga Conteinerizada,Movimentação de Carga,Longo Curso,Cheio,20,22,22G0,,KRPUS,BRSSZ,1,1422.734,73.0,73.0
269379,Desembarcados,Carga Conteinerizada,Movimentação de Carga,Cabotagem,Cheio,40,42,42G0,,BRZZZ,BRSSZ,1,105.299,16.0,8.0
269379,Desembarcados,Carga Conteinerizada,Movimentação de Carga,Longo Curso,Cheio,40,42,42G0,,MYTPP,BRSSZ,4,2198.326,262.0,131.0
269379,Desembarcados,Carga Conteinerizada,Movimentação de Carga,Longo Curso,Cheio,40,49,49G9,,MYTPP,BRSSZ,2,102.706,8.0,4.0
269379,Desembarcados,Carga Conteinerizada,Movimentação de Carga,Longo Curso,Cheio,40,42,42G0,,JPNGO,BRSSZ,1,1281.618,184.0,92.0
269379,Embarcados,Carga Conteinerizada,Movimentação de Carga,Cabotagem,Cheio,40,42,42R0,,BRSSZ,BRZZZ,1,63.2,4.0,2.0
269379,Desembarcados,Carga Conteinerizada,Movimentação de Carga,Cabotagem,Vazio,40,42,42R0,,BRZZZ,BRSSZ,1,87.954,40.0,20.0
269379,Desembarcados,Carga Conteinerizada,Movimentação de Carga,Longo Curso,Cheio,40,42,42R0,,CNSHA,BRSSZ,1,296.48,32.0,16.0
269379,Desembarcados,Carga Conteinerizada,Movimentação de Carga,Longo Curso,Cheio,40,42,42R0,,KRPUS,BRSSZ,1,259.62,16.0,8.0
269379,Desembarcados,Carga Conteinerizada,Movimentação de Carga,Longo Curso,Cheio,20,22,22R0,,HKHKG,BRSSZ,1,25.39,2.0,2.0
269379,Embarcados,Carga Conteinerizada,Movimentação de Carga,Cabotagem,Vazio,40,42,42R0,,BRSSZ,BRZZZ,1,87.954,40.0,20.0
269379,Desembarcados,Carga Conteinerizada,Movimentação de Carga,Longo Curso,Cheio,20,29,29G9,,CNSHA,BRSSZ,1,44.34,2.0,2.0
269379,Desembarcados,Carga Conteinerizada,Movimentação de Carga,Longo Curso,Cheio,40,42,42G0,,KRPUS,BRSSZ,1,2123.373,406.0,203.0
269379,Desembarcados,Carga Conteinerizada,Movimentação de Carga,Longo Curso,Cheio,40,42,42R0,,HKHKG,BRSSZ,2,254.066,24.0,12.0
269379,Desembarcados,Carga Conteinerizada,Movimentação de Carga,Cabotagem,Cheio,20,29,29G9,,BRZZZ,BRSSZ,1,85.2,4.0,4.0
269379,Desembarcados,Carga Conteinerizada,Movimentação de Carga,Cabotagem,Cheio,20,22,22G0,,BRZZZ,BRSSZ,1,55.299,5.0,5.0
269379,Desembarcados,Carga Conteinerizada,Movimentação de Carga,Cabotagem,Cheio,40,42,42R0,,BRZZZ,BRSSZ,1,63.2,4.0,2.0
269379,Desembarcados,Carga Conteinerizada,Movimentação de Carga,Longo Curso,Cheio,20,29,29G9,,MYTPP,BRSSZ,1,322.303,12.0,12.0
269379,Desembarcados,Carga Conteinerizada,Movimentação de Carga,Longo Curso,Cheio,40,42,42G0,,ZADUR,BRSSZ,1,86.599,10.0,5.0
269379,Desembarcados,Carga Conteinerizada,Movimentação de Carga,Longo Curso,Cheio,40,42,42G0,,HKHKG,BRSSZ,1,1519.979,168.0,84.0
269379,Desembarcados,Carga Conteinerizada,Movimentação de Carga,Longo Curso,Cheio,40,49,49G9,,CNSHA,BRSSZ,1,18.995,2.0,1.0
269379,Desembarcados,Carga Conteinerizada,Movimentação de Carga,Longo Curso,Cheio,20,22,22G0,,JPNGO,BRSSZ,1,212.117,16.0,16.0
269379,Embarcados,Carga Conteinerizada,Movimentação de Carga,Cabotagem,Cheio,20,29,29G9,,BRSSZ,BRZZZ,1,85.2,4.0,4.0
269379,Desembarcados,Carga Conteinerizada,Movimentação de Carga,Longo Curso,Cheio,20,22,22G0,,HKHKG,BRSSZ,2,2465.1000000000004,120.0,120.0
269379,Embarcados,Carga Conteinerizada,Movimentação de Carga,Cabotagem,Cheio,40,42,42G0,,BRSSZ,BRZZZ,1,105.299,16.0,8.0
269379,Desembarcados,Carga Conteinerizada,Movimentação de Carga,Longo Curso,Cheio,40,42,42G0,,CNSHA,BRSSZ,3,983.195,146.0,73.0
