id_atracacao,sentido,sh4_conteudo,t_liquida_conteudo,n_linhas
269357,Desembarcados,2829,25.1,1
269357,Desembarcados,0710,22.65,1
269357,Desembarcados,1008,22.68,1
269357,Desembarcados,4810,1919.32,2
269357,Embarcados,0207,209.01,1
269357,Embarcados,0201,215.72,1
269357,Desembarcados,1207,26.0,1
269357,Embarcados,0206,24.86,1
269357,Desembarcados,7302,0.0,1
269357,Embarcados,0202,2137.2099999999996,8
269357,Desembarcados,2918,40.82,1
269357,Desembarcados,2909,15.6,1
269357,Desembarcados,3812,20.25,1
269365,Embarcados,3908,20.48,1
269365,Embarcados,2207,18.22,1
269365,Embarcados,1302,20.8,1
269365,Embarcados,3919,25.04,1
269365,Embarcados,2905,298.57,1
269365,Embarcados,8483,186.24,1
269365,Embarcados,2308,618.14,2
269365,Embarcados,0504,108.05,1
269365,Embarcados,2102,49.43,1
269365,Embarcados,5201,2345.73,1
269365,Embarcados,4703,1035.82,1
269365,Embarcados,3302,20.65,1
269365,Embarcados,7202,0.0,1
269365,Embarcados,4016,11.03,1
269365,Embarcados,3301,45.12,1
269365,Embarcados,0202,381.08,1
269365,Embarcados,0901,3554.52,3
269365,Embarcados,0206,373.09,1
269365,Embarcados,0207,512.88,1
269365,Embarcados,2101,171.55,2
269366,Embarcados,3302,41.29,1
269366,Embarcados,2102,49.43,1
269366,Embarcados,0202,222.52,2
269366,Embarcados,0901,907.46,3
269366,Embarcados,0511,124.11,1
269366,Embarcados,7202,235.65,1
269366,Embarcados,2308,1167.87,2
269366,Embarcados,0205,23.09,1
269366,Embarcados,5201,726.8,1
269366,Embarcados,0206,30.86,1
269366,Embarcados,3902,1701.5,1
269366,Embarcados,4802,220.05,1
269366,Embarcados,0504,26.4,1
269366,Embarcados,8483,42.97,1
269366,Embarcados,3912,4.96,1
269366,Embarcados,2009,0.02,1
269366,Embarcados,1201,145.72,1
269366,Embarcados,2101,12.56,1
269366,Embarcados,0207,122.78999999999999,2
269368,Desembarcados,2308,17.86,1
269368,Embarcados,5201,2377.1,1
269368,Embarcados,3402,6.66,1
269368,Embarcados,4802,204.22,1
269368,Embarcados,0713,25.65,1
269368,Embarcados,8477,16.85,1
269368,Embarcados,2009,243.08,4
269368,Embarcados,1302,187.2,1
269368,Desembarcados,1109,107.86,1
269368,Embarcados,2309,300.76,1
269368,Embarcados,CA01,1.0,1
269368,Embarcados,1515,9.27,1
269368,Embarcados,4810,919.02,1
269368,Embarcados,2905,40.07,1
269368,Embarcados,0202,516.2,2
269368,Embarcados,0901,1200.08,4
269368,Desembarcados,8712,4.94,1
269368,Embarcados,0207,269.29,2
269368,Embarcados,2102,194.03,2
269368,Embarcados,4005,77.17,1
269368,Desembarcados,8708,6.03,1
269368,Embarcados,3901,102.24,1
269368,Embarcados,3301,147.17,2
269368,Embarcados,0206,267.37,1
269368,Desembarcados,CA01,7.1,1
269368,Embarcados,0504,9.55,1
269368,Embarcados,0409,4.44,1
269368,Embarcados,2918,16.89,1
269368,Embarcados,3824,92.93,1
269368,Embarcados,3902,1376.58,3
269368,Embarcados,4008,20.53,1
269368,Embarcados,2101,206.44000000000003,3
269372,Embarcados,6901,70.22,3
269372,Embarcados,2801,9.25,1
269372,Embarcados,3801,94.43,2
269372,Embarcados,6801,730.37,1
269372,Embarcados,7001,281.84,1
269372,Embarcados,4801,1307.56,4
269372,Embarcados,0207,228.61,1
269372,Embarcados,1901,758.43,4
269372,Desembarcados,CA01,1088.9,2
269372,Embarcados,1704,16.49,1
269372,Embarcados,4401,19.42,1
269372,Embarcados,3919,25.98,1
269372,Embarcados,CA01,1088.9,2
269372,Embarcados,9999,2037.2,10
269372,Embarcados,4011,69.99,1
269372,Embarcados,9601,1661.77,2
269372,Desembarcados,9999,230.52,1
269372,Embarcados,8708,1.35,1
269372,Desembarcados,0207,25.67,1
269372,Embarcados,4901,25.23,1
269374,Desembarcados,3808,3.11,1
269374,Desembarcados,3919,953.03,2
269374,Desembarcados,5605,6.41,1
269374,Desembarcados,8452,24.9,1
269374,Desembarcados,3303,3.05,1
269374,Desembarcados,3923,1032.27,2
269374,Desembarcados,2817,66.24,1
269374,Desembarcados,2204,13.59,1
269374,Desembarcados,3506,32.2,2
269374,Desembarcados,9999,31.259999999999998,2
269374,Desembarcados,2914,308.32,2
269374,Desembarcados,8413,2.56,1
269374,Desembarcados,8473,44.41,1
269374,Desembarcados,3902,2089.05,1
269374,Desembarcados,3403,13.91,1
269374,Desembarcados,3924,1.2,1
269374,Desembarcados,3909,2.12,1
269374,Desembarcados,0910,14.72,1
269374,Desembarcados,3306,0.25,1
269374,Desembarcados,3906,596.4,1
269374,Desembarcados,3824,9.0,1
269374,Desembarcados,8454,20.53,1
269374,Desembarcados,2918,299.71000000000004,2
269374,Desembarcados,1209,2.72,1
269374,Desembarcados,3917,256.83,2
269374,Desembarcados,2916,159.36,1
269374,Desembarcados,3304,0.63,1
269374,Desembarcados,8443,1.89,1
269374,Desembarcados,2910,11.24,1
269374,Desembarcados,2933,2.45,2
269374,Desembarcados,1212,14.11,1
269374,Desembarcados,3901,25.1,1
269374,Desembarcados,2930,19.8,1
269374,Desembarcados,2708,17.3,1
269374,Desembarcados,2924,9.72,1
269374,Desembarcados,0908,13.26,1
269374,Desembarcados,8408,43.87,1
269374,Desembarcados,8415,0.42,1
269374,Desembarcados,4901,27.04,2
269374,Desembarcados,2530,20.3,1
269374,Desembarcados,8541,1.4,1
269374,Desembarcados,3208,1.85,1
269374,Desembarcados,9030,0.11,1
269374,Desembarcados,3926,40.32,2
269374,Desembarcados,3905,12.48,1
269374,Desembarcados,8456,20.31,1
269374,Desembarcados,2835,40.16,1
269374,Desembarcados,3204,6.29,1
269374,Desembarcados,8414,5.66,2
269374,Desembarcados,9503,0.56,1
269374,Desembarcados,4001,69.39,1
269374,Desembarcados,2932,30.38,3
269374,Desembarcados,8708,1.83,1
269374,Desembarcados,3910,285.33,1
269374,Desembarcados,7413,0.23,1
269374,Desembarcados,7318,1.93,1
269374,Desembarcados,3305,0.11,1
269374,Desembarcados,8471,2.28,1
269374,Desembarcados,3920,78.43,3
269374,Desembarcados,3922,2.33,1
269374,Desembarcados,8539,0.69,1
269374,Desembarcados,2710,10.38,2
269374,Desembarcados,8482,170.79000000000002,3
269374,Desembarcados,8518,0.43,1
269374,Desembarcados,3402,23.24,1
269374,Desembarcados,8543,6.82,1
269374,Desembarcados,8516,1.4,1
269374,Desembarcados,8536,7.31,1
269374,Desembarcados,3921,27.13,1
269374,Desembarcados,8431,24.91,1
269374,Desembarcados,8481,8.16,2
269375,Embarcados,0406,0.0,1
269375,Embarcados,CA01,6.7,1
269375,Embarcados,0504,3.53,1
269375,Embarcados,2308,2673.81,1
269375,Embarcados,0901,26.37,1
269375,Embarcados,0208,309.82000000000005,3
269375,Embarcados,7318,5.61,1
269375,Embarcados,8482,108.05000000000001,2
269375,Embarcados,2302,226.16,1
269375,Embarcados,6907,26.49,1
269375,Embarcados,2101,1806.93,2
269375,Desembarcados,CA01,6.7,1
269375,Embarcados,1701,1842.68,1
269375,Embarcados,1704,22.81,1
269376,Desembarcados,8462,2.33,1
269376,Desembarcados,8415,2.0,1
269376,Desembarcados,8535,5.73,1
269376,Desembarcados,3214,19.22,2
269376,Desembarcados,8504,54.05,1
269376,Desembarcados,2924,7.26,1
269376,Desembarcados,3901,14.22,1
269376,Desembarcados,3811,13.79,1
269376,Desembarcados,5402,24.5,1
269376,Desembarcados,4002,84.24,1
269376,Desembarcados,8516,1.46,1
269376,Desembarcados,8803,1.5,1
269376,Desembarcados,2835,40.16,1
269376,Desembarcados,8538,0.07,1
269376,Desembarcados,8473,4.66,1
269376,Desembarcados,3701,4.68,1
269376,Desembarcados,8532,8.62,2
269376,Desembarcados,6110,15.68,1
269376,Desembarcados,3923,0.28,1
269376,Desembarcados,8518,1.75,1
269376,Desembarcados,2818,20.9,1
269376,Desembarcados,8541,2.3,1
269376,Desembarcados,2909,17.66,1
269376,Desembarcados,8409,26.09,2
269376,Desembarcados,8483,0.38,1
269376,Desembarcados,4901,14.85,1
269376,Desembarcados,3204,3.25,1
269376,Desembarcados,8529,3.01,1
269376,Desembarcados,CA01,3.66,1
269376,Desembarcados,7009,0.44,1
269376,Desembarcados,3909,22.2,1
269376,Desembarcados,8536,2.25,1
269376,Desembarcados,2206,19.12,1
269376,Desembarcados,3921,0.58,1
269376,Desembarcados,8511,1.07,1
269376,Desembarcados,8477,0.0,1
269376,Desembarcados,2930,183.94,1
269376,Desembarcados,3919,5.21,2
269376,Desembarcados,2926,1.5,1
269376,Desembarcados,8413,0.36,1
269376,Desembarcados,3506,21.04,2
269376,Desembarcados,2617,112.92,1
269376,Desembarcados,8421,63.02,2
269376,Desembarcados,3906,3445.51,3
269376,Desembarcados,8418,1.16,1
269376,Desembarcados,2915,1.2,1
269376,Desembarcados,8443,0.28,1
269376,Desembarcados,3920,72.96000000000001,2
269376,Desembarcados,6405,0.43,1
269376,Desembarcados,8414,8.55,1
269376,Desembarcados,3917,81.89,2
269376,Desembarcados,8480,13.2,1
269376,Desembarcados,8481,65.00999999999999,2
269376,Desembarcados,2904,25.99,1
269376,Desembarcados,2925,12.53,1
269376,Desembarcados,2936,0.45,1
269376,Desembarcados,5804,2.18,1
269376,Desembarcados,7002,2.64,1
269376,Desembarcados,4202,1.81,1
269376,Desembarcados,7410,0.52,1
269376,Desembarcados,8544,0.32,1
269376,Desembarcados,8431,3.61,1
269376,Desembarcados,8482,149.24,3
269376,Desembarcados,9011,1.32,1
269376,Desembarcados,8539,1.19,1
269376,Desembarcados,8471,0.92,1
269376,Desembarcados,3215,2.18,1
269376,Desembarcados,8543,1.83,2
269376,Desembarcados,7214,2.76,1
269376,Desembarcados,7318,2.59,1
269376,Desembarcados,3926,3.09,1
269376,Desembarcados,6802,2.38,1
269376,Desembarcados,8708,2.85,1
269376,Desembarcados,8202,24.58,1
269376,Desembarcados,7117,1.6,1
269376,Desembarcados,8302,1.6,1
269376,Desembarcados,3924,1.25,1
269376,Desembarcados,0712,97.29,2
269376,Desembarcados,5503,365.4,1
269376,Desembarcados,2916,167.85,1
269376,Desembarcados,2850,505.0,1
269376,Desembarcados,8513,0.04,1
269376,Desembarcados,2932,5.32,1
269376,Desembarcados,8456,2.08,1
269377,Embarcados,0207,27.04,1
269377,Desembarcados,CA01,157.2,1
269377,Embarcados,5205,232.53,1
269377,Embarcados,1302,10.4,1
269377,Embarcados,1905,9.29,1
269377,Embarcados,1701,2075.37,1
269377,Embarcados,2922,285.88,1
269377,Embarcados,5201,24.82,1
269377,Embarcados,9999,3.59,1
269377,Embarcados,2101,1991.7899999999997,4
269377,Embarcados,0901,364.90999999999997,2
269377,Embarcados,0206,28.23,1
269377,Embarcados,CA01,157.2,1
269377,Embarcados,0208,164.08,2
269377,Embarcados,2009,157.85000000000002,2
269377,Embarcados,4805,75.36,1
269377,Embarcados,8471,0.99,1
269377,Embarcados,8482,100.0,1
269379,Desembarcados,7307,66.96,1
269379,Desembarcados,5509,25.63,1
269379,Desembarcados,6201,3.24,1
269379,Desembarcados,6006,22.58,1
269379,Desembarcados,6406,10.73,1
269379,Desembarcados,3824,200.16,1
269379,Desembarcados,2009,18.26,1
269379,Desembarcados,4015,2461.3,4
269379,Desembarcados,3204,221.73,3
269379,Desembarcados,2818,21.26,1
269379,Desembarcados,2936,7.42,1
269379,Desembarcados,7806,173.95,1
269379,Desembarcados,3923,21.509999999999998,2
269379,Desembarcados,2920,568.6,2
269379,Desembarcados,3921,16.81,2
269379,Desembarcados,3920,115.99,2
269379,Desembarcados,6111,6.0,1
269379,Desembarcados,9401,171.25,1
269379,Desembarcados,2916,15.28,1
269379,Desembarcados,8467,5.95,1
269379,Desembarcados,8205,40.95,1
269379,Desembarcados,5601,86.81,2
269379,Desembarcados,3919,367.19,7
269379,Desembarcados,2921,14.64,1
269379,Desembarcados,8544,1.57,1
269379,Desembarcados,3822,22.84,1
269379,Desembarcados,5301,442.99,2
269379,Desembarcados,2922,84.11999999999999,2
269379,Desembarcados,7019,7.39,1
269379,Desembarcados,8462,17.1,1
269379,Desembarcados,8481,3.71,1
269379,Desembarcados,6102,9.58,1
269379,Desembarcados,2712,43.56,1
269379,Desembarcados,8301,95.79,2
269379,Desembarcados,8501,162.37,6
269379,Desembarcados,0703,89.34,1
269379,Desembarcados,8701,4.84,1
269379,Desembarcados,CA01,246.3,4
269379,Desembarcados,0602,15.36,1
269379,Desembarcados,4202,38.78,3
269379,Desembarcados,5407,72.9,2
269379,Desembarcados,7205,48.92,1
269379,Desembarcados,3911,105.72,2
269379,Desembarcados,9999,11.600000000000001,2
269379,Desembarcados,3212,17.93,1
269379,Desembarcados,8401,259.26,5
269379,Desembarcados,9505,23.43,1
269379,Desembarcados,7201,20.07,1
269379,Desembarcados,5402,802.87,4
269379,Desembarcados,1511,294.7,1
269379,Desembarcados,4011,129.41,3
269379,Desembarcados,5603,14.94,1
269379,Desembarcados,2616,540.97,1
269379,Desembarcados,3801,373.25,3
269379,Desembarcados,6307,7.6,1
269379,Desembarcados,6101,60.160000000000004,2
269379,Desembarcados,8534,0.1,1
269379,Desembarcados,3406,6.23,1
269379,Desembarcados,7229,35.6,1
269379,Desembarcados,7323,334.21,1
269379,Desembarcados,0603,4.19,1
269379,Desembarcados,9601,24.47,3
269379,Desembarcados,6401,13.02,1
269379,Desembarcados,6801,26.66,1
269379,Desembarcados,3210,9.54,1
269379,Desembarcados,5701,2.37,1
269379,Desembarcados,0305,136.68,1
269379,Desembarcados,8483,14.29,1
269379,Desembarcados,5703,16.96,1
269379,Desembarcados,8450,56.989999999999995,2
269379,Desembarcados,3901,78.38,2
269379,Desembarcados,8457,30.799999999999997,2
269379,Desembarcados,6301,8.59,1
269379,Desembarcados,4801,430.65000000000003,3
269379,Desembarcados,8482,27.9,2
269379,Desembarcados,7326,65.6,1
269379,Desembarcados,8509,0.2,1
269379,Desembarcados,8471,1.54,1
269379,Desembarcados,8214,31.84,2
269379,Desembarcados,3802,36.36,1
269379,Desembarcados,6116,12.97,1
269379,Desembarcados,9018,0.72,1
269379,Desembarcados,8511,0.97,1
269379,Desembarcados,2708,1254.84,1
269379,Desembarcados,8503,5.66,2
269379,Desembarcados,8535,0.65,1
269379,Desembarcados,8458,16.05,1
269379,Desembarcados,8539,43.55,2
269379,Desembarcados,8302,15.91,1
269379,Desembarcados,2905,136.59,1
269379,Desembarcados,8418,19.11,1
269379,Desembarcados,4016,0.1,1
269379,Desembarcados,7801,99.75,1
269379,Desembarcados,6901,1675.49,1
269379,Desembarcados,2935,19.4,1
269379,Desembarcados,6001,105.18,4
269379,Desembarcados,5501,90.72,1
269379,Desembarcados,6601,80.92,1
269379,Desembarcados,8424,40.19,1
269379,Embarcados,CA01,246.3,4
269379,Desembarcados,9501,19.24,1
269379,Desembarcados,4901,14.99,1
269379,Desembarcados,3917,1217.65,3
269379,Desembarcados,8201,17.78,1
269379,Desembarcados,1601,16.3,1
269379,Desembarcados,3926,18.91,3
269379,Desembarcados,9032,0.83,1
269379,Desembarcados,0802,18.48,1
269379,Desembarcados,0712,22.47,1
269379,Desembarcados,8708,577.32,1
269380,Embarcados,3911,20.4,1
269380,Embarcados,9999,1954.42,9
269380,Embarcados,1202,85.4,1
269380,Embarcados,6801,1450.2,3
269380,Embarcados,1704,55.54,2
269380,Embarcados,4011,126.83,1
269380,Embarcados,4801,53.23,3
269380,Embarcados,3901,624.29,1
269380,Embarcados,3920,28.94,1
269380,Embarcados,0901,389.01,4
269380,Embarcados,3303,131.21,3
269380,Embarcados,6901,232.65,1
269380,Embarcados,4401,19.94,1
269380,Embarcados,2701,23.84,1
269380,Embarcados,0207,108.31,2
269380,Embarcados,3801,171.92000000000002,2
269380,Embarcados,0203,27.48,1
269380,Embarcados,1901,4343.58,6
269380,Embarcados,0201,86.29,1
269381,Embarcados,7411,37.61,2
269381,Embarcados,3806,20.98,1
269381,Embarcados,3306,15.45,1
269381,Embarcados,CA01,2003.9,3
269381,Embarcados,4016,4.33,1
269381,Embarcados,6405,2.35,1
269381,Embarcados,3926,1.92,1
269381,Embarcados,1701,1954.48,1
269381,Embarcados,7204,91.92,1
269381,Embarcados,3901,1152.92,1
269381,Embarcados,4104,775.75,2
269381,Embarcados,7605,94.94,1
269381,Embarcados,2818,104.01,2
269381,Embarcados,4011,14.57,1
269381,Embarcados,2903,3.01,1
269381,Embarcados,5903,10.62,1
269381,Embarcados,2811,13.24,1
269381,Embarcados,3301,61.44,1
269381,Desembarcados,2905,20.14,2
269381,Embarcados,0901,910.74,3
269381,Embarcados,0202,396.46000000000004,2
269381,Embarcados,4802,20.46,1
269381,Embarcados,3919,4.86,1
269381,Embarcados,2914,17.46,1
269381,Embarcados,9406,16.36,1
269381,Embarcados,3909,113.45,1
269381,Embarcados,2402,0.52,1
269381,Embarcados,9999,719.3000000000001,3
269381,Embarcados,0805,52.45,1
269381,Embarcados,8483,5.55,1
269381,Embarcados,4818,307.6,1
269381,Embarcados,0504,26.43,1
269381,Embarcados,0201,206.64000000000001,2
269381,Embarcados,3911,84.74,1
269381,Embarcados,8414,70.33,2
269381,Embarcados,1602,77.5,2
269381,Embarcados,7005,48.31,1
269381,Embarcados,2905,139.61,6
269381,Embarcados,1508,239.8,1
269381,Desembarcados,CA01,2003.9,3
269381,Embarcados,2712,13.31,1
269381,Embarcados,6402,5.71,1
269381,Embarcados,2101,68.52,1
269382,Embarcados,4104,92.76,1
269382,Embarcados,4102,15.69,1
269382,Embarcados,0202,131.17,1
269382,Embarcados,4802,143.05,1
269382,Embarcados,2918,20.68,1
269382,Embarcados,9999,402.92,4
269382,Embarcados,0504,78.83,1
269382,Embarcados,7502,52.66,1
269382,Embarcados,4107,115.16000000000001,2
269382,Embarcados,0207,27.02,1
269383,Embarcados,8431,0.0,1
269383,Desembarcados,4008,14.26,1
269383,Embarcados,0713,18.54,1
269383,Embarcados,4009,15.58,1
269383,Embarcados,2914,92.0,1
269383,Embarcados,9999,14.42,1
269383,Embarcados,3306,119.47,2
269383,Embarcados,3503,237.67000000000002,2
269383,Embarcados,2102,25.02,1
269383,Embarcados,2009,453.31,2
269383,Embarcados,2905,72.05,2
269383,Embarcados,1704,39.83,2
269383,Embarcados,2207,47.69,2
269383,Embarcados,2309,42.75,2
269383,Embarcados,0902,18.74,1
269383,Embarcados,1602,472.41999999999996,8
269383,Embarcados,3921,4.41,1
269383,Embarcados,3301,508.03,4
269383,Embarcados,1302,1.55,1
269383,Embarcados,3926,16.27,2
269383,Embarcados,3208,14.63,1
269383,Embarcados,3304,14.85,1
269383,Embarcados,3003,5.14,1
269383,Embarcados,3401,24.09,1
269383,Embarcados,0210,125.27000000000001,2
269383,Embarcados,3917,1.94,1
269383,Embarcados,3402,20.18,1
