quarter_ending_date,year,quarter,port,destination,rate,year_quarter,dataset,dataset_nome
2005-01-31T00:00:00.000,2005,1,Paranagua,Germany (Hamburg),44.64,2005Q1,j6ns-hzra,Quarterly Ocean Freight Rates for Shipping Soybeans from Selected Brazilian Ports to Germany and China
2005-04-30T00:00:00.000,2005,2,Paranagua,Germany (Hamburg),44.84,2005Q2,j6ns-hzra,Quarterly Ocean Freight Rates for Shipping Soybeans from Selected Brazilian Ports to Germany and China
2005-07-31T00:00:00.000,2005,3,Paranagua,Germany (Hamburg),43.54,2005Q3,j6ns-hzra,Quarterly Ocean Freight Rates for Shipping Soybeans from Selected Brazilian Ports to Germany and China
2005-10-31T00:00:00.000,2005,4,Paranagua,Germany (Hamburg),55.73,2005Q4,j6ns-hzra,Quarterly Ocean Freight Rates for Shipping Soybeans from Selected Brazilian Ports to Germany and China
2005-01-31T00:00:00.000,2005,1,Rio Grande,Germany (Hamburg),44.2,2005Q1,j6ns-hzra,Quarterly Ocean Freight Rates for Shipping Soybeans from Selected Brazilian Ports to Germany and China
2005-04-30T00:00:00.000,2005,2,Rio Grande,Germany (Hamburg),44.39,2005Q2,j6ns-hzra,Quarterly Ocean Freight Rates for Shipping Soybeans from Selected Brazilian Ports to Germany and China
2005-07-31T00:00:00.000,2005,3,Rio Grande,Germany (Hamburg),43.04,2005Q3,j6ns-hzra,Quarterly Ocean Freight Rates for Shipping Soybeans from Selected Brazilian Ports to Germany and China
2005-10-31T00:00:00.000,2005,4,Rio Grande,Germany (Hamburg),55.23,2005Q4,j6ns-hzra,Quarterly Ocean Freight Rates for Shipping Soybeans from Selected Brazilian Ports to Germany and China
2005-01-31T00:00:00.000,2005,1,Santos,Germany (Hamburg),45.53,2005Q1,j6ns-hzra,Quarterly Ocean Freight Rates for Shipping Soybeans from Selected Brazilian Ports to Germany and China
2005-04-30T00:00:00.000,2005,2,Santos,Germany (Hamburg),45.84,2005Q2,j6ns-hzra,Quarterly Ocean Freight Rates for Shipping Soybeans from Selected Brazilian Ports to Germany and China
2005-07-31T00:00:00.000,2005,3,Santos,Germany (Hamburg),44.54,2005Q3,j6ns-hzra,Quarterly Ocean Freight Rates for Shipping Soybeans from Selected Brazilian Ports to Germany and China
2005-10-31T00:00:00.000,2005,4,Santos,Germany (Hamburg),56.73,2005Q4,j6ns-hzra,Quarterly Ocean Freight Rates for Shipping Soybeans from Selected Brazilian Ports to Germany and China
2006-01-31T00:00:00.000,2006,1,Paranagua,China (Shanghai),49.13,2006Q1,j6ns-hzra,Quarterly Ocean Freight Rates for Shipping Soybeans from Selected Brazilian Ports to Germany and China
2006-04-30T00:00:00.000,2006,2,Paranagua,China (Shanghai),43.8,2006Q2,j6ns-hzra,Quarterly Ocean Freight Rates for Shipping Soybeans from Selected Brazilian Ports to Germany and China
2006-07-31T00:00:00.000,2006,3,Paranagua,China (Shanghai),59.98,2006Q3,j6ns-hzra,Quarterly Ocean Freight Rates for Shipping Soybeans from Selected Brazilian Ports to Germany and China
2006-10-31T00:00:00.000,2006,4,Paranagua,China (Shanghai),72.32,2006Q4,j6ns-hzra,Quarterly Ocean Freight Rates for Shipping Soybeans from Selected Brazilian Ports to Germany and China
2006-01-31T00:00:00.000,2006,1,Paranagua,Germany (Hamburg),38.51,2006Q1,j6ns-hzra,Quarterly Ocean Freight Rates for Shipping Soybeans from Selected Brazilian Ports to Germany and China
2006-04-30T00:00:00.000,2006,2,Paranagua,Germany (Hamburg),35.91,2006Q2,j6ns-hzra,Quarterly Ocean Freight Rates for Shipping Soybeans from Selected Brazilian Ports to Germany and China
2006-07-31T00:00:00.000,2006,3,Paranagua,Germany (Hamburg),49.24,2006Q3,j6ns-hzra,Quarterly Ocean Freight Rates for Shipping Soybeans from Selected Brazilian Ports to Germany and China
2006-10-31T00:00:00.000,2006,4,Paranagua,Germany (Hamburg),59.4,2006Q4,j6ns-hzra,Quarterly Ocean Freight Rates for Shipping Soybeans from Selected Brazilian Ports to Germany and China
2006-01-31T00:00:00.000,2006,1,Rio Grande,China (Shanghai),48.63,2006Q1,j6ns-hzra,Quarterly Ocean Freight Rates for Shipping Soybeans from Selected Brazilian Ports to Germany and China
2006-04-30T00:00:00.000,2006,2,Rio Grande,China (Shanghai),43.3,2006Q2,j6ns-hzra,Quarterly Ocean Freight Rates for Shipping Soybeans from Selected Brazilian Ports to Germany and China
2006-07-31T00:00:00.000,2006,3,Rio Grande,China (Shanghai),59.48,2006Q3,j6ns-hzra,Quarterly Ocean Freight Rates for Shipping Soybeans from Selected Brazilian Ports to Germany and China
2006-10-31T00:00:00.000,2006,4,Rio Grande,China (Shanghai),71.82,2006Q4,j6ns-hzra,Quarterly Ocean Freight Rates for Shipping Soybeans from Selected Brazilian Ports to Germany and China
2006-01-31T00:00:00.000,2006,1,Rio Grande,Germany (Hamburg),37.06,2006Q1,j6ns-hzra,Quarterly Ocean Freight Rates for Shipping Soybeans from Selected Brazilian Ports to Germany and China
2006-04-30T00:00:00.000,2006,2,Rio Grande,Germany (Hamburg),35.41,2006Q2,j6ns-hzra,Quarterly Ocean Freight Rates for Shipping Soybeans from Selected Brazilian Ports to Germany and China
2006-07-31T00:00:00.000,2006,3,Rio Grande,Germany (Hamburg),48.74,2006Q3,j6ns-hzra,Quarterly Ocean Freight Rates for Shipping Soybeans from Selected Brazilian Ports to Germany and China
2006-10-31T00:00:00.000,2006,4,Rio Grande,Germany (Hamburg),58.9,2006Q4,j6ns-hzra,Quarterly Ocean Freight Rates for Shipping Soybeans from Selected Brazilian Ports to Germany and China
2006-01-31T00:00:00.000,2006,1,Santos,China (Shanghai),50.13,2006Q1,j6ns-hzra,Quarterly Ocean Freight Rates for Shipping Soybeans from Selected Brazilian Ports to Germany and China
2006-04-30T00:00:00.000,2006,2,Santos,China (Shanghai),44.8,2006Q2,j6ns-hzra,Quarterly Ocean Freight Rates for Shipping Soybeans from Selected Brazilian Ports to Germany and China
2006-07-31T00:00:00.000,2006,3,Santos,China (Shanghai),60.98,2006Q3,j6ns-hzra,Quarterly Ocean Freight Rates for Shipping Soybeans from Selected Brazilian Ports to Germany and China
2006-10-31T00:00:00.000,2006,4,Santos,China (Shanghai),73.32,2006Q4,j6ns-hzra,Quarterly Ocean Freight Rates for Shipping Soybeans from Selected Brazilian Ports to Germany and China
2006-01-31T00:00:00.000,2006,1,Santos,Germany (Hamburg),39.51,2006Q1,j6ns-hzra,Quarterly Ocean Freight Rates for Shipping Soybeans from Selected Brazilian Ports to Germany and China
2006-04-30T00:00:00.000,2006,2,Santos,Germany (Hamburg),36.91,2006Q2,j6ns-hzra,Quarterly Ocean Freight Rates for Shipping Soybeans from Selected Brazilian Ports to Germany and China
2006-07-31T00:00:00.000,2006,3,Santos,Germany (Hamburg),50.24,2006Q3,j6ns-hzra,Quarterly Ocean Freight Rates for Shipping Soybeans from Selected Brazilian Ports to Germany and China
2006-10-31T00:00:00.000,2006,4,Santos,Germany (Hamburg),60.4,2006Q4,j6ns-hzra,Quarterly Ocean Freight Rates for Shipping Soybeans from Selected Brazilian Ports to Germany and China
2007-01-31T00:00:00.000,2007,1,Paranagua,China (Shanghai),72.32,2007Q1,j6ns-hzra,Quarterly Ocean Freight Rates for Shipping Soybeans from Selected Brazilian Ports to Germany and China
2007-04-30T00:00:00.000,2007,2,Paranagua,China (Shanghai),110.2,2007Q2,j6ns-hzra,Quarterly Ocean Freight Rates for Shipping Soybeans from Selected Brazilian Ports to Germany and China
2007-07-31T00:00:00.000,2007,3,Paranagua,China (Shanghai),65.5,2007Q3,j6ns-hzra,Quarterly Ocean Freight Rates for Shipping Soybeans from Selected Brazilian Ports to Germany and China
2007-10-31T00:00:00.000,2007,4,Paranagua,China (Shanghai),75.22,2007Q4,j6ns-hzra,Quarterly Ocean Freight Rates for Shipping Soybeans from Selected Brazilian Ports to Germany and China
2007-01-31T00:00:00.000,2007,1,Paranagua,Germany (Hamburg),59.4,2007Q1,j6ns-hzra,Quarterly Ocean Freight Rates for Shipping Soybeans from Selected Brazilian Ports to Germany and China
2007-04-30T00:00:00.000,2007,2,Paranagua,Germany (Hamburg),90.61,2007Q2,j6ns-hzra,Quarterly Ocean Freight Rates for Shipping Soybeans from Selected Brazilian Ports to Germany and China
2007-07-31T00:00:00.000,2007,3,Paranagua,Germany (Hamburg),53.12,2007Q3,j6ns-hzra,Quarterly Ocean Freight Rates for Shipping Soybeans from Selected Brazilian Ports to Germany and China
2007-10-31T00:00:00.000,2007,4,Paranagua,Germany (Hamburg),81.08,2007Q4,j6ns-hzra,Quarterly Ocean Freight Rates for Shipping Soybeans from Selected Brazilian Ports to Germany and China
2007-01-31T00:00:00.000,2007,1,Rio Grande,China (Shanghai),71.82,2007Q1,j6ns-hzra,Quarterly Ocean Freight Rates for Shipping Soybeans from Selected Brazilian Ports to Germany and China
2007-04-30T00:00:00.000,2007,2,Rio Grande,China (Shanghai),109.7,2007Q2,j6ns-hzra,Quarterly Ocean Freight Rates for Shipping Soybeans from Selected Brazilian Ports to Germany and China
2007-07-31T00:00:00.000,2007,3,Rio Grande,China (Shanghai),70.5,2007Q3,j6ns-hzra,Quarterly Ocean Freight Rates for Shipping Soybeans from Selected Brazilian Ports to Germany and China
2007-10-31T00:00:00.000,2007,4,Rio Grande,China (Shanghai),74.2,2007Q4,j6ns-hzra,Quarterly Ocean Freight Rates for Shipping Soybeans from Selected Brazilian Ports to Germany and China
2007-01-31T00:00:00.000,2007,1,Rio Grande,Germany (Hamburg),58.9,2007Q1,j6ns-hzra,Quarterly Ocean Freight Rates for Shipping Soybeans from Selected Brazilian Ports to Germany and China
2007-04-30T00:00:00.000,2007,2,Rio Grande,Germany (Hamburg),90.11,2007Q2,j6ns-hzra,Quarterly Ocean Freight Rates for Shipping Soybeans from Selected Brazilian Ports to Germany and China
2007-07-31T00:00:00.000,2007,3,Rio Grande,Germany (Hamburg),57.85,2007Q3,j6ns-hzra,Quarterly Ocean Freight Rates for Shipping Soybeans from Selected Brazilian Ports to Germany and China
2007-10-31T00:00:00.000,2007,4,Rio Grande,Germany (Hamburg),80.06,2007Q4,j6ns-hzra,Quarterly Ocean Freight Rates for Shipping Soybeans from Selected Brazilian Ports to Germany and China
2007-01-31T00:00:00.000,2007,1,Santos,China (Shanghai),73.32,2007Q1,j6ns-hzra,Quarterly Ocean Freight Rates for Shipping Soybeans from Selected Brazilian Ports to Germany and China
2007-04-30T00:00:00.000,2007,2,Santos,China (Shanghai),111.2,2007Q2,j6ns-hzra,Quarterly Ocean Freight Rates for Shipping Soybeans from Selected Brazilian Ports to Germany and China
2007-07-31T00:00:00.000,2007,3,Santos,China (Shanghai),72,2007Q3,j6ns-hzra,Quarterly Ocean Freight Rates for Shipping Soybeans from Selected Brazilian Ports to Germany and China
2007-10-31T00:00:00.000,2007,4,Santos,China (Shanghai),74.81,2007Q4,j6ns-hzra,Quarterly Ocean Freight Rates for Shipping Soybeans from Selected Brazilian Ports to Germany and China
2007-01-31T00:00:00.000,2007,1,Santos,Germany (Hamburg),60.4,2007Q1,j6ns-hzra,Quarterly Ocean Freight Rates for Shipping Soybeans from Selected Brazilian Ports to Germany and China
2007-04-30T00:00:00.000,2007,2,Santos,Germany (Hamburg),91.61,2007Q2,j6ns-hzra,Quarterly Ocean Freight Rates for Shipping Soybeans from Selected Brazilian Ports to Germany and China
2007-07-31T00:00:00.000,2007,3,Santos,Germany (Hamburg),59.35,2007Q3,j6ns-hzra,Quarterly Ocean Freight Rates for Shipping Soybeans from Selected Brazilian Ports to Germany and China
2007-10-31T00:00:00.000,2007,4,Santos,Germany (Hamburg),80.67,2007Q4,j6ns-hzra,Quarterly Ocean Freight Rates for Shipping Soybeans from Selected Brazilian Ports to Germany and China
2008-01-31T00:00:00.000,2008,1,Paranagua,China (Shanghai),66.53,2008Q1,j6ns-hzra,Quarterly Ocean Freight Rates for Shipping Soybeans from Selected Brazilian Ports to Germany and China
2008-04-30T00:00:00.000,2008,2,Paranagua,China (Shanghai),80.79,2008Q2,j6ns-hzra,Quarterly Ocean Freight Rates for Shipping Soybeans from Selected Brazilian Ports to Germany and China
2008-07-31T00:00:00.000,2008,3,Paranagua,China (Shanghai),74.03,2008Q3,j6ns-hzra,Quarterly Ocean Freight Rates for Shipping Soybeans from Selected Brazilian Ports to Germany and China
2008-10-31T00:00:00.000,2008,4,Paranagua,China (Shanghai),65.3,2008Q4,j6ns-hzra,Quarterly Ocean Freight Rates for Shipping Soybeans from Selected Brazilian Ports to Germany and China
2008-01-31T00:00:00.000,2008,1,Paranagua,Germany (Hamburg),58.9,2008Q1,j6ns-hzra,Quarterly Ocean Freight Rates for Shipping Soybeans from Selected Brazilian Ports to Germany and China
2008-04-30T00:00:00.000,2008,2,Paranagua,Germany (Hamburg),72.68,2008Q2,j6ns-hzra,Quarterly Ocean Freight Rates for Shipping Soybeans from Selected Brazilian Ports to Germany and China
2008-07-31T00:00:00.000,2008,3,Paranagua,Germany (Hamburg),50.2,2008Q3,j6ns-hzra,Quarterly Ocean Freight Rates for Shipping Soybeans from Selected Brazilian Ports to Germany and China
2008-10-31T00:00:00.000,2008,4,Paranagua,Germany (Hamburg),33.48,2008Q4,j6ns-hzra,Quarterly Ocean Freight Rates for Shipping Soybeans from Selected Brazilian Ports to Germany and China
2008-01-31T00:00:00.000,2008,1,Rio Grande,China (Shanghai),67.01,2008Q1,j6ns-hzra,Quarterly Ocean Freight Rates for Shipping Soybeans from Selected Brazilian Ports to Germany and China
2008-04-30T00:00:00.000,2008,2,Rio Grande,China (Shanghai),81.27,2008Q2,j6ns-hzra,Quarterly Ocean Freight Rates for Shipping Soybeans from Selected Brazilian Ports to Germany and China
2008-07-31T00:00:00.000,2008,3,Rio Grande,China (Shanghai),74.23,2008Q3,j6ns-hzra,Quarterly Ocean Freight Rates for Shipping Soybeans from Selected Brazilian Ports to Germany and China
2008-10-31T00:00:00.000,2008,4,Rio Grande,China (Shanghai),65.8,2008Q4,j6ns-hzra,Quarterly Ocean Freight Rates for Shipping Soybeans from Selected Brazilian Ports to Germany and China
2008-01-31T00:00:00.000,2008,1,Rio Grande,Germany (Hamburg),59.36,2008Q1,j6ns-hzra,Quarterly Ocean Freight Rates for Shipping Soybeans from Selected Brazilian Ports to Germany and China
2008-04-30T00:00:00.000,2008,2,Rio Grande,Germany (Hamburg),73.18,2008Q2,j6ns-hzra,Quarterly Ocean Freight Rates for Shipping Soybeans from Selected Brazilian Ports to Germany and China
2008-07-31T00:00:00.000,2008,3,Rio Grande,Germany (Hamburg),50.7,2008Q3,j6ns-hzra,Quarterly Ocean Freight Rates for Shipping Soybeans from Selected Brazilian Ports to Germany and China
2008-10-31T00:00:00.000,2008,4,Rio Grande,Germany (Hamburg),33.98,2008Q4,j6ns-hzra,Quarterly Ocean Freight Rates for Shipping Soybeans from Selected Brazilian Ports to Germany and China
2008-01-31T00:00:00.000,2008,1,Santos,China (Shanghai),64.81,2008Q1,j6ns-hzra,Quarterly Ocean Freight Rates for Shipping Soybeans from Selected Brazilian Ports to Germany and China
2008-04-30T00:00:00.000,2008,2,Santos,China (Shanghai),80.27,2008Q2,j6ns-hzra,Quarterly Ocean Freight Rates for Shipping Soybeans from Selected Brazilian Ports to Germany and China
2008-07-31T00:00:00.000,2008,3,Santos,China (Shanghai),72.43,2008Q3,j6ns-hzra,Quarterly Ocean Freight Rates for Shipping Soybeans from Selected Brazilian Ports to Germany and China
2008-10-31T00:00:00.000,2008,4,Santos,China (Shanghai),64,2008Q4,j6ns-hzra,Quarterly Ocean Freight Rates for Shipping Soybeans from Selected Brazilian Ports to Germany and China
2008-01-31T00:00:00.000,2008,1,Santos,Germany (Hamburg),57.38,2008Q1,j6ns-hzra,Quarterly Ocean Freight Rates for Shipping Soybeans from Selected Brazilian Ports to Germany and China
2008-04-30T00:00:00.000,2008,2,Santos,Germany (Hamburg),71.08,2008Q2,j6ns-hzra,Quarterly Ocean Freight Rates for Shipping Soybeans from Selected Brazilian Ports to Germany and China
2008-07-31T00:00:00.000,2008,3,Santos,Germany (Hamburg),48.8,2008Q3,j6ns-hzra,Quarterly Ocean Freight Rates for Shipping Soybeans from Selected Brazilian Ports to Germany and China
2008-10-31T00:00:00.000,2008,4,Santos,Germany (Hamburg),32.18,2008Q4,j6ns-hzra,Quarterly Ocean Freight Rates for Shipping Soybeans from Selected Brazilian Ports to Germany and China
2009-01-31T00:00:00.000,2009,1,Paranagua,China (Shanghai),65.7,2009Q1,j6ns-hzra,Quarterly Ocean Freight Rates for Shipping Soybeans from Selected Brazilian Ports to Germany and China
2009-04-30T00:00:00.000,2009,2,Paranagua,China (Shanghai),67.3,2009Q2,j6ns-hzra,Quarterly Ocean Freight Rates for Shipping Soybeans from Selected Brazilian Ports to Germany and China
2009-07-31T00:00:00.000,2009,3,Paranagua,China (Shanghai),48.78,2009Q3,j6ns-hzra,Quarterly Ocean Freight Rates for Shipping Soybeans from Selected Brazilian Ports to Germany and China
2009-10-31T00:00:00.000,2009,4,Paranagua,China (Shanghai),54.23,2009Q4,j6ns-hzra,Quarterly Ocean Freight Rates for Shipping Soybeans from Selected Brazilian Ports to Germany and China
2009-01-31T00:00:00.000,2009,1,Paranagua,Germany (Hamburg),35.5,2009Q1,j6ns-hzra,Quarterly Ocean Freight Rates for Shipping Soybeans from Selected Brazilian Ports to Germany and China
2009-04-30T00:00:00.000,2009,2,Paranagua,Germany (Hamburg),35.79,2009Q2,j6ns-hzra,Quarterly Ocean Freight Rates for Shipping Soybeans from Selected Brazilian Ports to Germany and China
2009-07-31T00:00:00.000,2009,3,Paranagua,Germany (Hamburg),31.55,2009Q3,j6ns-hzra,Quarterly Ocean Freight Rates for Shipping Soybeans from Selected Brazilian Ports to Germany and China
2009-10-31T00:00:00.000,2009,4,Paranagua,Germany (Hamburg),30.53,2009Q4,j6ns-hzra,Quarterly Ocean Freight Rates for Shipping Soybeans from Selected Brazilian Ports to Germany and China
2009-01-31T00:00:00.000,2009,1,Rio Grande,China (Shanghai),66.87,2009Q1,j6ns-hzra,Quarterly Ocean Freight Rates for Shipping Soybeans from Selected Brazilian Ports to Germany and China
2009-04-30T00:00:00.000,2009,2,Rio Grande,China (Shanghai),67.8,2009Q2,j6ns-hzra,Quarterly Ocean Freight Rates for Shipping Soybeans from Selected Brazilian Ports to Germany and China
2009-07-31T00:00:00.000,2009,3,Rio Grande,China (Shanghai),49.5,2009Q3,j6ns-hzra,Quarterly Ocean Freight Rates for Shipping Soybeans from Selected Brazilian Ports to Germany and China
2009-10-31T00:00:00.000,2009,4,Rio Grande,China (Shanghai),53.5,2009Q4,j6ns-hzra,Quarterly Ocean Freight Rates for Shipping Soybeans from Selected Brazilian Ports to Germany and China
2009-01-31T00:00:00.000,2009,1,Rio Grande,Germany (Hamburg),35.8,2009Q1,j6ns-hzra,Quarterly Ocean Freight Rates for Shipping Soybeans from Selected Brazilian Ports to Germany and China
2009-04-30T00:00:00.000,2009,2,Rio Grande,Germany (Hamburg),36.2,2009Q2,j6ns-hzra,Quarterly Ocean Freight Rates for Shipping Soybeans from Selected Brazilian Ports to Germany and China
2009-07-31T00:00:00.000,2009,3,Rio Grande,Germany (Hamburg),32,2009Q3,j6ns-hzra,Quarterly Ocean Freight Rates for Shipping Soybeans from Selected Brazilian Ports to Germany and China
2009-10-31T00:00:00.000,2009,4,Rio Grande,Germany (Hamburg),31.17,2009Q4,j6ns-hzra,Quarterly Ocean Freight Rates for Shipping Soybeans from Selected Brazilian Ports to Germany and China
2009-01-31T00:00:00.000,2009,1,Santos,China (Shanghai),64.5,2009Q1,j6ns-hzra,Quarterly Ocean Freight Rates for Shipping Soybeans from Selected Brazilian Ports to Germany and China
2009-04-30T00:00:00.000,2009,2,Santos,China (Shanghai),66,2009Q2,j6ns-hzra,Quarterly Ocean Freight Rates for Shipping Soybeans from Selected Brazilian Ports to Germany and China
2009-07-31T00:00:00.000,2009,3,Santos,China (Shanghai),49,2009Q3,j6ns-hzra,Quarterly Ocean Freight Rates for Shipping Soybeans from Selected Brazilian Ports to Germany and China
2009-10-31T00:00:00.000,2009,4,Santos,China (Shanghai),55.63,2009Q4,j6ns-hzra,Quarterly Ocean Freight Rates for Shipping Soybeans from Selected Brazilian Ports to Germany and China
2009-01-31T00:00:00.000,2009,1,Santos,Germany (Hamburg),34.1,2009Q1,j6ns-hzra,Quarterly Ocean Freight Rates for Shipping Soybeans from Selected Brazilian Ports to Germany and China
2009-04-30T00:00:00.000,2009,2,Santos,Germany (Hamburg),34.75,2009Q2,j6ns-hzra,Quarterly Ocean Freight Rates for Shipping Soybeans from Selected Brazilian Ports to Germany and China
2009-07-31T00:00:00.000,2009,3,Santos,Germany (Hamburg),30,2009Q3,j6ns-hzra,Quarterly Ocean Freight Rates for Shipping Soybeans from Selected Brazilian Ports to Germany and China
2009-10-31T00:00:00.000,2009,4,Santos,Germany (Hamburg),31.08,2009Q4,j6ns-hzra,Quarterly Ocean Freight Rates for Shipping Soybeans from Selected Brazilian Ports to Germany and China
2010-01-31T00:00:00.000,2010,1,Paranagua,China (Shanghai),52.5,2010Q1,j6ns-hzra,Quarterly Ocean Freight Rates for Shipping Soybeans from Selected Brazilian Ports to Germany and China
2010-04-30T00:00:00.000,2010,2,Paranagua,China (Shanghai),58.58,2010Q2,j6ns-hzra,Quarterly Ocean Freight Rates for Shipping Soybeans from Selected Brazilian Ports to Germany and China
2010-07-31T00:00:00.000,2010,3,Paranagua,China (Shanghai),63.1,2010Q3,j6ns-hzra,Quarterly Ocean Freight Rates for Shipping Soybeans from Selected Brazilian Ports to Germany and China
2010-10-31T00:00:00.000,2010,4,Paranagua,China (Shanghai),61.5,2010Q4,j6ns-hzra,Quarterly Ocean Freight Rates for Shipping Soybeans from Selected Brazilian Ports to Germany and China
2010-01-31T00:00:00.000,2010,1,Paranagua,Germany (Hamburg),31.83,2010Q1,j6ns-hzra,Quarterly Ocean Freight Rates for Shipping Soybeans from Selected Brazilian Ports to Germany and China
2010-04-30T00:00:00.000,2010,2,Paranagua,Germany (Hamburg),38.08,2010Q2,j6ns-hzra,Quarterly Ocean Freight Rates for Shipping Soybeans from Selected Brazilian Ports to Germany and China
2010-07-31T00:00:00.000,2010,3,Paranagua,Germany (Hamburg),36.92,2010Q3,j6ns-hzra,Quarterly Ocean Freight Rates for Shipping Soybeans from Selected Brazilian Ports to Germany and China
2010-10-31T00:00:00.000,2010,4,Paranagua,Germany (Hamburg),33.5,2010Q4,j6ns-hzra,Quarterly Ocean Freight Rates for Shipping Soybeans from Selected Brazilian Ports to Germany and China
2010-01-31T00:00:00.000,2010,1,Rio Grande,China (Shanghai),53,2010Q1,j6ns-hzra,Quarterly Ocean Freight Rates for Shipping Soybeans from Selected Brazilian Ports to Germany and China
2010-04-30T00:00:00.000,2010,2,Rio Grande,China (Shanghai),58.75,2010Q2,j6ns-hzra,Quarterly Ocean Freight Rates for Shipping Soybeans from Selected Brazilian Ports to Germany and China
2010-07-31T00:00:00.000,2010,3,Rio Grande,China (Shanghai),63.27,2010Q3,j6ns-hzra,Quarterly Ocean Freight Rates for Shipping Soybeans from Selected Brazilian Ports to Germany and China
2010-10-31T00:00:00.000,2010,4,Rio Grande,China (Shanghai),57.83,2010Q4,j6ns-hzra,Quarterly Ocean Freight Rates for Shipping Soybeans from Selected Brazilian Ports to Germany and China
2010-01-31T00:00:00.000,2010,1,Rio Grande,Germany (Hamburg),33.5,2010Q1,j6ns-hzra,Quarterly Ocean Freight Rates for Shipping Soybeans from Selected Brazilian Ports to Germany and China
2010-04-30T00:00:00.000,2010,2,Rio Grande,Germany (Hamburg),39,2010Q2,j6ns-hzra,Quarterly Ocean Freight Rates for Shipping Soybeans from Selected Brazilian Ports to Germany and China
2010-07-31T00:00:00.000,2010,3,Rio Grande,Germany (Hamburg),37.08,2010Q3,j6ns-hzra,Quarterly Ocean Freight Rates for Shipping Soybeans from Selected Brazilian Ports to Germany and China
2010-10-31T00:00:00.000,2010,4,Rio Grande,Germany (Hamburg),34.54,2010Q4,j6ns-hzra,Quarterly Ocean Freight Rates for Shipping Soybeans from Selected Brazilian Ports to Germany and China
2010-01-31T00:00:00.000,2010,1,Santos,China (Shanghai),52.33,2010Q1,j6ns-hzra,Quarterly Ocean Freight Rates for Shipping Soybeans from Selected Brazilian Ports to Germany and China
2010-04-30T00:00:00.000,2010,2,Santos,China (Shanghai),55.08,2010Q2,j6ns-hzra,Quarterly Ocean Freight Rates for Shipping Soybeans from Selected Brazilian Ports to Germany and China
2010-07-31T00:00:00.000,2010,3,Santos,China (Shanghai),58.17,2010Q3,j6ns-hzra,Quarterly Ocean Freight Rates for Shipping Soybeans from Selected Brazilian Ports to Germany and China
2010-10-31T00:00:00.000,2010,4,Santos,China (Shanghai),57.79,2010Q4,j6ns-hzra,Quarterly Ocean Freight Rates for Shipping Soybeans from Selected Brazilian Ports to Germany and China
2010-01-31T00:00:00.000,2010,1,Santos,Germany (Hamburg),32.25,2010Q1,j6ns-hzra,Quarterly Ocean Freight Rates for Shipping Soybeans from Selected Brazilian Ports to Germany and China
2010-04-30T00:00:00.000,2010,2,Santos,Germany (Hamburg),36.17,2010Q2,j6ns-hzra,Quarterly Ocean Freight Rates for Shipping Soybeans from Selected Brazilian Ports to Germany and China
2010-07-31T00:00:00.000,2010,3,Santos,Germany (Hamburg),34.42,2010Q3,j6ns-hzra,Quarterly Ocean Freight Rates for Shipping Soybeans from Selected Brazilian Ports to Germany and China
2010-10-31T00:00:00.000,2010,4,Santos,Germany (Hamburg),31.67,2010Q4,j6ns-hzra,Quarterly Ocean Freight Rates for Shipping Soybeans from Selected Brazilian Ports to Germany and China
2011-01-31T00:00:00.000,2011,1,Paranagua,China (Shanghai),56.25,2011Q1,j6ns-hzra,Quarterly Ocean Freight Rates for Shipping Soybeans from Selected Brazilian Ports to Germany and China
2011-04-30T00:00:00.000,2011,2,Paranagua,China (Shanghai),57.62,2011Q2,j6ns-hzra,Quarterly Ocean Freight Rates for Shipping Soybeans from Selected Brazilian Ports to Germany and China
2011-07-31T00:00:00.000,2011,3,Paranagua,China (Shanghai),59.61,2011Q3,j6ns-hzra,Quarterly Ocean Freight Rates for Shipping Soybeans from Selected Brazilian Ports to Germany and China
2011-10-31T00:00:00.000,2011,4,Paranagua,China (Shanghai),55.8,2011Q4,j6ns-hzra,Quarterly Ocean Freight Rates for Shipping Soybeans from Selected Brazilian Ports to Germany and China
2011-01-31T00:00:00.000,2011,1,Paranagua,Germany (Hamburg),33.86,2011Q1,j6ns-hzra,Quarterly Ocean Freight Rates for Shipping Soybeans from Selected Brazilian Ports to Germany and China
2011-04-30T00:00:00.000,2011,2,Paranagua,Germany (Hamburg),36,2011Q2,j6ns-hzra,Quarterly Ocean Freight Rates for Shipping Soybeans from Selected Brazilian Ports to Germany and China
2011-07-31T00:00:00.000,2011,3,Paranagua,Germany (Hamburg),37.29,2011Q3,j6ns-hzra,Quarterly Ocean Freight Rates for Shipping Soybeans from Selected Brazilian Ports to Germany and China
2011-10-31T00:00:00.000,2011,4,Paranagua,Germany (Hamburg),32.63,2011Q4,j6ns-hzra,Quarterly Ocean Freight Rates for Shipping Soybeans from Selected Brazilian Ports to Germany and China
2011-01-31T00:00:00.000,2011,1,Rio Grande,China (Shanghai),50.5,2011Q1,j6ns-hzra,Quarterly Ocean Freight Rates for Shipping Soybeans from Selected Brazilian Ports to Germany and China
2011-04-30T00:00:00.000,2011,2,Rio Grande,China (Shanghai),50.6,2011Q2,j6ns-hzra,Quarterly Ocean Freight Rates for Shipping Soybeans from Selected Brazilian Ports to Germany and China
2011-07-31T00:00:00.000,2011,3,Rio Grande,China (Shanghai),53.02,2011Q3,j6ns-hzra,Quarterly Ocean Freight Rates for Shipping Soybeans from Selected Brazilian Ports to Germany and China
2011-10-31T00:00:00.000,2011,4,Rio Grande,China (Shanghai),50.26,2011Q4,j6ns-hzra,Quarterly Ocean Freight Rates for Shipping Soybeans from Selected Brazilian Ports to Germany and China
2011-01-31T00:00:00.000,2011,1,Rio Grande,Germany (Hamburg),35.43,2011Q1,j6ns-hzra,Quarterly Ocean Freight Rates for Shipping Soybeans from Selected Brazilian Ports to Germany and China
2011-04-30T00:00:00.000,2011,2,Rio Grande,Germany (Hamburg),36,2011Q2,j6ns-hzra,Quarterly Ocean Freight Rates for Shipping Soybeans from Selected Brazilian Ports to Germany and China
2011-07-31T00:00:00.000,2011,3,Rio Grande,Germany (Hamburg),37.81,2011Q3,j6ns-hzra,Quarterly Ocean Freight Rates for Shipping Soybeans from Selected Brazilian Ports to Germany and China
2011-10-31T00:00:00.000,2011,4,Rio Grande,Germany (Hamburg),35.22,2011Q4,j6ns-hzra,Quarterly Ocean Freight Rates for Shipping Soybeans from Selected Brazilian Ports to Germany and China
2011-01-31T00:00:00.000,2011,1,Santos,China (Shanghai),50,2011Q1,j6ns-hzra,Quarterly Ocean Freight Rates for Shipping Soybeans from Selected Brazilian Ports to Germany and China
2011-04-30T00:00:00.000,2011,2,Santos,China (Shanghai),50.05,2011Q2,j6ns-hzra,Quarterly Ocean Freight Rates for Shipping Soybeans from Selected Brazilian Ports to Germany and China
2011-07-31T00:00:00.000,2011,3,Santos,China (Shanghai),52.31,2011Q3,j6ns-hzra,Quarterly Ocean Freight Rates for Shipping Soybeans from Selected Brazilian Ports to Germany and China
2011-10-31T00:00:00.000,2011,4,Santos,China (Shanghai),49.65,2011Q4,j6ns-hzra,Quarterly Ocean Freight Rates for Shipping Soybeans from Selected Brazilian Ports to Germany and China
2011-01-31T00:00:00.000,2011,1,Santos,Germany (Hamburg),34.96,2011Q1,j6ns-hzra,Quarterly Ocean Freight Rates for Shipping Soybeans from Selected Brazilian Ports to Germany and China
2011-04-30T00:00:00.000,2011,2,Santos,Germany (Hamburg),35,2011Q2,j6ns-hzra,Quarterly Ocean Freight Rates for Shipping Soybeans from Selected Brazilian Ports to Germany and China
2011-07-31T00:00:00.000,2011,3,Santos,Germany (Hamburg),36.65,2011Q3,j6ns-hzra,Quarterly Ocean Freight Rates for Shipping Soybeans from Selected Brazilian Ports to Germany and China
2011-10-31T00:00:00.000,2011,4,Santos,Germany (Hamburg),32,2011Q4,j6ns-hzra,Quarterly Ocean Freight Rates for Shipping Soybeans from Selected Brazilian Ports to Germany and China
2012-01-31T00:00:00.000,2012,1,Paranagua,China (Shanghai),52.32,2012Q1,j6ns-hzra,Quarterly Ocean Freight Rates for Shipping Soybeans from Selected Brazilian Ports to Germany and China
2012-04-30T00:00:00.000,2012,2,Paranagua,China (Shanghai),57.63,2012Q2,j6ns-hzra,Quarterly Ocean Freight Rates for Shipping Soybeans from Selected Brazilian Ports to Germany and China
2012-07-31T00:00:00.000,2012,3,Paranagua,China (Shanghai),55.42,2012Q3,j6ns-hzra,Quarterly Ocean Freight Rates for Shipping Soybeans from Selected Brazilian Ports to Germany and China
2012-10-31T00:00:00.000,2012,4,Paranagua,China (Shanghai),55.42,2012Q4,j6ns-hzra,Quarterly Ocean Freight Rates for Shipping Soybeans from Selected Brazilian Ports to Germany and China
2012-01-31T00:00:00.000,2012,1,Paranagua,Germany (Hamburg),31.58,2012Q1,j6ns-hzra,Quarterly Ocean Freight Rates for Shipping Soybeans from Selected Brazilian Ports to Germany and China
2012-04-30T00:00:00.000,2012,2,Paranagua,Germany (Hamburg),35,2012Q2,j6ns-hzra,Quarterly Ocean Freight Rates for Shipping Soybeans from Selected Brazilian Ports to Germany and China
2012-07-31T00:00:00.000,2012,3,Paranagua,Germany (Hamburg),34.3,2012Q3,j6ns-hzra,Quarterly Ocean Freight Rates for Shipping Soybeans from Selected Brazilian Ports to Germany and China
2012-10-31T00:00:00.000,2012,4,Paranagua,Germany (Hamburg),34.3,2012Q4,j6ns-hzra,Quarterly Ocean Freight Rates for Shipping Soybeans from Selected Brazilian Ports to Germany and China
2012-01-31T00:00:00.000,2012,1,Rio Grande,China (Shanghai),47.92,2012Q1,j6ns-hzra,Quarterly Ocean Freight Rates for Shipping Soybeans from Selected Brazilian Ports to Germany and China
2012-04-30T00:00:00.000,2012,2,Rio Grande,China (Shanghai),52.78,2012Q2,j6ns-hzra,Quarterly Ocean Freight Rates for Shipping Soybeans from Selected Brazilian Ports to Germany and China
2012-07-31T00:00:00.000,2012,3,Rio Grande,China (Shanghai),49.02,2012Q3,j6ns-hzra,Quarterly Ocean Freight Rates for Shipping Soybeans from Selected Brazilian Ports to Germany and China
2012-10-31T00:00:00.000,2012,4,Rio Grande,China (Shanghai),49.02,2012Q4,j6ns-hzra,Quarterly Ocean Freight Rates for Shipping Soybeans from Selected Brazilian Ports to Germany and China
2012-01-31T00:00:00.000,2012,1,Rio Grande,Germany (Hamburg),32.08,2012Q1,j6ns-hzra,Quarterly Ocean Freight Rates for Shipping Soybeans from Selected Brazilian Ports to Germany and China
2012-04-30T00:00:00.000,2012,2,Rio Grande,Germany (Hamburg),36.5,2012Q2,j6ns-hzra,Quarterly Ocean Freight Rates for Shipping Soybeans from Selected Brazilian Ports to Germany and China
2012-07-31T00:00:00.000,2012,3,Rio Grande,Germany (Hamburg),32,2012Q3,j6ns-hzra,Quarterly Ocean Freight Rates for Shipping Soybeans from Selected Brazilian Ports to Germany and China
2012-10-31T00:00:00.000,2012,4,Rio Grande,Germany (Hamburg),32,2012Q4,j6ns-hzra,Quarterly Ocean Freight Rates for Shipping Soybeans from Selected Brazilian Ports to Germany and China
2012-01-31T00:00:00.000,2012,1,Santos,China (Shanghai),46.62,2012Q1,j6ns-hzra,Quarterly Ocean Freight Rates for Shipping Soybeans from Selected Brazilian Ports to Germany and China
2012-04-30T00:00:00.000,2012,2,Santos,China (Shanghai),51.35,2012Q2,j6ns-hzra,Quarterly Ocean Freight Rates for Shipping Soybeans from Selected Brazilian Ports to Germany and China
2012-07-31T00:00:00.000,2012,3,Santos,China (Shanghai),50.42,2012Q3,j6ns-hzra,Quarterly Ocean Freight Rates for Shipping Soybeans from Selected Brazilian Ports to Germany and China
2012-10-31T00:00:00.000,2012,4,Santos,China (Shanghai),50.42,2012Q4,j6ns-hzra,Quarterly Ocean Freight Rates for Shipping Soybeans from Selected Brazilian Ports to Germany and China
2012-01-31T00:00:00.000,2012,1,Santos,Germany (Hamburg),32,2012Q1,j6ns-hzra,Quarterly Ocean Freight Rates for Shipping Soybeans from Selected Brazilian Ports to Germany and China
2012-04-30T00:00:00.000,2012,2,Santos,Germany (Hamburg),35,2012Q2,j6ns-hzra,Quarterly Ocean Freight Rates for Shipping Soybeans from Selected Brazilian Ports to Germany and China
2012-07-31T00:00:00.000,2012,3,Santos,Germany (Hamburg),32,2012Q3,j6ns-hzra,Quarterly Ocean Freight Rates for Shipping Soybeans from Selected Brazilian Ports to Germany and China
2012-10-31T00:00:00.000,2012,4,Santos,Germany (Hamburg),28,2012Q4,j6ns-hzra,Quarterly Ocean Freight Rates for Shipping Soybeans from Selected Brazilian Ports to Germany and China
2013-01-31T00:00:00.000,2013,1,Paranagua,China (Shanghai),56.03,2013Q1,j6ns-hzra,Quarterly Ocean Freight Rates for Shipping Soybeans from Selected Brazilian Ports to Germany and China
2013-04-30T00:00:00.000,2013,2,Paranagua,China (Shanghai),36.75,2013Q2,j6ns-hzra,Quarterly Ocean Freight Rates for Shipping Soybeans from Selected Brazilian Ports to Germany and China
2013-07-31T00:00:00.000,2013,3,Paranagua,China (Shanghai),36.75,2013Q3,j6ns-hzra,Quarterly Ocean Freight Rates for Shipping Soybeans from Selected Brazilian Ports to Germany and China
2013-10-31T00:00:00.000,2013,4,Paranagua,China (Shanghai),46,2013Q4,j6ns-hzra,Quarterly Ocean Freight Rates for Shipping Soybeans from Selected Brazilian Ports to Germany and China
2013-01-31T00:00:00.000,2013,1,Paranagua,Germany (Hamburg),30,2013Q1,j6ns-hzra,Quarterly Ocean Freight Rates for Shipping Soybeans from Selected Brazilian Ports to Germany and China
2013-04-30T00:00:00.000,2013,2,Paranagua,Germany (Hamburg),29,2013Q2,j6ns-hzra,Quarterly Ocean Freight Rates for Shipping Soybeans from Selected Brazilian Ports to Germany and China
2013-07-31T00:00:00.000,2013,3,Paranagua,Germany (Hamburg),29,2013Q3,j6ns-hzra,Quarterly Ocean Freight Rates for Shipping Soybeans from Selected Brazilian Ports to Germany and China
2013-10-31T00:00:00.000,2013,4,Paranagua,Germany (Hamburg),30,2013Q4,j6ns-hzra,Quarterly Ocean Freight Rates for Shipping Soybeans from Selected Brazilian Ports to Germany and China
2013-01-31T00:00:00.000,2013,1,Rio Grande,China (Shanghai),51.34,2013Q1,j6ns-hzra,Quarterly Ocean Freight Rates for Shipping Soybeans from Selected Brazilian Ports to Germany and China
2013-04-30T00:00:00.000,2013,2,Rio Grande,China (Shanghai),35.25,2013Q2,j6ns-hzra,Quarterly Ocean Freight Rates for Shipping Soybeans from Selected Brazilian Ports to Germany and China
2013-07-31T00:00:00.000,2013,3,Rio Grande,China (Shanghai),35.25,2013Q3,j6ns-hzra,Quarterly Ocean Freight Rates for Shipping Soybeans from Selected Brazilian Ports to Germany and China
2013-10-31T00:00:00.000,2013,4,Rio Grande,China (Shanghai),44.25,2013Q4,j6ns-hzra,Quarterly Ocean Freight Rates for Shipping Soybeans from Selected Brazilian Ports to Germany and China
2013-01-31T00:00:00.000,2013,1,Rio Grande,Germany (Hamburg),30,2013Q1,j6ns-hzra,Quarterly Ocean Freight Rates for Shipping Soybeans from Selected Brazilian Ports to Germany and China
2013-04-30T00:00:00.000,2013,2,Rio Grande,Germany (Hamburg),29,2013Q2,j6ns-hzra,Quarterly Ocean Freight Rates for Shipping Soybeans from Selected Brazilian Ports to Germany and China
2013-07-31T00:00:00.000,2013,3,Rio Grande,Germany (Hamburg),29,2013Q3,j6ns-hzra,Quarterly Ocean Freight Rates for Shipping Soybeans from Selected Brazilian Ports to Germany and China
2013-10-31T00:00:00.000,2013,4,Rio Grande,Germany (Hamburg),30,2013Q4,j6ns-hzra,Quarterly Ocean Freight Rates for Shipping Soybeans from Selected Brazilian Ports to Germany and China
2013-01-31T00:00:00.000,2013,1,Santos,China (Shanghai),52.34,2013Q1,j6ns-hzra,Quarterly Ocean Freight Rates for Shipping Soybeans from Selected Brazilian Ports to Germany and China
2013-04-30T00:00:00.000,2013,2,Santos,China (Shanghai),34.5,2013Q2,j6ns-hzra,Quarterly Ocean Freight Rates for Shipping Soybeans from Selected Brazilian Ports to Germany and China
2013-07-31T00:00:00.000,2013,3,Santos,China (Shanghai),34.5,2013Q3,j6ns-hzra,Quarterly Ocean Freight Rates for Shipping Soybeans from Selected Brazilian Ports to Germany and China
2013-10-31T00:00:00.000,2013,4,Santos,China (Shanghai),42.5,2013Q4,j6ns-hzra,Quarterly Ocean Freight Rates for Shipping Soybeans from Selected Brazilian Ports to Germany and China
2013-01-31T00:00:00.000,2013,1,Santos,Germany (Hamburg),30,2013Q1,j6ns-hzra,Quarterly Ocean Freight Rates for Shipping Soybeans from Selected Brazilian Ports to Germany and China
2013-04-30T00:00:00.000,2013,2,Santos,Germany (Hamburg),29,2013Q2,j6ns-hzra,Quarterly Ocean Freight Rates for Shipping Soybeans from Selected Brazilian Ports to Germany and China
2013-07-31T00:00:00.000,2013,3,Santos,Germany (Hamburg),29,2013Q3,j6ns-hzra,Quarterly Ocean Freight Rates for Shipping Soybeans from Selected Brazilian Ports to Germany and China
2013-10-31T00:00:00.000,2013,4,Santos,Germany (Hamburg),30,2013Q4,j6ns-hzra,Quarterly Ocean Freight Rates for Shipping Soybeans from Selected Brazilian Ports to Germany and China
2014-01-31T00:00:00.000,2014,1,Paranagua,China (Shanghai),47.22,2014Q1,j6ns-hzra,Quarterly Ocean Freight Rates for Shipping Soybeans from Selected Brazilian Ports to Germany and China
2014-04-30T00:00:00.000,2014,2,Paranagua,China (Shanghai),41.13,2014Q2,j6ns-hzra,Quarterly Ocean Freight Rates for Shipping Soybeans from Selected Brazilian Ports to Germany and China
2014-07-31T00:00:00.000,2014,3,Paranagua,China (Shanghai),36,2014Q3,j6ns-hzra,Quarterly Ocean Freight Rates for Shipping Soybeans from Selected Brazilian Ports to Germany and China
2014-10-31T00:00:00.000,2014,4,Paranagua,China (Shanghai),32.5,2014Q4,j6ns-hzra,Quarterly Ocean Freight Rates for Shipping Soybeans from Selected Brazilian Ports to Germany and China
2014-01-31T00:00:00.000,2014,1,Paranagua,Germany (Hamburg),31,2014Q1,j6ns-hzra,Quarterly Ocean Freight Rates for Shipping Soybeans from Selected Brazilian Ports to Germany and China
2014-04-30T00:00:00.000,2014,2,Paranagua,Germany (Hamburg),30,2014Q2,j6ns-hzra,Quarterly Ocean Freight Rates for Shipping Soybeans from Selected Brazilian Ports to Germany and China
2014-07-31T00:00:00.000,2014,3,Paranagua,Germany (Hamburg),28,2014Q3,j6ns-hzra,Quarterly Ocean Freight Rates for Shipping Soybeans from Selected Brazilian Ports to Germany and China
2014-10-31T00:00:00.000,2014,4,Paranagua,Germany (Hamburg),26,2014Q4,j6ns-hzra,Quarterly Ocean Freight Rates for Shipping Soybeans from Selected Brazilian Ports to Germany and China
2014-01-31T00:00:00.000,2014,1,Rio Grande,China (Shanghai),44.83,2014Q1,j6ns-hzra,Quarterly Ocean Freight Rates for Shipping Soybeans from Selected Brazilian Ports to Germany and China
2014-04-30T00:00:00.000,2014,2,Rio Grande,China (Shanghai),38.75,2014Q2,j6ns-hzra,Quarterly Ocean Freight Rates for Shipping Soybeans from Selected Brazilian Ports to Germany and China
2014-07-31T00:00:00.000,2014,3,Rio Grande,China (Shanghai),32.5,2014Q3,j6ns-hzra,Quarterly Ocean Freight Rates for Shipping Soybeans from Selected Brazilian Ports to Germany and China
2014-10-31T00:00:00.000,2014,4,Rio Grande,China (Shanghai),30.5,2014Q4,j6ns-hzra,Quarterly Ocean Freight Rates for Shipping Soybeans from Selected Brazilian Ports to Germany and China
2014-01-31T00:00:00.000,2014,1,Rio Grande,Germany (Hamburg),31,2014Q1,j6ns-hzra,Quarterly Ocean Freight Rates for Shipping Soybeans from Selected Brazilian Ports to Germany and China
2014-04-30T00:00:00.000,2014,2,Rio Grande,Germany (Hamburg),30,2014Q2,j6ns-hzra,Quarterly Ocean Freight Rates for Shipping Soybeans from Selected Brazilian Ports to Germany and China
2014-07-31T00:00:00.000,2014,3,Rio Grande,Germany (Hamburg),24.5,2014Q3,j6ns-hzra,Quarterly Ocean Freight Rates for Shipping Soybeans from Selected Brazilian Ports to Germany and China
2014-10-31T00:00:00.000,2014,4,Rio Grande,Germany (Hamburg),22.5,2014Q4,j6ns-hzra,Quarterly Ocean Freight Rates for Shipping Soybeans from Selected Brazilian Ports to Germany and China
2014-01-31T00:00:00.000,2014,1,Santos,China (Shanghai),44.83,2014Q1,j6ns-hzra,Quarterly Ocean Freight Rates for Shipping Soybeans from Selected Brazilian Ports to Germany and China
2014-04-30T00:00:00.000,2014,2,Santos,China (Shanghai),38.07,2014Q2,j6ns-hzra,Quarterly Ocean Freight Rates for Shipping Soybeans from Selected Brazilian Ports to Germany and China
2014-07-31T00:00:00.000,2014,3,Santos,China (Shanghai),34,2014Q3,j6ns-hzra,Quarterly Ocean Freight Rates for Shipping Soybeans from Selected Brazilian Ports to Germany and China
2014-10-31T00:00:00.000,2014,4,Santos,China (Shanghai),30.5,2014Q4,j6ns-hzra,Quarterly Ocean Freight Rates for Shipping Soybeans from Selected Brazilian Ports to Germany and China
2014-01-31T00:00:00.000,2014,1,Santos,Germany (Hamburg),31,2014Q1,j6ns-hzra,Quarterly Ocean Freight Rates for Shipping Soybeans from Selected Brazilian Ports to Germany and China
2014-04-30T00:00:00.000,2014,2,Santos,Germany (Hamburg),30,2014Q2,j6ns-hzra,Quarterly Ocean Freight Rates for Shipping Soybeans from Selected Brazilian Ports to Germany and China
2014-07-31T00:00:00.000,2014,3,Santos,Germany (Hamburg),26,2014Q3,j6ns-hzra,Quarterly Ocean Freight Rates for Shipping Soybeans from Selected Brazilian Ports to Germany and China
2014-10-31T00:00:00.000,2014,4,Santos,Germany (Hamburg),24,2014Q4,j6ns-hzra,Quarterly Ocean Freight Rates for Shipping Soybeans from Selected Brazilian Ports to Germany and China
2015-01-31T00:00:00.000,2015,1,Santos,Germany (Hamburg),22,2015Q1,j6ns-hzra,Quarterly Ocean Freight Rates for Shipping Soybeans from Selected Brazilian Ports to Germany and China
2015-01-31T00:00:00.000,2015,1,Paranagua,Germany (Hamburg),22,2015Q1,j6ns-hzra,Quarterly Ocean Freight Rates for Shipping Soybeans from Selected Brazilian Ports to Germany and China
2015-01-31T00:00:00.000,2015,1,Rio Grande,Germany (Hamburg),22,2015Q1,j6ns-hzra,Quarterly Ocean Freight Rates for Shipping Soybeans from Selected Brazilian Ports to Germany and China
2015-01-31T00:00:00.000,2015,1,Santarem,Germany (Hamburg),20,2015Q1,j6ns-hzra,Quarterly Ocean Freight Rates for Shipping Soybeans from Selected Brazilian Ports to Germany and China
2015-01-31T00:00:00.000,2015,1,Sao Luis,Germany (Hamburg),20,2015Q1,j6ns-hzra,Quarterly Ocean Freight Rates for Shipping Soybeans from Selected Brazilian Ports to Germany and China
2015-01-31T00:00:00.000,2015,1,Barcarena,Germany (Hamburg),20,2015Q1,j6ns-hzra,Quarterly Ocean Freight Rates for Shipping Soybeans from Selected Brazilian Ports to Germany and China
2015-01-31T00:00:00.000,2015,1,Santos,China (Shanghai),29.5,2015Q1,j6ns-hzra,Quarterly Ocean Freight Rates for Shipping Soybeans from Selected Brazilian Ports to Germany and China
2015-01-31T00:00:00.000,2015,1,Paranagua,China (Shanghai),31.5,2015Q1,j6ns-hzra,Quarterly Ocean Freight Rates for Shipping Soybeans from Selected Brazilian Ports to Germany and China
2015-01-31T00:00:00.000,2015,1,Rio Grande,China (Shanghai),29.5,2015Q1,j6ns-hzra,Quarterly Ocean Freight Rates for Shipping Soybeans from Selected Brazilian Ports to Germany and China
2015-01-31T00:00:00.000,2015,1,Santarem,China (Shanghai),32,2015Q1,j6ns-hzra,Quarterly Ocean Freight Rates for Shipping Soybeans from Selected Brazilian Ports to Germany and China
2015-01-31T00:00:00.000,2015,1,Sao Luis,China (Shanghai),32,2015Q1,j6ns-hzra,Quarterly Ocean Freight Rates for Shipping Soybeans from Selected Brazilian Ports to Germany and China
2015-01-31T00:00:00.000,2015,1,Barcarena,China (Shanghai),32,2015Q1,j6ns-hzra,Quarterly Ocean Freight Rates for Shipping Soybeans from Selected Brazilian Ports to Germany and China
2015-04-30T00:00:00.000,2015,2,Santos,Germany (Hamburg),21,2015Q2,j6ns-hzra,Quarterly Ocean Freight Rates for Shipping Soybeans from Selected Brazilian Ports to Germany and China
2015-04-30T00:00:00.000,2015,2,Paranagua,Germany (Hamburg),21,2015Q2,j6ns-hzra,Quarterly Ocean Freight Rates for Shipping Soybeans from Selected Brazilian Ports to Germany and China
2015-04-30T00:00:00.000,2015,2,Rio Grande,Germany (Hamburg),21,2015Q2,j6ns-hzra,Quarterly Ocean Freight Rates for Shipping Soybeans from Selected Brazilian Ports to Germany and China
2015-04-30T00:00:00.000,2015,2,Santarem,Germany (Hamburg),14.5,2015Q2,j6ns-hzra,Quarterly Ocean Freight Rates for Shipping Soybeans from Selected Brazilian Ports to Germany and China
2015-04-30T00:00:00.000,2015,2,Sao Luis,Germany (Hamburg),18.25,2015Q2,j6ns-hzra,Quarterly Ocean Freight Rates for Shipping Soybeans from Selected Brazilian Ports to Germany and China
2015-04-30T00:00:00.000,2015,2,Barcarena,Germany (Hamburg),16,2015Q2,j6ns-hzra,Quarterly Ocean Freight Rates for Shipping Soybeans from Selected Brazilian Ports to Germany and China
2015-04-30T00:00:00.000,2015,2,Santos,China (Shanghai),22.5,2015Q2,j6ns-hzra,Quarterly Ocean Freight Rates for Shipping Soybeans from Selected Brazilian Ports to Germany and China
2015-04-30T00:00:00.000,2015,2,Paranagua,China (Shanghai),23.5,2015Q2,j6ns-hzra,Quarterly Ocean Freight Rates for Shipping Soybeans from Selected Brazilian Ports to Germany and China
2015-04-30T00:00:00.000,2015,2,Rio Grande,China (Shanghai),25,2015Q2,j6ns-hzra,Quarterly Ocean Freight Rates for Shipping Soybeans from Selected Brazilian Ports to Germany and China
2015-04-30T00:00:00.000,2015,2,Santarem,China (Shanghai),25,2015Q2,j6ns-hzra,Quarterly Ocean Freight Rates for Shipping Soybeans from Selected Brazilian Ports to Germany and China
2015-04-30T00:00:00.000,2015,2,Sao Luis,China (Shanghai),25,2015Q2,j6ns-hzra,Quarterly Ocean Freight Rates for Shipping Soybeans from Selected Brazilian Ports to Germany and China
2015-04-30T00:00:00.000,2015,2,Barcarena,China (Shanghai),25,2015Q2,j6ns-hzra,Quarterly Ocean Freight Rates for Shipping Soybeans from Selected Brazilian Ports to Germany and China
2015-07-31T00:00:00.000,2015,3,Santos,Germany (Hamburg),19,2015Q3,j6ns-hzra,Quarterly Ocean Freight Rates for Shipping Soybeans from Selected Brazilian Ports to Germany and China
2015-07-31T00:00:00.000,2015,3,Paranagua,Germany (Hamburg),19,2015Q3,j6ns-hzra,Quarterly Ocean Freight Rates for Shipping Soybeans from Selected Brazilian Ports to Germany and China
2015-07-31T00:00:00.000,2015,3,Rio Grande,Germany (Hamburg),19,2015Q3,j6ns-hzra,Quarterly Ocean Freight Rates for Shipping Soybeans from Selected Brazilian Ports to Germany and China
2015-07-31T00:00:00.000,2015,3,Santarem,Germany (Hamburg),13.5,2015Q3,j6ns-hzra,Quarterly Ocean Freight Rates for Shipping Soybeans from Selected Brazilian Ports to Germany and China
2015-07-31T00:00:00.000,2015,3,Sao Luis,Germany (Hamburg),16.38,2015Q3,j6ns-hzra,Quarterly Ocean Freight Rates for Shipping Soybeans from Selected Brazilian Ports to Germany and China
2015-07-31T00:00:00.000,2015,3,Barcarena,Germany (Hamburg),15.2,2015Q3,j6ns-hzra,Quarterly Ocean Freight Rates for Shipping Soybeans from Selected Brazilian Ports to Germany and China
2015-07-31T00:00:00.000,2015,3,Santos,China (Shanghai),23.25,2015Q3,j6ns-hzra,Quarterly Ocean Freight Rates for Shipping Soybeans from Selected Brazilian Ports to Germany and China
2015-07-31T00:00:00.000,2015,3,Paranagua,China (Shanghai),24.18,2015Q3,j6ns-hzra,Quarterly Ocean Freight Rates for Shipping Soybeans from Selected Brazilian Ports to Germany and China
2015-07-31T00:00:00.000,2015,3,Rio Grande,China (Shanghai),25.75,2015Q3,j6ns-hzra,Quarterly Ocean Freight Rates for Shipping Soybeans from Selected Brazilian Ports to Germany and China
2015-07-31T00:00:00.000,2015,3,Santarem,China (Shanghai),25.75,2015Q3,j6ns-hzra,Quarterly Ocean Freight Rates for Shipping Soybeans from Selected Brazilian Ports to Germany and China
2015-07-31T00:00:00.000,2015,3,Sao Luis,China (Shanghai),25.75,2015Q3,j6ns-hzra,Quarterly Ocean Freight Rates for Shipping Soybeans from Selected Brazilian Ports to Germany and China
2015-07-31T00:00:00.000,2015,3,Barcarena,China (Shanghai),25.75,2015Q3,j6ns-hzra,Quarterly Ocean Freight Rates for Shipping Soybeans from Selected Brazilian Ports to Germany and China
2015-10-31T00:00:00.000,2015,4,Santos,Germany (Hamburg),17,2015Q4,j6ns-hzra,Quarterly Ocean Freight Rates for Shipping Soybeans from Selected Brazilian Ports to Germany and China
2015-10-31T00:00:00.000,2015,4,Paranagua,Germany (Hamburg),17,2015Q4,j6ns-hzra,Quarterly Ocean Freight Rates for Shipping Soybeans from Selected Brazilian Ports to Germany and China
2015-10-31T00:00:00.000,2015,4,Rio Grande,Germany (Hamburg),17,2015Q4,j6ns-hzra,Quarterly Ocean Freight Rates for Shipping Soybeans from Selected Brazilian Ports to Germany and China
2015-10-31T00:00:00.000,2015,4,Santarem,Germany (Hamburg),20,2015Q4,j6ns-hzra,Quarterly Ocean Freight Rates for Shipping Soybeans from Selected Brazilian Ports to Germany and China
2015-10-31T00:00:00.000,2015,4,Sao Luis,Germany (Hamburg),20.5,2015Q4,j6ns-hzra,Quarterly Ocean Freight Rates for Shipping Soybeans from Selected Brazilian Ports to Germany and China
2015-10-31T00:00:00.000,2015,4,Barcarena,Germany (Hamburg),21,2015Q4,j6ns-hzra,Quarterly Ocean Freight Rates for Shipping Soybeans from Selected Brazilian Ports to Germany and China
2015-10-31T00:00:00.000,2015,4,Santos,China (Shanghai),20,2015Q4,j6ns-hzra,Quarterly Ocean Freight Rates for Shipping Soybeans from Selected Brazilian Ports to Germany and China
2015-10-31T00:00:00.000,2015,4,Paranagua,China (Shanghai),20.5,2015Q4,j6ns-hzra,Quarterly Ocean Freight Rates for Shipping Soybeans from Selected Brazilian Ports to Germany and China
2015-10-31T00:00:00.000,2015,4,Rio Grande,China (Shanghai),21,2015Q4,j6ns-hzra,Quarterly Ocean Freight Rates for Shipping Soybeans from Selected Brazilian Ports to Germany and China
2015-10-31T00:00:00.000,2015,4,Santarem,China (Shanghai),23.5,2015Q4,j6ns-hzra,Quarterly Ocean Freight Rates for Shipping Soybeans from Selected Brazilian Ports to Germany and China
2015-10-31T00:00:00.000,2015,4,Sao Luis,China (Shanghai),23.5,2015Q4,j6ns-hzra,Quarterly Ocean Freight Rates for Shipping Soybeans from Selected Brazilian Ports to Germany and China
2015-10-31T00:00:00.000,2015,4,Barcarena,China (Shanghai),23.5,2015Q4,j6ns-hzra,Quarterly Ocean Freight Rates for Shipping Soybeans from Selected Brazilian Ports to Germany and China
2016-01-31T00:00:00.000,2016,1,Santos,Germany (Hamburg),16,2016Q1,j6ns-hzra,Quarterly Ocean Freight Rates for Shipping Soybeans from Selected Brazilian Ports to Germany and China
2016-01-31T00:00:00.000,2016,1,Paranagua,Germany (Hamburg),16,2016Q1,j6ns-hzra,Quarterly Ocean Freight Rates for Shipping Soybeans from Selected Brazilian Ports to Germany and China
2016-01-31T00:00:00.000,2016,1,Rio Grande,Germany (Hamburg),16,2016Q1,j6ns-hzra,Quarterly Ocean Freight Rates for Shipping Soybeans from Selected Brazilian Ports to Germany and China
2016-01-31T00:00:00.000,2016,1,Santarem,Germany (Hamburg),11.03,2016Q1,j6ns-hzra,Quarterly Ocean Freight Rates for Shipping Soybeans from Selected Brazilian Ports to Germany and China
2016-01-31T00:00:00.000,2016,1,Sao Luis,Germany (Hamburg),8.25,2016Q1,j6ns-hzra,Quarterly Ocean Freight Rates for Shipping Soybeans from Selected Brazilian Ports to Germany and China
2016-01-31T00:00:00.000,2016,1,Barcarena,Germany (Hamburg),9.6,2016Q1,j6ns-hzra,Quarterly Ocean Freight Rates for Shipping Soybeans from Selected Brazilian Ports to Germany and China
2016-01-31T00:00:00.000,2016,1,Santos,China (Shanghai),17.5,2016Q1,j6ns-hzra,Quarterly Ocean Freight Rates for Shipping Soybeans from Selected Brazilian Ports to Germany and China
2016-01-31T00:00:00.000,2016,1,Paranagua,China (Shanghai),18,2016Q1,j6ns-hzra,Quarterly Ocean Freight Rates for Shipping Soybeans from Selected Brazilian Ports to Germany and China
2016-01-31T00:00:00.000,2016,1,Rio Grande,China (Shanghai),18.5,2016Q1,j6ns-hzra,Quarterly Ocean Freight Rates for Shipping Soybeans from Selected Brazilian Ports to Germany and China
2016-01-31T00:00:00.000,2016,1,Santarem,China (Shanghai),22,2016Q1,j6ns-hzra,Quarterly Ocean Freight Rates for Shipping Soybeans from Selected Brazilian Ports to Germany and China
2016-01-31T00:00:00.000,2016,1,Sao Luis,China (Shanghai),20,2016Q1,j6ns-hzra,Quarterly Ocean Freight Rates for Shipping Soybeans from Selected Brazilian Ports to Germany and China
2016-01-31T00:00:00.000,2016,1,Barcarena,China (Shanghai),22.5,2016Q1,j6ns-hzra,Quarterly Ocean Freight Rates for Shipping Soybeans from Selected Brazilian Ports to Germany and China
2016-04-30T00:00:00.000,2016,2,Santos,Germany (Hamburg),17,2016Q2,j6ns-hzra,Quarterly Ocean Freight Rates for Shipping Soybeans from Selected Brazilian Ports to Germany and China
2016-04-30T00:00:00.000,2016,2,Paranagua,Germany (Hamburg),17,2016Q2,j6ns-hzra,Quarterly Ocean Freight Rates for Shipping Soybeans from Selected Brazilian Ports to Germany and China
2016-04-30T00:00:00.000,2016,2,Rio Grande,Germany (Hamburg),17,2016Q2,j6ns-hzra,Quarterly Ocean Freight Rates for Shipping Soybeans from Selected Brazilian Ports to Germany and China
2016-04-30T00:00:00.000,2016,2,Santarem,Germany (Hamburg),14.13,2016Q2,j6ns-hzra,Quarterly Ocean Freight Rates for Shipping Soybeans from Selected Brazilian Ports to Germany and China
2016-04-30T00:00:00.000,2016,2,Sao Luis,Germany (Hamburg),11,2016Q2,j6ns-hzra,Quarterly Ocean Freight Rates for Shipping Soybeans from Selected Brazilian Ports to Germany and China
2016-04-30T00:00:00.000,2016,2,Barcarena,Germany (Hamburg),12.45,2016Q2,j6ns-hzra,Quarterly Ocean Freight Rates for Shipping Soybeans from Selected Brazilian Ports to Germany and China
2016-04-30T00:00:00.000,2016,2,Santos,China (Shanghai),16.5,2016Q2,j6ns-hzra,Quarterly Ocean Freight Rates for Shipping Soybeans from Selected Brazilian Ports to Germany and China
2016-04-30T00:00:00.000,2016,2,Paranagua,China (Shanghai),18.5,2016Q2,j6ns-hzra,Quarterly Ocean Freight Rates for Shipping Soybeans from Selected Brazilian Ports to Germany and China
2016-04-30T00:00:00.000,2016,2,Rio Grande,China (Shanghai),17,2016Q2,j6ns-hzra,Quarterly Ocean Freight Rates for Shipping Soybeans from Selected Brazilian Ports to Germany and China
2016-04-30T00:00:00.000,2016,2,Santarem,China (Shanghai),21,2016Q2,j6ns-hzra,Quarterly Ocean Freight Rates for Shipping Soybeans from Selected Brazilian Ports to Germany and China
2016-04-30T00:00:00.000,2016,2,Sao Luis,China (Shanghai),18.4,2016Q2,j6ns-hzra,Quarterly Ocean Freight Rates for Shipping Soybeans from Selected Brazilian Ports to Germany and China
2016-04-30T00:00:00.000,2016,2,Barcarena,China (Shanghai),21.5,2016Q2,j6ns-hzra,Quarterly Ocean Freight Rates for Shipping Soybeans from Selected Brazilian Ports to Germany and China
2016-07-31T00:00:00.000,2016,3,Santos,Germany (Hamburg),16.5,2016Q3,j6ns-hzra,Quarterly Ocean Freight Rates for Shipping Soybeans from Selected Brazilian Ports to Germany and China
2016-07-31T00:00:00.000,2016,3,Paranagua,Germany (Hamburg),16.5,2016Q3,j6ns-hzra,Quarterly Ocean Freight Rates for Shipping Soybeans from Selected Brazilian Ports to Germany and China
2016-07-31T00:00:00.000,2016,3,Rio Grande,Germany (Hamburg),16.5,2016Q3,j6ns-hzra,Quarterly Ocean Freight Rates for Shipping Soybeans from Selected Brazilian Ports to Germany and China
2016-07-31T00:00:00.000,2016,3,Santarem,Germany (Hamburg),15,2016Q3,j6ns-hzra,Quarterly Ocean Freight Rates for Shipping Soybeans from Selected Brazilian Ports to Germany and China
2016-07-31T00:00:00.000,2016,3,Sao Luis,Germany (Hamburg),11.8,2016Q3,j6ns-hzra,Quarterly Ocean Freight Rates for Shipping Soybeans from Selected Brazilian Ports to Germany and China
2016-07-31T00:00:00.000,2016,3,Barcarena,Germany (Hamburg),13.2,2016Q3,j6ns-hzra,Quarterly Ocean Freight Rates for Shipping Soybeans from Selected Brazilian Ports to Germany and China
2016-07-31T00:00:00.000,2016,3,Santos,China (Shanghai),12.5,2016Q3,j6ns-hzra,Quarterly Ocean Freight Rates for Shipping Soybeans from Selected Brazilian Ports to Germany and China
2016-07-31T00:00:00.000,2016,3,Paranagua,China (Shanghai),14.5,2016Q3,j6ns-hzra,Quarterly Ocean Freight Rates for Shipping Soybeans from Selected Brazilian Ports to Germany and China
2016-07-31T00:00:00.000,2016,3,Rio Grande,China (Shanghai),13,2016Q3,j6ns-hzra,Quarterly Ocean Freight Rates for Shipping Soybeans from Selected Brazilian Ports to Germany and China
2016-07-31T00:00:00.000,2016,3,Santarem,China (Shanghai),19.4,2016Q3,j6ns-hzra,Quarterly Ocean Freight Rates for Shipping Soybeans from Selected Brazilian Ports to Germany and China
2016-07-31T00:00:00.000,2016,3,Sao Luis,China (Shanghai),17.5,2016Q3,j6ns-hzra,Quarterly Ocean Freight Rates for Shipping Soybeans from Selected Brazilian Ports to Germany and China
2016-07-31T00:00:00.000,2016,3,Barcarena,China (Shanghai),20,2016Q3,j6ns-hzra,Quarterly Ocean Freight Rates for Shipping Soybeans from Selected Brazilian Ports to Germany and China
2016-10-31T00:00:00.000,2016,4,Santos,Germany (Hamburg),23,2016Q4,j6ns-hzra,Quarterly Ocean Freight Rates for Shipping Soybeans from Selected Brazilian Ports to Germany and China
2016-10-31T00:00:00.000,2016,4,Paranagua,Germany (Hamburg),24,2016Q4,j6ns-hzra,Quarterly Ocean Freight Rates for Shipping Soybeans from Selected Brazilian Ports to Germany and China
2016-10-31T00:00:00.000,2016,4,Rio Grande,Germany (Hamburg),23,2016Q4,j6ns-hzra,Quarterly Ocean Freight Rates for Shipping Soybeans from Selected Brazilian Ports to Germany and China
2016-10-31T00:00:00.000,2016,4,Santarem,Germany (Hamburg),19.8,2016Q4,j6ns-hzra,Quarterly Ocean Freight Rates for Shipping Soybeans from Selected Brazilian Ports to Germany and China
2016-10-31T00:00:00.000,2016,4,Sao Luis,Germany (Hamburg),15.8,2016Q4,j6ns-hzra,Quarterly Ocean Freight Rates for Shipping Soybeans from Selected Brazilian Ports to Germany and China
2016-10-31T00:00:00.000,2016,4,Barcarena,Germany (Hamburg),17.35,2016Q4,j6ns-hzra,Quarterly Ocean Freight Rates for Shipping Soybeans from Selected Brazilian Ports to Germany and China
2016-10-31T00:00:00.000,2016,4,Santos,China (Shanghai),20,2016Q4,j6ns-hzra,Quarterly Ocean Freight Rates for Shipping Soybeans from Selected Brazilian Ports to Germany and China
2016-10-31T00:00:00.000,2016,4,Paranagua,China (Shanghai),21.5,2016Q4,j6ns-hzra,Quarterly Ocean Freight Rates for Shipping Soybeans from Selected Brazilian Ports to Germany and China
2016-10-31T00:00:00.000,2016,4,Rio Grande,China (Shanghai),20.5,2016Q4,j6ns-hzra,Quarterly Ocean Freight Rates for Shipping Soybeans from Selected Brazilian Ports to Germany and China
2016-10-31T00:00:00.000,2016,4,Santarem,China (Shanghai),23.75,2016Q4,j6ns-hzra,Quarterly Ocean Freight Rates for Shipping Soybeans from Selected Brazilian Ports to Germany and China
2016-10-31T00:00:00.000,2016,4,Sao Luis,China (Shanghai),22,2016Q4,j6ns-hzra,Quarterly Ocean Freight Rates for Shipping Soybeans from Selected Brazilian Ports to Germany and China
2016-10-31T00:00:00.000,2016,4,Barcarena,China (Shanghai),23.75,2016Q4,j6ns-hzra,Quarterly Ocean Freight Rates for Shipping Soybeans from Selected Brazilian Ports to Germany and China
2017-01-31T00:00:00.000,2017,1,Santos,Germany (Hamburg),21,2017Q1,j6ns-hzra,Quarterly Ocean Freight Rates for Shipping Soybeans from Selected Brazilian Ports to Germany and China
2017-01-31T00:00:00.000,2017,1,Paranagua,Germany (Hamburg),22,2017Q1,j6ns-hzra,Quarterly Ocean Freight Rates for Shipping Soybeans from Selected Brazilian Ports to Germany and China
2017-01-31T00:00:00.000,2017,1,Rio Grande,Germany (Hamburg),22,2017Q1,j6ns-hzra,Quarterly Ocean Freight Rates for Shipping Soybeans from Selected Brazilian Ports to Germany and China
2017-01-31T00:00:00.000,2017,1,Santarem,Germany (Hamburg),21,2017Q1,j6ns-hzra,Quarterly Ocean Freight Rates for Shipping Soybeans from Selected Brazilian Ports to Germany and China
2017-01-31T00:00:00.000,2017,1,Sao Luis,Germany (Hamburg),17.6,2017Q1,j6ns-hzra,Quarterly Ocean Freight Rates for Shipping Soybeans from Selected Brazilian Ports to Germany and China
2017-01-31T00:00:00.000,2017,1,Barcarena,Germany (Hamburg),18,2017Q1,j6ns-hzra,Quarterly Ocean Freight Rates for Shipping Soybeans from Selected Brazilian Ports to Germany and China
2017-01-31T00:00:00.000,2017,1,Santos,China (Shanghai),18.5,2017Q1,j6ns-hzra,Quarterly Ocean Freight Rates for Shipping Soybeans from Selected Brazilian Ports to Germany and China
2017-01-31T00:00:00.000,2017,1,Paranagua,China (Shanghai),20.5,2017Q1,j6ns-hzra,Quarterly Ocean Freight Rates for Shipping Soybeans from Selected Brazilian Ports to Germany and China
2017-01-31T00:00:00.000,2017,1,Rio Grande,China (Shanghai),18,2017Q1,j6ns-hzra,Quarterly Ocean Freight Rates for Shipping Soybeans from Selected Brazilian Ports to Germany and China
2017-01-31T00:00:00.000,2017,1,Santarem,China (Shanghai),24,2017Q1,j6ns-hzra,Quarterly Ocean Freight Rates for Shipping Soybeans from Selected Brazilian Ports to Germany and China
2017-01-31T00:00:00.000,2017,1,Sao Luis,China (Shanghai),23.5,2017Q1,j6ns-hzra,Quarterly Ocean Freight Rates for Shipping Soybeans from Selected Brazilian Ports to Germany and China
2017-01-31T00:00:00.000,2017,1,Barcarena,China (Shanghai),24,2017Q1,j6ns-hzra,Quarterly Ocean Freight Rates for Shipping Soybeans from Selected Brazilian Ports to Germany and China
2017-04-30T00:00:00.000,2017,2,Santos,Germany (Hamburg),24,2017Q2,j6ns-hzra,Quarterly Ocean Freight Rates for Shipping Soybeans from Selected Brazilian Ports to Germany and China
2017-04-30T00:00:00.000,2017,2,Paranagua,Germany (Hamburg),25,2017Q2,j6ns-hzra,Quarterly Ocean Freight Rates for Shipping Soybeans from Selected Brazilian Ports to Germany and China
2017-04-30T00:00:00.000,2017,2,Rio Grande,Germany (Hamburg),25,2017Q2,j6ns-hzra,Quarterly Ocean Freight Rates for Shipping Soybeans from Selected Brazilian Ports to Germany and China
2017-04-30T00:00:00.000,2017,2,Santarem,Germany (Hamburg),23.6,2017Q2,j6ns-hzra,Quarterly Ocean Freight Rates for Shipping Soybeans from Selected Brazilian Ports to Germany and China
2017-04-30T00:00:00.000,2017,2,Sao Luis,Germany (Hamburg),20,2017Q2,j6ns-hzra,Quarterly Ocean Freight Rates for Shipping Soybeans from Selected Brazilian Ports to Germany and China
2017-04-30T00:00:00.000,2017,2,Barcarena,Germany (Hamburg),20.6,2017Q2,j6ns-hzra,Quarterly Ocean Freight Rates for Shipping Soybeans from Selected Brazilian Ports to Germany and China
2017-04-30T00:00:00.000,2017,2,Santos,China (Shanghai),29,2017Q2,j6ns-hzra,Quarterly Ocean Freight Rates for Shipping Soybeans from Selected Brazilian Ports to Germany and China
2017-04-30T00:00:00.000,2017,2,Paranagua,China (Shanghai),30.5,2017Q2,j6ns-hzra,Quarterly Ocean Freight Rates for Shipping Soybeans from Selected Brazilian Ports to Germany and China
2017-04-30T00:00:00.000,2017,2,Rio Grande,China (Shanghai),29.5,2017Q2,j6ns-hzra,Quarterly Ocean Freight Rates for Shipping Soybeans from Selected Brazilian Ports to Germany and China
2017-04-30T00:00:00.000,2017,2,Santarem,China (Shanghai),33.5,2017Q2,j6ns-hzra,Quarterly Ocean Freight Rates for Shipping Soybeans from Selected Brazilian Ports to Germany and China
2017-04-30T00:00:00.000,2017,2,Sao Luis,China (Shanghai),30.25,2017Q2,j6ns-hzra,Quarterly Ocean Freight Rates for Shipping Soybeans from Selected Brazilian Ports to Germany and China
2017-04-30T00:00:00.000,2017,2,Barcarena,China (Shanghai),33.5,2017Q2,j6ns-hzra,Quarterly Ocean Freight Rates for Shipping Soybeans from Selected Brazilian Ports to Germany and China
2017-07-31T00:00:00.000,2017,3,Santos,Germany (Hamburg),26,2017Q3,j6ns-hzra,Quarterly Ocean Freight Rates for Shipping Soybeans from Selected Brazilian Ports to Germany and China
2017-07-31T00:00:00.000,2017,3,Paranagua,Germany (Hamburg),27,2017Q3,j6ns-hzra,Quarterly Ocean Freight Rates for Shipping Soybeans from Selected Brazilian Ports to Germany and China
2017-07-31T00:00:00.000,2017,3,Rio Grande,Germany (Hamburg),7,2017Q3,j6ns-hzra,Quarterly Ocean Freight Rates for Shipping Soybeans from Selected Brazilian Ports to Germany and China
2017-07-31T00:00:00.000,2017,3,Santarem,Germany (Hamburg),25,2017Q3,j6ns-hzra,Quarterly Ocean Freight Rates for Shipping Soybeans from Selected Brazilian Ports to Germany and China
2017-07-31T00:00:00.000,2017,3,Sao Luis,Germany (Hamburg),21.2,2017Q3,j6ns-hzra,Quarterly Ocean Freight Rates for Shipping Soybeans from Selected Brazilian Ports to Germany and China
2017-07-31T00:00:00.000,2017,3,Barcarena,Germany (Hamburg),21.8,2017Q3,j6ns-hzra,Quarterly Ocean Freight Rates for Shipping Soybeans from Selected Brazilian Ports to Germany and China
2017-07-31T00:00:00.000,2017,3,Santos,China (Shanghai),30,2017Q3,j6ns-hzra,Quarterly Ocean Freight Rates for Shipping Soybeans from Selected Brazilian Ports to Germany and China
2017-07-31T00:00:00.000,2017,3,Paranagua,China (Shanghai),31,2017Q3,j6ns-hzra,Quarterly Ocean Freight Rates for Shipping Soybeans from Selected Brazilian Ports to Germany and China
2017-07-31T00:00:00.000,2017,3,Rio Grande,China (Shanghai),31,2017Q3,j6ns-hzra,Quarterly Ocean Freight Rates for Shipping Soybeans from Selected Brazilian Ports to Germany and China
2017-07-31T00:00:00.000,2017,3,Santarem,China (Shanghai),31,2017Q3,j6ns-hzra,Quarterly Ocean Freight Rates for Shipping Soybeans from Selected Brazilian Ports to Germany and China
2017-07-31T00:00:00.000,2017,3,Sao Luis,China (Shanghai),31,2017Q3,j6ns-hzra,Quarterly Ocean Freight Rates for Shipping Soybeans from Selected Brazilian Ports to Germany and China
2017-07-31T00:00:00.000,2017,3,Barcarena,China (Shanghai),31,2017Q3,j6ns-hzra,Quarterly Ocean Freight Rates for Shipping Soybeans from Selected Brazilian Ports to Germany and China
2017-10-31T00:00:00.000,2017,4,Santos,Germany (Hamburg),27,2017Q4,j6ns-hzra,Quarterly Ocean Freight Rates for Shipping Soybeans from Selected Brazilian Ports to Germany and China
2017-10-31T00:00:00.000,2017,4,Paranagua,Germany (Hamburg),28,2017Q4,j6ns-hzra,Quarterly Ocean Freight Rates for Shipping Soybeans from Selected Brazilian Ports to Germany and China
2017-10-31T00:00:00.000,2017,4,Rio Grande,Germany (Hamburg),28,2017Q4,j6ns-hzra,Quarterly Ocean Freight Rates for Shipping Soybeans from Selected Brazilian Ports to Germany and China
2017-10-31T00:00:00.000,2017,4,Santarem,Germany (Hamburg),26,2017Q4,j6ns-hzra,Quarterly Ocean Freight Rates for Shipping Soybeans from Selected Brazilian Ports to Germany and China
2017-10-31T00:00:00.000,2017,4,Sao Luis,Germany (Hamburg),22,2017Q4,j6ns-hzra,Quarterly Ocean Freight Rates for Shipping Soybeans from Selected Brazilian Ports to Germany and China
2017-10-31T00:00:00.000,2017,4,Barcarena,Germany (Hamburg),22.7,2017Q4,j6ns-hzra,Quarterly Ocean Freight Rates for Shipping Soybeans from Selected Brazilian Ports to Germany and China
2017-10-31T00:00:00.000,2017,4,Santos,China (Shanghai),30,2017Q4,j6ns-hzra,Quarterly Ocean Freight Rates for Shipping Soybeans from Selected Brazilian Ports to Germany and China
2017-10-31T00:00:00.000,2017,4,Paranagua,China (Shanghai),31.5,2017Q4,j6ns-hzra,Quarterly Ocean Freight Rates for Shipping Soybeans from Selected Brazilian Ports to Germany and China
2017-10-31T00:00:00.000,2017,4,Rio Grande,China (Shanghai),30.7,2017Q4,j6ns-hzra,Quarterly Ocean Freight Rates for Shipping Soybeans from Selected Brazilian Ports to Germany and China
2017-10-31T00:00:00.000,2017,4,Santarem,China (Shanghai),34.5,2017Q4,j6ns-hzra,Quarterly Ocean Freight Rates for Shipping Soybeans from Selected Brazilian Ports to Germany and China
2017-10-31T00:00:00.000,2017,4,Sao Luis,China (Shanghai),33.5,2017Q4,j6ns-hzra,Quarterly Ocean Freight Rates for Shipping Soybeans from Selected Brazilian Ports to Germany and China
2017-10-31T00:00:00.000,2017,4,Barcarena,China (Shanghai),34.5,2017Q4,j6ns-hzra,Quarterly Ocean Freight Rates for Shipping Soybeans from Selected Brazilian Ports to Germany and China
2018-01-31T00:00:00.000,2018,1,Santos,Germany (Hamburg),27,2018Q1,j6ns-hzra,Quarterly Ocean Freight Rates for Shipping Soybeans from Selected Brazilian Ports to Germany and China
2018-01-31T00:00:00.000,2018,1,Paranagua,Germany (Hamburg),28,2018Q1,j6ns-hzra,Quarterly Ocean Freight Rates for Shipping Soybeans from Selected Brazilian Ports to Germany and China
2018-01-31T00:00:00.000,2018,1,Rio Grande,Germany (Hamburg),28,2018Q1,j6ns-hzra,Quarterly Ocean Freight Rates for Shipping Soybeans from Selected Brazilian Ports to Germany and China
2018-01-31T00:00:00.000,2018,1,Santarem,Germany (Hamburg),25,2018Q1,j6ns-hzra,Quarterly Ocean Freight Rates for Shipping Soybeans from Selected Brazilian Ports to Germany and China
2018-01-31T00:00:00.000,2018,1,Sao Luis,Germany (Hamburg),21,2018Q1,j6ns-hzra,Quarterly Ocean Freight Rates for Shipping Soybeans from Selected Brazilian Ports to Germany and China
2018-01-31T00:00:00.000,2018,1,Barcarena,Germany (Hamburg),23,2018Q1,j6ns-hzra,Quarterly Ocean Freight Rates for Shipping Soybeans from Selected Brazilian Ports to Germany and China
2018-01-31T00:00:00.000,2018,1,Santos,China (Shanghai),32.5,2018Q1,j6ns-hzra,Quarterly Ocean Freight Rates for Shipping Soybeans from Selected Brazilian Ports to Germany and China
2018-01-31T00:00:00.000,2018,1,Paranagua,China (Shanghai),32,2018Q1,j6ns-hzra,Quarterly Ocean Freight Rates for Shipping Soybeans from Selected Brazilian Ports to Germany and China
2018-01-31T00:00:00.000,2018,1,Rio Grande,China (Shanghai),33,2018Q1,j6ns-hzra,Quarterly Ocean Freight Rates for Shipping Soybeans from Selected Brazilian Ports to Germany and China
2018-01-31T00:00:00.000,2018,1,Santarem,China (Shanghai),38.5,2018Q1,j6ns-hzra,Quarterly Ocean Freight Rates for Shipping Soybeans from Selected Brazilian Ports to Germany and China
2018-01-31T00:00:00.000,2018,1,Sao Luis,China (Shanghai),37,2018Q1,j6ns-hzra,Quarterly Ocean Freight Rates for Shipping Soybeans from Selected Brazilian Ports to Germany and China
2018-01-31T00:00:00.000,2018,1,Barcarena,China (Shanghai),37.5,2018Q1,j6ns-hzra,Quarterly Ocean Freight Rates for Shipping Soybeans from Selected Brazilian Ports to Germany and China
2018-04-30T00:00:00.000,2018,2,Santos,Germany (Hamburg),25,2018Q2,j6ns-hzra,Quarterly Ocean Freight Rates for Shipping Soybeans from Selected Brazilian Ports to Germany and China
2018-04-30T00:00:00.000,2018,2,Paranagua,Germany (Hamburg),26,2018Q2,j6ns-hzra,Quarterly Ocean Freight Rates for Shipping Soybeans from Selected Brazilian Ports to Germany and China
2018-04-30T00:00:00.000,2018,2,Rio Grande,Germany (Hamburg),26,2018Q2,j6ns-hzra,Quarterly Ocean Freight Rates for Shipping Soybeans from Selected Brazilian Ports to Germany and China
2018-04-30T00:00:00.000,2018,2,Santarem,Germany (Hamburg),22.9,2018Q2,j6ns-hzra,Quarterly Ocean Freight Rates for Shipping Soybeans from Selected Brazilian Ports to Germany and China
2018-04-30T00:00:00.000,2018,2,Sao Luis,Germany (Hamburg),19.1,2018Q2,j6ns-hzra,Quarterly Ocean Freight Rates for Shipping Soybeans from Selected Brazilian Ports to Germany and China
2018-04-30T00:00:00.000,2018,2,Barcarena,Germany (Hamburg),20.9,2018Q2,j6ns-hzra,Quarterly Ocean Freight Rates for Shipping Soybeans from Selected Brazilian Ports to Germany and China
2018-04-30T00:00:00.000,2018,2,Santos,China (Shanghai),31,2018Q2,j6ns-hzra,Quarterly Ocean Freight Rates for Shipping Soybeans from Selected Brazilian Ports to Germany and China
2018-04-30T00:00:00.000,2018,2,Paranagua,China (Shanghai),32,2018Q2,j6ns-hzra,Quarterly Ocean Freight Rates for Shipping Soybeans from Selected Brazilian Ports to Germany and China
2018-04-30T00:00:00.000,2018,2,Rio Grande,China (Shanghai),31.5,2018Q2,j6ns-hzra,Quarterly Ocean Freight Rates for Shipping Soybeans from Selected Brazilian Ports to Germany and China
2018-04-30T00:00:00.000,2018,2,Santarem,China (Shanghai),35.5,2018Q2,j6ns-hzra,Quarterly Ocean Freight Rates for Shipping Soybeans from Selected Brazilian Ports to Germany and China
2018-04-30T00:00:00.000,2018,2,Sao Luis,China (Shanghai),34.8,2018Q2,j6ns-hzra,Quarterly Ocean Freight Rates for Shipping Soybeans from Selected Brazilian Ports to Germany and China
2018-04-30T00:00:00.000,2018,2,Barcarena,China (Shanghai),33.8,2018Q2,j6ns-hzra,Quarterly Ocean Freight Rates for Shipping Soybeans from Selected Brazilian Ports to Germany and China
2018-07-31T00:00:00.000,2018,3,Santos,Germany (Hamburg),24,2018Q3,j6ns-hzra,Quarterly Ocean Freight Rates for Shipping Soybeans from Selected Brazilian Ports to Germany and China
2018-07-31T00:00:00.000,2018,3,Paranagua,Germany (Hamburg),25,2018Q3,j6ns-hzra,Quarterly Ocean Freight Rates for Shipping Soybeans from Selected Brazilian Ports to Germany and China
2018-07-31T00:00:00.000,2018,3,Rio Grande,Germany (Hamburg),25,2018Q3,j6ns-hzra,Quarterly Ocean Freight Rates for Shipping Soybeans from Selected Brazilian Ports to Germany and China
2018-07-31T00:00:00.000,2018,3,Santarem,Germany (Hamburg),22.5,2018Q3,j6ns-hzra,Quarterly Ocean Freight Rates for Shipping Soybeans from Selected Brazilian Ports to Germany and China
2018-07-31T00:00:00.000,2018,3,Sao Luis,Germany (Hamburg),18.5,2018Q3,j6ns-hzra,Quarterly Ocean Freight Rates for Shipping Soybeans from Selected Brazilian Ports to Germany and China
2018-07-31T00:00:00.000,2018,3,Barcarena,Germany (Hamburg),20.2,2018Q3,j6ns-hzra,Quarterly Ocean Freight Rates for Shipping Soybeans from Selected Brazilian Ports to Germany and China
2018-07-31T00:00:00.000,2018,3,Santos,China (Shanghai),27.75,2018Q3,j6ns-hzra,Quarterly Ocean Freight Rates for Shipping Soybeans from Selected Brazilian Ports to Germany and China
2018-07-31T00:00:00.000,2018,3,Paranagua,China (Shanghai),28.75,2018Q3,j6ns-hzra,Quarterly Ocean Freight Rates for Shipping Soybeans from Selected Brazilian Ports to Germany and China
2018-07-31T00:00:00.000,2018,3,Rio Grande,China (Shanghai),28.25,2018Q3,j6ns-hzra,Quarterly Ocean Freight Rates for Shipping Soybeans from Selected Brazilian Ports to Germany and China
2018-07-31T00:00:00.000,2018,3,Santarem,China (Shanghai),31.25,2018Q3,j6ns-hzra,Quarterly Ocean Freight Rates for Shipping Soybeans from Selected Brazilian Ports to Germany and China
2018-07-31T00:00:00.000,2018,3,Sao Luis,China (Shanghai),30.75,2018Q3,j6ns-hzra,Quarterly Ocean Freight Rates for Shipping Soybeans from Selected Brazilian Ports to Germany and China
2018-07-31T00:00:00.000,2018,3,Barcarena,China (Shanghai),32.25,2018Q3,j6ns-hzra,Quarterly Ocean Freight Rates for Shipping Soybeans from Selected Brazilian Ports to Germany and China
2018-10-31T00:00:00.000,2018,4,Santos,Germany (Hamburg),25,2018Q4,j6ns-hzra,Quarterly Ocean Freight Rates for Shipping Soybeans from Selected Brazilian Ports to Germany and China
2018-10-31T00:00:00.000,2018,4,Paranagua,Germany (Hamburg),26,2018Q4,j6ns-hzra,Quarterly Ocean Freight Rates for Shipping Soybeans from Selected Brazilian Ports to Germany and China
2018-10-31T00:00:00.000,2018,4,Rio Grande,Germany (Hamburg),26,2018Q4,j6ns-hzra,Quarterly Ocean Freight Rates for Shipping Soybeans from Selected Brazilian Ports to Germany and China
2018-10-31T00:00:00.000,2018,4,Santarem,Germany (Hamburg),23,2018Q4,j6ns-hzra,Quarterly Ocean Freight Rates for Shipping Soybeans from Selected Brazilian Ports to Germany and China
2018-10-31T00:00:00.000,2018,4,Sao Luis,Germany (Hamburg),19,2018Q4,j6ns-hzra,Quarterly Ocean Freight Rates for Shipping Soybeans from Selected Brazilian Ports to Germany and China
2018-10-31T00:00:00.000,2018,4,Barcarena,Germany (Hamburg),20,2018Q4,j6ns-hzra,Quarterly Ocean Freight Rates for Shipping Soybeans from Selected Brazilian Ports to Germany and China
2018-10-31T00:00:00.000,2018,4,Santos,China (Shanghai),30,2018Q4,j6ns-hzra,Quarterly Ocean Freight Rates for Shipping Soybeans from Selected Brazilian Ports to Germany and China
2018-10-31T00:00:00.000,2018,4,Paranagua,China (Shanghai),31,2018Q4,j6ns-hzra,Quarterly Ocean Freight Rates for Shipping Soybeans from Selected Brazilian Ports to Germany and China
2018-10-31T00:00:00.000,2018,4,Rio Grande,China (Shanghai),31.5,2018Q4,j6ns-hzra,Quarterly Ocean Freight Rates for Shipping Soybeans from Selected Brazilian Ports to Germany and China
2018-10-31T00:00:00.000,2018,4,Santarem,China (Shanghai),34,2018Q4,j6ns-hzra,Quarterly Ocean Freight Rates for Shipping Soybeans from Selected Brazilian Ports to Germany and China
2018-10-31T00:00:00.000,2018,4,Sao Luis,China (Shanghai),33,2018Q4,j6ns-hzra,Quarterly Ocean Freight Rates for Shipping Soybeans from Selected Brazilian Ports to Germany and China
2018-10-31T00:00:00.000,2018,4,Barcarena,China (Shanghai),35,2018Q4,j6ns-hzra,Quarterly Ocean Freight Rates for Shipping Soybeans from Selected Brazilian Ports to Germany and China
2019-01-31T00:00:00.000,2019,1,Santos,Germany (Hamburg),23,2019Q1,j6ns-hzra,Quarterly Ocean Freight Rates for Shipping Soybeans from Selected Brazilian Ports to Germany and China
2019-01-31T00:00:00.000,2019,1,Paranagua,Germany (Hamburg),23,2019Q1,j6ns-hzra,Quarterly Ocean Freight Rates for Shipping Soybeans from Selected Brazilian Ports to Germany and China
2019-01-31T00:00:00.000,2019,1,Rio Grande,Germany (Hamburg),23,2019Q1,j6ns-hzra,Quarterly Ocean Freight Rates for Shipping Soybeans from Selected Brazilian Ports to Germany and China
2019-01-31T00:00:00.000,2019,1,Santarem,Germany (Hamburg),21,2019Q1,j6ns-hzra,Quarterly Ocean Freight Rates for Shipping Soybeans from Selected Brazilian Ports to Germany and China
2019-01-31T00:00:00.000,2019,1,Sao Luis,Germany (Hamburg),18,2019Q1,j6ns-hzra,Quarterly Ocean Freight Rates for Shipping Soybeans from Selected Brazilian Ports to Germany and China
2019-01-31T00:00:00.000,2019,1,Barcarena,Germany (Hamburg),19,2019Q1,j6ns-hzra,Quarterly Ocean Freight Rates for Shipping Soybeans from Selected Brazilian Ports to Germany and China
2019-01-31T00:00:00.000,2019,1,Santos,China (Shanghai),32.25,2019Q1,j6ns-hzra,Quarterly Ocean Freight Rates for Shipping Soybeans from Selected Brazilian Ports to Germany and China
2019-01-31T00:00:00.000,2019,1,Paranagua,China (Shanghai),33.75,2019Q1,j6ns-hzra,Quarterly Ocean Freight Rates for Shipping Soybeans from Selected Brazilian Ports to Germany and China
2019-01-31T00:00:00.000,2019,1,Rio Grande,China (Shanghai),31.58,2019Q1,j6ns-hzra,Quarterly Ocean Freight Rates for Shipping Soybeans from Selected Brazilian Ports to Germany and China
2019-01-31T00:00:00.000,2019,1,Santarem,China (Shanghai),32.25,2019Q1,j6ns-hzra,Quarterly Ocean Freight Rates for Shipping Soybeans from Selected Brazilian Ports to Germany and China
2019-01-31T00:00:00.000,2019,1,Sao Luis,China (Shanghai),31,2019Q1,j6ns-hzra,Quarterly Ocean Freight Rates for Shipping Soybeans from Selected Brazilian Ports to Germany and China
2019-01-31T00:00:00.000,2019,1,Barcarena,China (Shanghai),32.25,2019Q1,j6ns-hzra,Quarterly Ocean Freight Rates for Shipping Soybeans from Selected Brazilian Ports to Germany and China
2019-04-30T00:00:00.000,2019,2,Santos,Germany (Hamburg),21.5,2019Q2,j6ns-hzra,Quarterly Ocean Freight Rates for Shipping Soybeans from Selected Brazilian Ports to Germany and China
2019-04-30T00:00:00.000,2019,2,Paranagua,Germany (Hamburg),21.25,2019Q2,j6ns-hzra,Quarterly Ocean Freight Rates for Shipping Soybeans from Selected Brazilian Ports to Germany and China
2019-04-30T00:00:00.000,2019,2,Rio Grande,Germany (Hamburg),21.25,2019Q2,j6ns-hzra,Quarterly Ocean Freight Rates for Shipping Soybeans from Selected Brazilian Ports to Germany and China
2019-04-30T00:00:00.000,2019,2,Santarem,Germany (Hamburg),20.25,2019Q2,j6ns-hzra,Quarterly Ocean Freight Rates for Shipping Soybeans from Selected Brazilian Ports to Germany and China
2019-04-30T00:00:00.000,2019,2,Sao Luis,Germany (Hamburg),17.1,2019Q2,j6ns-hzra,Quarterly Ocean Freight Rates for Shipping Soybeans from Selected Brazilian Ports to Germany and China
2019-04-30T00:00:00.000,2019,2,Barcarena,Germany (Hamburg),17.85,2019Q2,j6ns-hzra,Quarterly Ocean Freight Rates for Shipping Soybeans from Selected Brazilian Ports to Germany and China
2019-04-30T00:00:00.000,2019,2,Santos,China (Shanghai),30.92,2019Q2,j6ns-hzra,Quarterly Ocean Freight Rates for Shipping Soybeans from Selected Brazilian Ports to Germany and China
2019-04-30T00:00:00.000,2019,2,Paranagua,China (Shanghai),31.42,2019Q2,j6ns-hzra,Quarterly Ocean Freight Rates for Shipping Soybeans from Selected Brazilian Ports to Germany and China
2019-04-30T00:00:00.000,2019,2,Rio Grande,China (Shanghai),30.25,2019Q2,j6ns-hzra,Quarterly Ocean Freight Rates for Shipping Soybeans from Selected Brazilian Ports to Germany and China
2019-04-30T00:00:00.000,2019,2,Santarem,China (Shanghai),30.58,2019Q2,j6ns-hzra,Quarterly Ocean Freight Rates for Shipping Soybeans from Selected Brazilian Ports to Germany and China
2019-04-30T00:00:00.000,2019,2,Sao Luis,China (Shanghai),30.58,2019Q2,j6ns-hzra,Quarterly Ocean Freight Rates for Shipping Soybeans from Selected Brazilian Ports to Germany and China
2019-04-30T00:00:00.000,2019,2,Barcarena,China (Shanghai),29.92,2019Q2,j6ns-hzra,Quarterly Ocean Freight Rates for Shipping Soybeans from Selected Brazilian Ports to Germany and China
2019-07-31T00:00:00.000,2019,3,Santos,Germany (Hamburg),27,2019Q3,j6ns-hzra,Quarterly Ocean Freight Rates for Shipping Soybeans from Selected Brazilian Ports to Germany and China
2019-07-31T00:00:00.000,2019,3,Paranagua,Germany (Hamburg),27,2019Q3,j6ns-hzra,Quarterly Ocean Freight Rates for Shipping Soybeans from Selected Brazilian Ports to Germany and China
2019-07-31T00:00:00.000,2019,3,Rio Grande,Germany (Hamburg),27,2019Q3,j6ns-hzra,Quarterly Ocean Freight Rates for Shipping Soybeans from Selected Brazilian Ports to Germany and China
2019-07-31T00:00:00.000,2019,3,Santarem,Germany (Hamburg),25.92,2019Q3,j6ns-hzra,Quarterly Ocean Freight Rates for Shipping Soybeans from Selected Brazilian Ports to Germany and China
2019-07-31T00:00:00.000,2019,3,Sao Luis,Germany (Hamburg),22.77,2019Q3,j6ns-hzra,Quarterly Ocean Freight Rates for Shipping Soybeans from Selected Brazilian Ports to Germany and China
2019-07-31T00:00:00.000,2019,3,Barcarena,Germany (Hamburg),23.52,2019Q3,j6ns-hzra,Quarterly Ocean Freight Rates for Shipping Soybeans from Selected Brazilian Ports to Germany and China
2019-07-31T00:00:00.000,2019,3,Santos,China (Shanghai),33.25,2019Q3,j6ns-hzra,Quarterly Ocean Freight Rates for Shipping Soybeans from Selected Brazilian Ports to Germany and China
2019-07-31T00:00:00.000,2019,3,Paranagua,China (Shanghai),34.75,2019Q3,j6ns-hzra,Quarterly Ocean Freight Rates for Shipping Soybeans from Selected Brazilian Ports to Germany and China
2019-07-31T00:00:00.000,2019,3,Rio Grande,China (Shanghai),34.25,2019Q3,j6ns-hzra,Quarterly Ocean Freight Rates for Shipping Soybeans from Selected Brazilian Ports to Germany and China
2019-07-31T00:00:00.000,2019,3,Santarem,China (Shanghai),38.25,2019Q3,j6ns-hzra,Quarterly Ocean Freight Rates for Shipping Soybeans from Selected Brazilian Ports to Germany and China
2019-07-31T00:00:00.000,2019,3,Sao Luis,China (Shanghai),38.25,2019Q3,j6ns-hzra,Quarterly Ocean Freight Rates for Shipping Soybeans from Selected Brazilian Ports to Germany and China
2019-07-31T00:00:00.000,2019,3,Barcarena,China (Shanghai),38.25,2019Q3,j6ns-hzra,Quarterly Ocean Freight Rates for Shipping Soybeans from Selected Brazilian Ports to Germany and China
2019-10-31T00:00:00.000,2019,4,Santos,Germany (Hamburg),31,2019Q4,j6ns-hzra,Quarterly Ocean Freight Rates for Shipping Soybeans from Selected Brazilian Ports to Germany and China
2019-10-31T00:00:00.000,2019,4,Paranagua,Germany (Hamburg),30.75,2019Q4,j6ns-hzra,Quarterly Ocean Freight Rates for Shipping Soybeans from Selected Brazilian Ports to Germany and China
2019-10-31T00:00:00.000,2019,4,Rio Grande,Germany (Hamburg),31.25,2019Q4,j6ns-hzra,Quarterly Ocean Freight Rates for Shipping Soybeans from Selected Brazilian Ports to Germany and China
2019-10-31T00:00:00.000,2019,4,Santarem,Germany (Hamburg),26.5,2019Q4,j6ns-hzra,Quarterly Ocean Freight Rates for Shipping Soybeans from Selected Brazilian Ports to Germany and China
2019-10-31T00:00:00.000,2019,4,Sao Luis,Germany (Hamburg),23.5,2019Q4,j6ns-hzra,Quarterly Ocean Freight Rates for Shipping Soybeans from Selected Brazilian Ports to Germany and China
2019-10-31T00:00:00.000,2019,4,Barcarena,Germany (Hamburg),24.25,2019Q4,j6ns-hzra,Quarterly Ocean Freight Rates for Shipping Soybeans from Selected Brazilian Ports to Germany and China
2019-10-31T00:00:00.000,2019,4,Santos,China (Shanghai),38.17,2019Q4,j6ns-hzra,Quarterly Ocean Freight Rates for Shipping Soybeans from Selected Brazilian Ports to Germany and China
2019-10-31T00:00:00.000,2019,4,Paranagua,China (Shanghai),39.5,2019Q4,j6ns-hzra,Quarterly Ocean Freight Rates for Shipping Soybeans from Selected Brazilian Ports to Germany and China
2019-10-31T00:00:00.000,2019,4,Rio Grande,China (Shanghai),39.67,2019Q4,j6ns-hzra,Quarterly Ocean Freight Rates for Shipping Soybeans from Selected Brazilian Ports to Germany and China
2019-10-31T00:00:00.000,2019,4,Santarem,China (Shanghai),39.17,2019Q4,j6ns-hzra,Quarterly Ocean Freight Rates for Shipping Soybeans from Selected Brazilian Ports to Germany and China
2019-10-31T00:00:00.000,2019,4,Sao Luis,China (Shanghai),39.42,2019Q4,j6ns-hzra,Quarterly Ocean Freight Rates for Shipping Soybeans from Selected Brazilian Ports to Germany and China
2019-10-31T00:00:00.000,2019,4,Barcarena,China (Shanghai),39.42,2019Q4,j6ns-hzra,Quarterly Ocean Freight Rates for Shipping Soybeans from Selected Brazilian Ports to Germany and China
2020-01-31T00:00:00.000,2020,1,Santos,Germany (Hamburg),29.25,2020Q1,j6ns-hzra,Quarterly Ocean Freight Rates for Shipping Soybeans from Selected Brazilian Ports to Germany and China
2020-01-31T00:00:00.000,2020,1,Paranagua,Germany (Hamburg),30,2020Q1,j6ns-hzra,Quarterly Ocean Freight Rates for Shipping Soybeans from Selected Brazilian Ports to Germany and China
2020-01-31T00:00:00.000,2020,1,Rio Grande,Germany (Hamburg),29.5,2020Q1,j6ns-hzra,Quarterly Ocean Freight Rates for Shipping Soybeans from Selected Brazilian Ports to Germany and China
2020-01-31T00:00:00.000,2020,1,Santarem,Germany (Hamburg),25,2020Q1,j6ns-hzra,Quarterly Ocean Freight Rates for Shipping Soybeans from Selected Brazilian Ports to Germany and China
2020-01-31T00:00:00.000,2020,1,Sao Luis,Germany (Hamburg),22.25,2020Q1,j6ns-hzra,Quarterly Ocean Freight Rates for Shipping Soybeans from Selected Brazilian Ports to Germany and China
2020-01-31T00:00:00.000,2020,1,Barcarena,Germany (Hamburg),24,2020Q1,j6ns-hzra,Quarterly Ocean Freight Rates for Shipping Soybeans from Selected Brazilian Ports to Germany and China
2020-01-31T00:00:00.000,2020,1,Santos,China (Shanghai),35.5,2020Q1,j6ns-hzra,Quarterly Ocean Freight Rates for Shipping Soybeans from Selected Brazilian Ports to Germany and China
2020-01-31T00:00:00.000,2020,1,Paranagua,China (Shanghai),37.25,2020Q1,j6ns-hzra,Quarterly Ocean Freight Rates for Shipping Soybeans from Selected Brazilian Ports to Germany and China
2020-01-31T00:00:00.000,2020,1,Rio Grande,China (Shanghai),37,2020Q1,j6ns-hzra,Quarterly Ocean Freight Rates for Shipping Soybeans from Selected Brazilian Ports to Germany and China
2020-01-31T00:00:00.000,2020,1,Santarem,China (Shanghai),36.5,2020Q1,j6ns-hzra,Quarterly Ocean Freight Rates for Shipping Soybeans from Selected Brazilian Ports to Germany and China
2020-01-31T00:00:00.000,2020,1,Sao Luis,China (Shanghai),36.75,2020Q1,j6ns-hzra,Quarterly Ocean Freight Rates for Shipping Soybeans from Selected Brazilian Ports to Germany and China
2020-01-31T00:00:00.000,2020,1,Barcarena,China (Shanghai),38.5,2020Q1,j6ns-hzra,Quarterly Ocean Freight Rates for Shipping Soybeans from Selected Brazilian Ports to Germany and China
2020-04-30T00:00:00.000,2020,2,Santos,Germany (Hamburg),20.5,2020Q2,j6ns-hzra,Quarterly Ocean Freight Rates for Shipping Soybeans from Selected Brazilian Ports to Germany and China
2020-04-30T00:00:00.000,2020,2,Paranagua,Germany (Hamburg),21.5,2020Q2,j6ns-hzra,Quarterly Ocean Freight Rates for Shipping Soybeans from Selected Brazilian Ports to Germany and China
2020-04-30T00:00:00.000,2020,2,Rio Grande,Germany (Hamburg),20.75,2020Q2,j6ns-hzra,Quarterly Ocean Freight Rates for Shipping Soybeans from Selected Brazilian Ports to Germany and China
2020-04-30T00:00:00.000,2020,2,Santarem,Germany (Hamburg),16,2020Q2,j6ns-hzra,Quarterly Ocean Freight Rates for Shipping Soybeans from Selected Brazilian Ports to Germany and China
2020-04-30T00:00:00.000,2020,2,Sao Luis,Germany (Hamburg),17.5,2020Q2,j6ns-hzra,Quarterly Ocean Freight Rates for Shipping Soybeans from Selected Brazilian Ports to Germany and China
2020-04-30T00:00:00.000,2020,2,Barcarena,Germany (Hamburg),15,2020Q2,j6ns-hzra,Quarterly Ocean Freight Rates for Shipping Soybeans from Selected Brazilian Ports to Germany and China
2020-04-30T00:00:00.000,2020,2,Santos,China (Shanghai),27.08,2020Q2,j6ns-hzra,Quarterly Ocean Freight Rates for Shipping Soybeans from Selected Brazilian Ports to Germany and China
2020-04-30T00:00:00.000,2020,2,Paranagua,China (Shanghai),28.83,2020Q2,j6ns-hzra,Quarterly Ocean Freight Rates for Shipping Soybeans from Selected Brazilian Ports to Germany and China
2020-04-30T00:00:00.000,2020,2,Rio Grande,China (Shanghai),28.58,2020Q2,j6ns-hzra,Quarterly Ocean Freight Rates for Shipping Soybeans from Selected Brazilian Ports to Germany and China
2020-04-30T00:00:00.000,2020,2,Santarem,China (Shanghai),28.08,2020Q2,j6ns-hzra,Quarterly Ocean Freight Rates for Shipping Soybeans from Selected Brazilian Ports to Germany and China
2020-04-30T00:00:00.000,2020,2,Sao Luis,China (Shanghai),28.33,2020Q2,j6ns-hzra,Quarterly Ocean Freight Rates for Shipping Soybeans from Selected Brazilian Ports to Germany and China
2020-04-30T00:00:00.000,2020,2,Barcarena,China (Shanghai),28.33,2020Q2,j6ns-hzra,Quarterly Ocean Freight Rates for Shipping Soybeans from Selected Brazilian Ports to Germany and China
2020-07-31T00:00:00.000,2020,3,Santos,Germany (Hamburg),24,2020Q3,j6ns-hzra,Quarterly Ocean Freight Rates for Shipping Soybeans from Selected Brazilian Ports to Germany and China
2020-07-31T00:00:00.000,2020,3,Paranagua,Germany (Hamburg),25,2020Q3,j6ns-hzra,Quarterly Ocean Freight Rates for Shipping Soybeans from Selected Brazilian Ports to Germany and China
2020-07-31T00:00:00.000,2020,3,Rio Grande,Germany (Hamburg),24.5,2020Q3,j6ns-hzra,Quarterly Ocean Freight Rates for Shipping Soybeans from Selected Brazilian Ports to Germany and China
2020-07-31T00:00:00.000,2020,3,Santarem,Germany (Hamburg),20.75,2020Q3,j6ns-hzra,Quarterly Ocean Freight Rates for Shipping Soybeans from Selected Brazilian Ports to Germany and China
2020-07-31T00:00:00.000,2020,3,Sao Luis,Germany (Hamburg),25,2020Q3,j6ns-hzra,Quarterly Ocean Freight Rates for Shipping Soybeans from Selected Brazilian Ports to Germany and China
2020-07-31T00:00:00.000,2020,3,Barcarena,Germany (Hamburg),20.5,2020Q3,j6ns-hzra,Quarterly Ocean Freight Rates for Shipping Soybeans from Selected Brazilian Ports to Germany and China
2020-07-31T00:00:00.000,2020,3,Santos,China (Shanghai),31.33,2020Q3,j6ns-hzra,Quarterly Ocean Freight Rates for Shipping Soybeans from Selected Brazilian Ports to Germany and China
2020-07-31T00:00:00.000,2020,3,Paranagua,China (Shanghai),33.08,2020Q3,j6ns-hzra,Quarterly Ocean Freight Rates for Shipping Soybeans from Selected Brazilian Ports to Germany and China
