edicao,pagina_pdf,tema,trecho
"NPCP-SP 3ª Rev. Mod.1 (Portaria CPSP 113/2026, vigor 23/04/2026)",5,calado_maximo,"……………………………………………………………………….. 4-27 4.6 – PREVENÇÃO AMBIENTAL…………………………………………………………………………………….. 4-27 4.7 – FISCALIZAÇÃO POR AUTORIDADES NACIONAIS…………………………………………………... 4-28 CAPÍTULO 5 – PARÂMETROS OPERACIONAIS DO PORTO E PROCEDIMENTOS ESPECIAIS 5.1 – CALADO MÁXIMO RECOMENDADO (CALADO OPERACIONAL)……………………………... 5-1 5.2 – RESTRIÇÕES DE VELOCIDADE, CRUZAMENTO E ULTRAPASSAGEM………………………… 5-3 5.3 – RESTRIÇÕES DE HORÁRIO……………………………………………………………………………………. 5-6 5.4 – RESTRIÇÕES DE PORTE DAS EMBARCAÇÕES…………………………………………………………. 5-7 5.5 – RESTRIÇÕES DE FUNDEIO…………………………………………………………………………………….. 5-7 5.6 – MONITORAMENTO DAS C"
"NPCP-SP 3ª Rev. Mod.1 (Portaria CPSP 113/2026, vigor 23/04/2026)",5,cruzamento_ultrapassagem,"27 4.7 – FISCALIZAÇÃO POR AUTORIDADES NACIONAIS…………………………………………………... 4-28 CAPÍTULO 5 – PARÂMETROS OPERACIONAIS DO PORTO E PROCEDIMENTOS ESPECIAIS 5.1 – CALADO MÁXIMO RECOMENDADO (CALADO OPERACIONAL)……………………………... 5-1 5.2 – RESTRIÇÕES DE VELOCIDADE, CRUZAMENTO E ULTRAPASSAGEM………………………… 5-3 5.3 – RESTRIÇÕES DE HORÁRIO……………………………………………………………………………………. 5-6 5.4 – RESTRIÇÕES DE PORTE DAS EMBARCAÇÕES…………………………………………………………. 5-7 5.5 – RESTRIÇÕES DE FUNDEIO…………………………………………………………………………………….. 5-7 5.6 – MONITORAMENTO DAS CONDIÇÕES BATIMÉTRICAS……………………………………………. 5-9 5.7 – MONITORAMENTO DAS CONDIÇÕES AMBIENTAIS………………"
"NPCP-SP 3ª Rev. Mod.1 (Portaria CPSP 113/2026, vigor 23/04/2026)",6,piacaguera,NIZADOS……… 5-14 5.11 – CALADO AÉREO MÁXIMO ADMITIDO………………………………………………………………... 5-14 5.12 – OUTRAS RESTRIÇÕES…………………………………………………………………………………………. 5-14 5.13 – TRÁFEGO NO CANAL DO PORTO/FUNDEADOUROS DO PORTO DE SANTOS………… 5-14 5.14 - TRÁFEGO NO CANAL DE PIAÇAGUERA E NOS TERMINAIS DA USIMINAS E TI - PLAM…………………………………………………………………………………………………………………………… 5-15 5.15 – RESTRIÇÕES ESPECIAIS PARA O CANAL DE SÃO SEBASTIÃO………………………………... 5-15 5.16 – FERROS PRONTOS……………………………………………………………………………………………... 5-16 5.17 – FUNDEIO E APROXIMAÇÃO DE EMBARCAÇÕES JUNTO DE PRAIAS……………………... 5-16 5-18 – ÁREA DE SEGURANÇA……………………………………
"NPCP-SP 3ª Rev. Mod.1 (Portaria CPSP 113/2026, vigor 23/04/2026)",11,dimensoes,"NDIVIDUAL) – Conjunto de dispositivos de segurança utilizados pelos trabalhadores em operações marítimas, como coletes salva-vidas e capacetes. ESPIAS – Cabos utilizados para amarração de embarcações ao cais ou a outras estruturas portuárias. FSRU (FLOATING STORAGE AND REGASIFICATION UNIT) – Unidade flutuante de armazenamento e regaseificação de gás natural liquefeito (GNL). FUNDAMENTAÇÃO – Local específico designado para o fundeio de embarcações, onde podem permanecer ancoradas de forma segura. GNL (GÁS NATURAL LIQUEFEITO) – Gás natural resfriado a temperaturas extremamente baixas para armazenam"
"NPCP-SP 3ª Rev. Mod.1 (Portaria CPSP 113/2026, vigor 23/04/2026)",21,piacaguera,"Paulo/SP; - Represa de Itupararanga – Ibiúna/SP; - Represa de Jaguari - Bragança Paulista/SP; - Represa de Mairiporã – Mairiporã/SP; - Represa de Pirapora – Pirapora/SP; - Canal do Porto de Santos - a montante do Forte da Barra, incluindo o Canal de Piaçaguera; - Canal do Mar Pequeno - entre as Barras de Cananéia e de Icapara; - Canal da Ilha do Cardoso - canais navegáveis até a divisa dos estados de São Paulo e Paraná; - Canal da Ilha de São Vicente - canais navegáveis entre o Canal do Porto de Santos e a Barra de São Vicente; - Rio Itapanhaú - Cubatão/SP , Santos/SP , Guarujá/SP e Bertioga/SP; - Rio C"
"NPCP-SP 3ª Rev. Mod.1 (Portaria CPSP 113/2026, vigor 23/04/2026)",43,portaria_especifica,"da- de Marítima para motos aquáticas e motonautas - NORMAM-212/DPC. 3.6 OUTROS DISPOSITIVOS, MATERIAIS E PUBLICAÇÕES Em caso de disponibilidade de outros dispositivos, materiais e publicações, além daqueles previstos nas normas em vigor será emitida portaria específica para cada caso. 3.7 PORTE OBRIGATÓRIO DE MATERIAL DE SALVATAGEM O material de salvatagem de porte obrigatório são os previstos nas Normas da Autoridade Marítima para Embarcações empregadas na Navegação de Mar Aberto - NORMAM-201 /DPC, nas OSTENSIVO - 3-3 - REV.3 MOD. 1"
"NPCP-SP 3ª Rev. Mod.1 (Portaria CPSP 113/2026, vigor 23/04/2026)",50,calado_maximo,"o Porto de Santos apresenta tráfego intenso de navios, alguns dos quais de grande porte e seus parâmetros podem ser verificados no endereço eletrônico da Autoridade Portuária https://www.portodesantos.com.br/, com especial atenção para os limites de calado máximo e também de calado mínimo. O seu canal de acesso é estreito, sinuoso e com profundidades acima de 15 metros. Em cada uma de suas margens se situam complexas e importantes instalações portuárias muito próximas à linha geral do cais acostável. Em função dessas características, se faz necessária a descrição de procedimentos e o estabelecimento de lim"
"NPCP-SP 3ª Rev. Mod.1 (Portaria CPSP 113/2026, vigor 23/04/2026)",50,cruzamento_ultrapassagem,"am complexas e importantes instalações portuárias muito próximas à linha geral do cais acostável. Em função dessas características, se faz necessária a descrição de procedimentos e o estabelecimento de limitações operacionais relativas à velocidade, cruzamento, horários das manobras e às dimensões dos navios, no canal de acesso, nos berços e seus acessos. Considerando a dinâmica do Complexo do Porto de Santos e suas constantes obras e manutenção de dragagem e construção/manutenção de terminais, a CPSP , sempre que houver necessidade, estabelecerá procedimentos operacionais a serem adotados nas manobras "
"NPCP-SP 3ª Rev. Mod.1 (Portaria CPSP 113/2026, vigor 23/04/2026)",50,portaria_especifica,"e possibilitar a realização das manobras seguras dos navios cujas dimensões excedam os limites previstos nas citadas publicações, e em função de determinadas características dos navios e/ou de determinados locais de atracação, a CPSP estabelecerá em Portaria (s) específica (s) as condições visuais e meteorológicas adequadas para a realização de tais manobras, bem como o número de rebocadores e de práticos necessários, além de outras medidas julgadas cabíveis pela Autoridade Marítima para incrementar a segurança da navegação. II) Porto de São Sebastião O Porto de São Sebastião oferece duas barras de entrada demarcada"
"NPCP-SP 3ª Rev. Mod.1 (Portaria CPSP 113/2026, vigor 23/04/2026)",52,dimensoes,"dos devem atentar para que o porte dos navios atracados sejam compatíveis com a resistência estrutural dos berços de atracação, cabeços e defensas, bem como garantir que haja espaço livre suficiente para atracação entre navios de, pelo menos, 10% do LOA (no caso de navios de LOA < 200m) e de pelo menos 15% do LOA (navios LOA > 200m). Seguem ilustrações abaixo, como exemplos de possível dispositivo de amarração segura de navio ao cais: Fig.1 Fig.2 b) Atracação/ amarração seguras dos navios ao cais no porto de são sebastião e ao tebar Em virtude das características físicas, condições meteoceonográf"
"NPCP-SP 3ª Rev. Mod.1 (Portaria CPSP 113/2026, vigor 23/04/2026)",55,portaria_especifica,"OSTENSIVO NPCP-SP empregados nas manobras e o estabelecimento do dispositivo de reboque constam em Portaria específica desta Capitania, disponível no endereço: https://www.marinha.mil.br/cpsp. Na área de jurisdição da DelSSebastião, a obrigatoriedade do uso de rebocadores deverá ser respeitada pelos Armadores, Praticagem e pelos Comandantes dos Navios Mercantes. A quantidade de rebocadores a serem empregados na manobra e o estabelecimento do dispositivo de reboque"
"NPCP-SP 3ª Rev. Mod.1 (Portaria CPSP 113/2026, vigor 23/04/2026)",56,portaria_especifica,"OSTENSIVO NPCP-SP Obs: Para consulta quanto ao emprego dos rebocadores deverá ser verificada a Portaria específica no endereço eletrônico https://www.marinha.mil.br/cpsp . a) Disposições gerais: Santos As atracações no Complexo do Porto de Santos deverão ser realizadas com pelo menos 1 (um) rebocador desde antes da Fortaleza da Barra para as entradas, e até a Fortaleza da Barra para saídas. Os parâmetros para o uso de rebocadores em manobras no Complexo do Por"
"NPCP-SP 3ª Rev. Mod.1 (Portaria CPSP 113/2026, vigor 23/04/2026)",57,portaria_especifica," dos navios, transporte de Cargas Perigosas e qualquer outra situação documental, estrutural, de máquinas e de tripulação que possa acarretar em riscos e/ ou dificuldades de manobra. As diretrizes para as situações de maior risco serão definidas por Portaria específica devendo ser consultada no endereço eletrônico da Capitania dos Portos de São Paulo, https://www.marinha.mil.br/cpsp. 4.2.4 Situações de força maior Os casos de força maior serão regulamentados por Portaria específica desta Capitania, disponível no endereço eletrônico https://www.marinha.mil.br/cpsp . 4.2.5 Disposições complementares a) Para a atra"
"NPCP-SP 3ª Rev. Mod.1 (Portaria CPSP 113/2026, vigor 23/04/2026)",61,dimensoes,"a manobras a serem realizadas em São Sebastião/TEBAR; III) 01 Prático em Prontidão para manobras a serem realizadas em Santos e Baixada Santista; IV) 01 Prático em Prontidão para manobras a serem realizadas em São Sebastião/TEBAR; e V) Os Navios com LOA entre 306 e 370 metros, respeitadas as particularidades e limitações impostas pelo local de atracação, serão manobrados em condições especiais, com a coordenação da Autoridade Marítima, Autoridade Portuária e Praticagem, por 02 (dois) Práticos, em condições de mar e vento até força 5 na Escala Beaufort (ventos abaixo de 21 nós), vaga abaixo de 1,5"
"NPCP-SP 3ª Rev. Mod.1 (Portaria CPSP 113/2026, vigor 23/04/2026)",61,portaria_especifica,"is) práticos, conforme descrito a seguir, nos procedimentos operacionais existentes na ZP-16. f) Procedimentos operacionais existentes na zp-16 (no complexo do porto de santos) Os procedimentos operacionais existentes na ZP-16 são regulamentados por Portaria específica disponível no endereço eletrônico https://www.marinha.mil.br/cpsp . OSTENSIVO - 4-17 - REV.3"
"NPCP-SP 3ª Rev. Mod.1 (Portaria CPSP 113/2026, vigor 23/04/2026)",65,portaria_especifica,"ade de cumprimentar os navios de guerra em navegação, de acordo com o CIS. b) Deveres do praticante de prático Ao praticante de prático compete cumprir o previsto na Seção IV da NORMAM-311/DPC, além dos procedimentos de qualificação estabelecidos em Portaria específica da CPSP , disponível no endereço eletrônico: https://www.marinha.mil.br/cpsp. 4.3.7 Condições de praticabilidade É competência do Capitão dos Portos/Delegado declarar as condições de praticabilidade do porto em sua respectiva área de jurisdição, conforme previsto no item 2.32 da NORMAM- 311/DPC. OSTENSIVO - 4-21 - REV.3"
"NPCP-SP 3ª Rev. Mod.1 (Portaria CPSP 113/2026, vigor 23/04/2026)",67,dimensoes,"local. c) VERMELHA – IMPRATICABILIDADE TOTAL – quando condições desfavoráveis desaconselharem a realização de quaisquer fainas de praticagem nos complexos portuários, seus canais de acesso, bacias de evolução e fundeadouros Observações: * Navios com LOA > 306 metros; ** Navios de grande área vélica, como Navios Ro-Ro ou Navios em lastro; e *** Navios que tenham quaisquer obstrução à linha de visada entre o passadiço/proa do navio. 4.3.8 Qualificação do praticante de práticos A qualificação do praticante de práticos é regulamentada por Portaria específica da CPSP , disponível no endereço eletrônic"
"NPCP-SP 3ª Rev. Mod.1 (Portaria CPSP 113/2026, vigor 23/04/2026)",67,portaria_especifica,"a vélica, como Navios Ro-Ro ou Navios em lastro; e *** Navios que tenham quaisquer obstrução à linha de visada entre o passadiço/proa do navio. 4.3.8 Qualificação do praticante de práticos A qualificação do praticante de práticos é regulamentada por Portaria específica da CPSP , disponível no endereço eletrônico https://www.marinha.mil.br/cpsp . 4.3.9 Manutenção de habilitação do prático OSTENSIVO - 4-23 - REV.3 ÁREA GEOGRÁFICA PARÂMETROS AMBIENTAIS Verde < 1,5 > 12 > 1 Direta Amarelo < 17 Não há Indireta Vermelho ≥ 3 < 0,5 Impraticabilidade ≥ 1,5 * < 1 * ≥ 3 < 0,5 ≥ 3 < 1 *** Verde < 1,5 < 17 > 1 Direta Amarelo"
"NPCP-SP 3ª Rev. Mod.1 (Portaria CPSP 113/2026, vigor 23/04/2026)",76,calado_maximo,"uver necessidade, os procedimentos operacionais a serem adotados nas manobras no Porto Organizado de São Sebastião, para o incremento da segurança, em complemento a estas normas, a serem respeitados pelos comandantes dos navios e pelos práticos. 5.1 CALADO MÁXIMO RECOMENDADO (CALADO OPERACIONAL) a) Variáveis a considerar O estabelecimento de um valor de fator de segurança a ser recomendado aos navegantes, deve levar em conta as variáveis empíricas a seguir apresentadas: I) Natureza do Fundo II) Movimentos Provocados pelas Ondas Normalmente, a presença de condições de mar acima de três (3) Escala Beaufort, "
"NPCP-SP 3ª Rev. Mod.1 (Portaria CPSP 113/2026, vigor 23/04/2026)",76,folga_quilha,"ebastião, para o incremento da segurança, em complemento a estas normas, a serem respeitados pelos comandantes dos navios e pelos práticos. 5.1 CALADO MÁXIMO RECOMENDADO (CALADO OPERACIONAL) a) Variáveis a considerar O estabelecimento de um valor de fator de segurança a ser recomendado aos navegantes, deve levar em conta as variáveis empíricas a seguir apresentadas: I) Natureza do Fundo II) Movimentos Provocados pelas Ondas Normalmente, a presença de condições de mar acima de três (3) Escala Beaufort, deve resultar em cuidados adicionais do navegante, onde a altura das vagas deve ser considerada. III) Efeito SQ"
"NPCP-SP 3ª Rev. Mod.1 (Portaria CPSP 113/2026, vigor 23/04/2026)",76,portaria_especifica,"e possibilitar a realização das manobras seguras dos navios cujas dimensões excedam os limites previstos nas citadas publicações, e em função de determinadas características dos navios e/ou de determinados locais de atracação, a CPSP estabelecerá em Portaria (s) específica (s) às condições visuais, meteorológicas, intensidades dos ventos e correntes, bem como outros julgados cabíveis, no intuito de incrementar a segurança das manobras, incluindo nesse contexto o número de rebocadores e práticos a serem utilizados. Observado também, a dinâmica do Canal de São Sebastião, a DelSSebastião estabelecerá em documento espec"
"NPCP-SP 3ª Rev. Mod.1 (Portaria CPSP 113/2026, vigor 23/04/2026)",77,calado_maximo," É a diminuição na folga abaixo da quilha causada pelo movimento frontal dos navios. Quando há o aumento de velocidade de escoamento sob o fundo da embarcação, a pressão se reduz, gerando uma sucção que aumenta o calado e acarreta o efeito squat. b) Calado máximo e mínimo de operação I) Calado máximo e mínimo de Operação no Complexo do Porto de Santos A Autoridade Portuária, por intermédio da sua página na Internet, no endereço www.portodesantos.com.br estabelece os calados máximo e mínimo de operação, nos diversos trechos do canal de acesso ao porto, sob coordenação da Autoridade Marítima. Caso essa divul"
"NPCP-SP 3ª Rev. Mod.1 (Portaria CPSP 113/2026, vigor 23/04/2026)",77,folga_quilha,"OSTENSIVO NPCP-SP É a diminuição na folga abaixo da quilha causada pelo movimento frontal dos navios. Quando há o aumento de velocidade de escoamento sob o fundo da embarcação, a pressão se reduz, gerando uma sucção que aumenta o calado e acarreta o efeito squat. b) Calado máximo e mínimo de operação I) Calado máximo e mínimo de Operação no Complexo do Porto de Santos A Autoridade Portuária, por intermédi"
"NPCP-SP 3ª Rev. Mod.1 (Portaria CPSP 113/2026, vigor 23/04/2026)",77,mare," sua página na Internet, no endereço http://portoss.sp.gov.br estabelece os calados máximos de operação, nos diversos trechos do canal de acesso ao porto. A amplitude da maré para o Porto de São Sebastião varia de 0,2m para baixa- mar a 1,5 m para a preamar, tendo como nível médio 0,66 m. As águas correm ora no sentido norte, ora no sentido sul, com a intensidade de corrente atingindo valores consideráveis. Estes fatos prejudicam as manobras de navios no canal, principalmente quando os ventos também atingem valores significativos, o que é muito comum. OSTENSIVO - 5-2 - REV.3"
"NPCP-SP 3ª Rev. Mod.1 (Portaria CPSP 113/2026, vigor 23/04/2026)",77,piacaguera,"os diversos trechos do canal de acesso ao porto, sob coordenação da Autoridade Marítima. Caso essa divulgação não ocorra, o Agente da Autoridade Marítima fixará o calado máximo e mínimo de operação. II) Calado máximo e mínimo de Operação no Canal de Piaçaguera O calado máximo e mínimo de operação no Canal de Piaçaguera é estabelecido em P ortaria específica da CPSP , disponível no endereço eletrônico https://www.marinha.mil.br/cpsp . III) Calado máximo de Operação em São Sebastião A Companhia Docas de São Sebastião, por intermédio da sua página na Internet, no endereço http://portoss.sp.gov.br estabelec"
"NPCP-SP 3ª Rev. Mod.1 (Portaria CPSP 113/2026, vigor 23/04/2026)",78,calado_maximo,"ar, o navio deverá se afastar, utilizando o mesmo percurso, em sentido inverso; e a até 9,1m, inclusive, em condições de enchente de maré, mantida uma folga sob a quilha de, no mínimo, 0,7m e com a praticagem obedecendo a mesma rota supracitada. IV) Calado máximo de Operação no Terminal Almirante Barroso (TEBAR) O Terminal é constituído de dois píeres com quatro berços, o Braço Sul possui 508 metros de extensão, tendo um berço externo (PP1) com 23m de calado máximo e um berço interno (PP2) com 16,9m. O Braço Norte possui 395 m de extensão, tendo um berço externo (PP3) com 19,0 m de calado máximo e um berço"
"NPCP-SP 3ª Rev. Mod.1 (Portaria CPSP 113/2026, vigor 23/04/2026)",78,mare,"ara qualquer situação de maré, desde que a praticagem realize a aproximação para atracação a partir do norte do cais; ao desatracar, o navio deverá se afastar, utilizando o mesmo percurso, em sentido inverso; e a até 9,1m, inclusive, em condições de enchente de maré, mantida uma folga sob a quilha de, no mínimo, 0,7m e com a praticagem obedecendo a mesma rota supracitada. IV) Calado máximo de Operação no Terminal Almirante Barroso (TEBAR) O Terminal é constituído de dois píeres com quatro berços, o Braço Sul possui 508 metros de extensão, tendo um berço externo (PP1) com 23m de calado máximo e um berço intern"
"NPCP-SP 3ª Rev. Mod.1 (Portaria CPSP 113/2026, vigor 23/04/2026)",78,cruzamento_ultrapassagem,"o (PP1) com 23m de calado máximo e um berço interno (PP2) com 16,9m. O Braço Norte possui 395 m de extensão, tendo um berço externo (PP3) com 19,0 m de calado máximo e um berço interno (PP4) com 12,2 m de calado máximo. 5.2 RESTRIÇÕES DE VELOCIDADE, CRUZAMENTO E ULTRAPASSAGEM 5.2.1 Restrições de velocidade A navegação nos canais dos portos da Baixada Santista e de São Sebastião devem ser feitas em marcha reduzida. A velocidade máxima permitida para navios no canal do Porto de Santos e no Canal de São Sebastião é de 9 (nove) nós, em relação à superfície da água. As embarcações comerciais até 20 AB e as e"
"NPCP-SP 3ª Rev. Mod.1 (Portaria CPSP 113/2026, vigor 23/04/2026)",79,cruzamento_ultrapassagem,"eiros do Estado de São Paulo, da ANVISA (Agência Nacional de Vigilância Sanitária) e da Praticagem trafegarem acima dos limites de velocidade preconizados neste documento, para os trechos dos canais e rios da jurisdição da CPSP . 5.2.2 Restrições de cruzamento a) Complexo do Porto de Santos I - Não poderá haver cruzamentos entre navios de qualquer porte nas imediações da travessia de balsas (foz do Rio do Meio à foz do Rio Santo Amaro). II - Considerando os trechos entre a Ilha das Palmas e a foz do Rio do meio; e entre os armazéns 29 e 12, não poderá haver cruzamento, caso qualquer dos navios envolvido"
"NPCP-SP 3ª Rev. Mod.1 (Portaria CPSP 113/2026, vigor 23/04/2026)",79,dimensoes,"Rio Santo Amaro). II - Considerando os trechos entre a Ilha das Palmas e a foz do Rio do meio; e entre os armazéns 29 e 12, não poderá haver cruzamento, caso qualquer dos navios envolvidos esteja enquadrado em alguma das seguintes características: - Comprimento total superior a 230,00m; - Calado superior a 11,00m; - Navios de passageiros; - Navios de Guerra de comprimento total superior a 80m e Navios Multipropósitos; - Submarinos; - Navio Veleiro da MB ou de Marinhas estrangeiras; - Navios RO-RO; e OSTENSIVO - 5-4 - REV.3"
"NPCP-SP 3ª Rev. Mod.1 (Portaria CPSP 113/2026, vigor 23/04/2026)",79,piacaguera,"OSTENSIVO NPCP-SP a) na área delimitada entre o través do farol “Pedra do Corvo” e a ponte da FEPASA, situada nas proximidades da Base Aérea de Santos (Canal de Bertioga); b) no Canal de Piaçaguera; e c) no rio Itanhaém, rio Branco e rio Preto; No Rio do Meio e seus canais deverão ser observados os seguintes limites de velocidade em relação à superfície da água: 5 (cinco) nós para embarcações com até 30 pés de comprimento e 3 (três) nós para embarcações com comprimento superior a 30 pés. Deverá ser observado o limite de 5 (cinco) nós nas pro"
"NPCP-SP 3ª Rev. Mod.1 (Portaria CPSP 113/2026, vigor 23/04/2026)",80,cruzamento_ultrapassagem,"OSTENSIVO NPCP-SP - Não deverá ocorrer o cruzamento de navios, de qualquer porte: * No canal de Piaçaguera; e * Em todo o estuário da Baixada Santista, nas condições de baixa visibilidade. III - Cruzamentos entre embarcação miúda, de pequeno porte ou médio porte e embarcações com AB superior a 2000, a embarcação de menor porte deve manter uma distância mínima de 100 metros da proa ou popa da embarc"
"NPCP-SP 3ª Rev. Mod.1 (Portaria CPSP 113/2026, vigor 23/04/2026)",80,piacaguera,"OSTENSIVO NPCP-SP - Não deverá ocorrer o cruzamento de navios, de qualquer porte: * No canal de Piaçaguera; e * Em todo o estuário da Baixada Santista, nas condições de baixa visibilidade. III - Cruzamentos entre embarcação miúda, de pequeno porte ou médio porte e embarcações com AB superior a 2000, a embarcação de menor porte deve manter uma distância mínima de 100 metros da proa ou popa da embarcação de maior porte durante a manobra de cruzamento. IV"
"NPCP-SP 3ª Rev. Mod.1 (Portaria CPSP 113/2026, vigor 23/04/2026)",81,cruzamento_ultrapassagem,"OSTENSIVO NPCP-SP Fig.: Área considerada ideal para o cruzamento entre os dois navios petroleiros. II) O limite operacional das condições ambientais para o cruzamento dos dois navios petroleiros na área interna do canal de São Sebastião, inicialmente, será: Ventos ≤15 nós, Ondas Hs ≤ 1,5m e Corrente ≤ 1,5 nós. III) Não está autorizado realizar o cruzamento entre dois navios“carregados”, devendo ao menos um dele"
"NPCP-SP 3ª Rev. Mod.1 (Portaria CPSP 113/2026, vigor 23/04/2026)",81,portaria_especifica,") toneladas, participando da manobra simultânea de cruzamento. As manobras simultâneas de cruzamento, entre dois navios petroleiros, na área interna do Canal de São Sebastião, apenas serão realizadas se todas as condições acima e as estabelecidas em portaria específica forem criteriosamente respeitadas. 5.2.3 Restrições de ultrapassagem a) É proibida a ultrapassagem de navios em qualquer ponto do estuário da Baixada Santista, salvo em situações especiais, e, neste caso, com a anuência expressa do comandante do navio que está sendo alcançado e de comum acordo entre os práticos que estiverem a bordo. b) Nos casos "
"NPCP-SP 3ª Rev. Mod.1 (Portaria CPSP 113/2026, vigor 23/04/2026)",82,portaria_especifica," áreas específicas e sob condições particulares, complementando as normas internacionais e nacionais já existentes. 5.3 RESTRIÇÕES DE HORÁRIO a) Restrições de horário para os portos da baixada santista As restrições de horário são regulamentadas por Portaria específica, disponível no endereço eletrônico https://www.marinha.mil.br/cpsp . b) Restrições de horário para o porto de são sebastião É proibida a entrada noturna no Canal de São Sebastião para fundeio, salvo os casos excepcionais mediante autorização expressa da Delegacia da Capitania dos Portos. 5.4 RESTRIÇÕES DE PORTE DAS EMBARCAÇÕES As restrições de por"
"NPCP-SP 3ª Rev. Mod.1 (Portaria CPSP 113/2026, vigor 23/04/2026)",86,dimensoes,"ade mantida > 30Nós ou rajadas > 35Nós. III - visibilidade -alcance < 0,5 milha náutica. b) PARCIAL (CONDIÇÃO DE PRATICABILIDADE AMARELA)– quando ocorrer pelo menos uma das três situações: I - vagas > 1,5 e < 3 metros, suspensão parcial, para navios LOA > 306 metros. II - vento - intensidade mantida > 17 e < 30 Nós ou rajadas > 25 e < 35 Nós, suspensão parcial para navios de LOA > 306 metros e Navios de grande área vélica, como Navios Ro-Ro ou Navios em lastro. III - visibilidade - alcance < 1 milha náutica, suspensão parcial para navios de LOA > 306 metros e para navios que tenham quaisquer obst"
"NPCP-SP 3ª Rev. Mod.1 (Portaria CPSP 113/2026, vigor 23/04/2026)",88,dimensoes,"OSTENSIVO NPCP-SP 5.8 PARÂMETROS OPERACIONAIS PARA UTILIZAÇÃO DE 02 (DOIS) PRÁTICOS NO COMPLEXO DO PORTO DE SANTOS a) Navios cargueiros com loa entre 306 e 340 metros Respeitadas as particularidades e limitações impostas pelo local de atracação, serão manobrados em condições especiais, com a coordenação da Autoridade Marítima, Autoridade Portuária e Praticagem, desde que sejam manobrados por dois (2) Práticos, em condições de mar e vento até força 5 na Escala Beaufort (ventos abaixo de 21"
"NPCP-SP 3ª Rev. Mod.1 (Portaria CPSP 113/2026, vigor 23/04/2026)",88,portaria_especifica,"metros e visibilidade maior que uma milha náutica. b) Navios porta contêiner com loa entre 340 e 370 metros (classe new panamax) Os parâmetros para a utilização de 02(dois) práticos para Navios com LOA entre 340 e 370 metros estão regulamentadas por Portaria específica da CPSP , disponível no endereço eletrônico: https://www.marinha.mil.br/cpsp. c) Navios no terminal de regaseificação de são paulo (trsp) Os parâmetros para a utilização de 02(dois) práticos para Navios do Terminal de Regaseificação de São Paulo (TRSP) estão regulamentadas por Portaria específica da CPSP , disponível no endereço eletrônico: https:"
"NPCP-SP 3ª Rev. Mod.1 (Portaria CPSP 113/2026, vigor 23/04/2026)",89,calado_maximo,"or que 67,5 metros) não poderão trafegar para locais além das torres de transmissão (em frente ao Armazém nº 25) no canal de acesso ao Complexo do Porto de Santos. 5.12 OUTRAS RESTRIÇÕES Ainda, em função da amplitude das ondas no canal de acesso, os calados máximos de operação poderão ser alterados, de modo a eliminar ou reduzir a possibilidade de toque no fundo dos navios em trânsito. 5.13 TRÁFEGO NO CANAL DO PORTO/ FUNDEADOUROS DO COMPLEXO DO PORTO DE SANTOS a) Embarcações dos tipos draga e lameiro, classificadas como navegação interior, estão autorizadas a navegar fora dos limites do porto com destino às "
"NPCP-SP 3ª Rev. Mod.1 (Portaria CPSP 113/2026, vigor 23/04/2026)",90,mare,"I - ser restrita a navios com, no máximo, 70 metros de comprimento, calado de 7,0 metros e boca de 23 metros; II - ser realizada com Prático utilizando rebocadores, de acordo com o previsto na NORMAM-203/DPC; III - ser realizada durante o período da preamar para navios com calado superior a 6,0 metros; IV - ser realizada com vento de intensidade máxima de 15 nós e corrente de intensidade máxima de 3 nós; V - limitar o afastamento do navio a 20 metros na direção da parte interna do cais; VI - ter a amarração reforçada e, sempre que exequível, ter o ferro largado; OSTENSIVO - 5-15 - REV.3"
"NPCP-SP 3ª Rev. Mod.1 (Portaria CPSP 113/2026, vigor 23/04/2026)",90,cruzamento_ultrapassagem,"bido I - o trânsito simultâneo de dois ou mais navios mercantes tanto no canal de acesso da barra norte quanto no canal de acesso da barra sul. II - aos navios em movimento no Canal cruzarem a proa de navios fundeados a menos de 500 jardas. III - os cruzamentos de balsas ao longo do canal, devem guardar distância mínima de 100 jardas entre estas e qualquer outra embarcação trafegando no eixo do canal. IV - a atracação de navios no Terminal Marítimo Almirante Barroso (TEBAR) quando a correnteza for maior ou igual a 3 (três) nós ou em situação de mau tempo. b) A atracação no cais lateral (cais 201) do por"
"NPCP-SP 3ª Rev. Mod.1 (Portaria CPSP 113/2026, vigor 23/04/2026)",90,piacaguera,"s. c) As embarcações miúdas com mais de 5m, empregadas em atividade comercial devem estar equipadas com aparelho de VHF marítimo, e permanecer em escuta permanente no canal 16 VHF (156,8 MHz) quando em operação (e canal 11). 5.14 TRÁFEGO NO CANAL DE PIAÇAGUERA E NOS TERMINAIS DA USIMINAS E TIPLAN A navegação no Canal de Piaçaguera e USIMINAS deverá ser realizada por apenas um navio por vez. 5.15 RESTRIÇÕES ESPECIAIS PARA O CANAL DE SÃO SEBASTIÃO a) É proibido I - o trânsito simultâneo de dois ou mais navios mercantes tanto no canal de acesso da barra norte quanto no canal de acesso da barra sul. II - ao"
"NPCP-SP 3ª Rev. Mod.1 (Portaria CPSP 113/2026, vigor 23/04/2026)",94,dimensoes,"asos futuros serão analisados individualmente. 5.20.2 Regras e procedimentos para operação de navios tipo fsru e lngc no terminal de regaseificação de são paulo (trsp) a) Definir as dimensões máximas dos Navios, que atracarão no terminal: I - FSRU (Float Storage and Regasification Unit): LOA: 295m, Boca: 47m, Calado: 12,5m e deadweight: 174.000 m*; II - LNGC (Liquefied Natural Gas Carrier): LOA: 300m, Boca: 52m, Calado: 12,5m e deadweight: 177.000 mº; e III - balsa: Comprimento: 58,79m, Largura: 24m, Calado: 3,68m. b) As manobras (em condição Operacional) poderão ser realizadas, desde que: I - Os"
"NPCP-SP 3ª Rev. Mod.1 (Portaria CPSP 113/2026, vigor 23/04/2026)",96,cruzamento_ultrapassagem,"OSTENSIVO NPCP-SP X - Durante as manobras de navegação (FSRU/LNGC) não poderá ocorrer cruzamento no canal; e XI - o comandante do rebocador principal do conjunto (balsa e rebocador) deverá manter contato com a praticagem e autoridade portuária de forma a evitar o cruzamento com navios passantes no canal. c) As manobras (em condição de Emergência) poderão ser realizadas, desde que: I - as manobras de atracação e desatracação (FSRU/LNGC) sejam "
"NPCP-SP 3ª Rev. Mod.1 (Portaria CPSP 113/2026, vigor 23/04/2026)",96,piacaguera,"enta e dois) metros, a partir do centro da FSRU, onde: I - Não afetará o tráfego de navios autorizados a cruzar o canal pelas Autoridades Marítima e Portuária, para acessar os demais terminais localizados no canal do Complexo do Porto de Santos e de Piaçaguera, e nem a prestação de serviços ao TRSP e/ou navios metaneiros (FSRU e LNGC) atracados. OSTENSIVO - 5-21 - REV.3"
"NPCP-SP 3ª Rev. Mod.1 (Portaria CPSP 113/2026, vigor 23/04/2026)",98,dimensoes,"inha, serão restituídas ao proprietário, mediante o ressarcimento das despesas realizadas com o seu reboque, conservação e guarda. O proprietário será notificado para retirar a boia no prazo de até 15 (quinze) dias e, caso não retire, a bóia será leiloada, conforme legislação vigente. 5.22 OPERAÇÕES DE MERGULHO COMERCIAL O interessado em realizar operação de mergulho comercial deverá fazer comunicação prévia e com antecedência mínima de 72 (setenta e duas) horas à CPSP , no endereço eletrônico cpsp.insp.naval@marinha.mil.br, com a finalidade de divulgação por meio de publicação em Aviso aos Naveg"
"NPCP-SP 3ª Rev. Mod.1 (Portaria CPSP 113/2026, vigor 23/04/2026)",99,portaria_especifica,"es em operações ocorrendo concomitantemente, desde que esteja expresso na comunicação prévia à CPSP e que, em caso de qualquer acidente/incidente, ambas as operações sejam imediatamente suspensas. Obs: Outras informações sobre o assunto constarão em Portaria específica da CPSP . 5.22.3 Atividade de mergulho amador (esportivo/ não profissional) Deverão ser cumpridos os seguintes procedimentos para embarcação de apoio ao mergulho amador e de esporte e recreio na presença de mergulhadores na água, considerando as atribuições da CPSP e DelSSebastião para com a segurança da navegação, e a salvaguarda da vida humana n"
"NPCP-SP 3ª Rev. Mod.1 (Portaria CPSP 113/2026, vigor 23/04/2026)",106,cruzamento_ultrapassagem,"to de Santos. l) A atracação no terminal 15 se dará obrigatoriamente por boreste e no terminal 16 por bombordo, evitando assim a aproximação do hélice dos navios que atracarem nos referidos terminais da entrada do túnel das catraias. m) É proibido o cruzamento de cabos (espias) sobre a saída/entrada do túnel das catraias, sendo que nenhuma catraia deverá trafegar por baixo de cabos de navios. n) Os comandantes dos navios mercantes, dos rebocadores de apoio portuário e de outras embarcações, bem como os práticos, deverão manter especial atenção quando em navegação nas proximidades da entrada do túnel das"
"NPCP-SP 3ª Rev. Mod.1 (Portaria CPSP 113/2026, vigor 23/04/2026)",112,mare,"o calado (principalmente esporte e recreio), desde a sua foz até cerca de 6 km a montante. Possui profundidade de 1,30 m a 2,10 m em 90% dos dias do ano. Na sua foz so - fre bastante o efeito de maré, sendo assoreada e com calado restrito a 30 cm na baixamar, sendo permitida a saída de embarcações somente na preamar. Não há sinalização nem carta de navegação para o trecho citado. b) Rio Ribeira do Iguape – navegável por embarcações de pequeno calado (barcos de pesca, chatas e balsas, desde a barra de Icapara até foz do Juquiá, numa extensão de aproxi - madamente 110 km. Sua profundidade em 90% do temp"
"NPCP-SP 3ª Rev. Mod.1 (Portaria CPSP 113/2026, vigor 23/04/2026)",167,dimensoes, CAPITANIA DOS PORTOS DE SÃO PAULO RELATÓRIO DE INSPEÇÃO DE FAINA DE PRATICAGEM 1) NOME DO(S) PRÁTICO(S): _________________________________________________________ 2) NOME E IDENTIFICAÇÃO DO NAVIO: ________________________________________________ 3) LOA DO NAVIO/ BOCA DO NAVIO:______________________________________________________ 4) DATA-HORA DA MANOBRA: _______________________________________________________ 5) TIPO DE MANOBRA (ENTRADA/ SAÍDA/MUDANÇA): ___________________________________ 6) LOCAL DE ATRACAÇÃO/ DESATRACAÇÃO: ____________________________________________ Inspetor MARINHA DO BRASIL
"NPCP-SP 3ª Rev. Mod.1 (Portaria CPSP 113/2026, vigor 23/04/2026)",169,dimensoes,ITANIA DOS PORTOS EM SÃO SEBASTIÃO RELATÓRIO DE INSPEÇÃO DE FAINA DE PRATICAGEM 1) NOME DO(S) PRÁTICO(S): _________________________________________________________ 2) NOME E IDENTIFICAÇÃO DO NAVIO: ________________________________________________ 3) LOA DO NAVIO/ BOCA DO NAVIO: _________________________________________________________________ 4) DATA-HORA DA MANOBRA: _______________________________________________________ 5) TIPO DE MANOBRA (ENTRADA/ SAÍDA/MUDANÇA): ___________________________________ 6) LOCAL DE ATRACAÇÃO/ DESATRACAÇÃO: ____________________________________________ Inspetor MARIN
NPCP-SP 1ª Rev. (2016),10,calado_maximo,. . . . . . . . . .. 4-30 0427 – Port State Control e Flag State Control. . . . . . . . . . . . . . . . . . . . . . . . . . . .. 4-30 CAPÍTULO 5 – PARÂMETROS OPERACIONAIS DO PORTO E PROCEDIMEN - TOS ESPECIAIS SEÇÃO I – RESTRIÇÕES OPERACIONAIS 0501 – Calado máximo recomendado (Calado Operacional) . . . . . . . . . . . . . . . . . 5-1 a) Introdução . . . . . . . . . . . . . . . . . . . . . . . . . . . . . . . . . . . . . . . . . . . . . . . . . 5-1 b) Variáveis a considerar . . . . . . . . . . . . . . . . . . . . . . . . . . . . . . . . . . . . . . . 5-2 c) Integração das variáveis . . . . . . . . . . . . . 
NPCP-SP 1ª Rev. (2016),10,cruzamento_ultrapassagem,". . . . . . . . . . . 5-3 d) Calado máximo recomendado (CMR) . . . . . . . . . . . . . . . . . . . . . . . . . . 5-3 e) Calado máximo de operação. ….. . . . . . . . . . . . . . . . . . . . . . . . . . . . . . . . 5-3 0502 – Restrições de velocidade, cruzamento e ultrapassagem . . . . . . . . . . . . . . . 5-4 a) Limites de velocidade................................................................................ 5-4 b) Cruzamento................................................................................................ 5-4 c) Ultrapassagem............................................................"
NPCP-SP 1ª Rev. (2016),11,piacaguera, 5-9 0510 – Outras Restrições . . . . . . . . . . . . . . . . . . . . . . . . . . . . . . . . . . . . . . . . . . . . . . 5-9 a) Tráfego no Canal do Porto de Santos.......................................................... 5-9 b) Tráfego no canal de Piaçaguera e nos terminais da Usiminas e UltraFér- til............................................................................................................ 5-10 c) Restrições especiais para o canal de São Sebastião................................... 5-10 d) Ferros prontos.................................................................................
NPCP-SP 1ª Rev. (2016),19,piacaguera,"Paulo/SP; - Represa de Itupararanga – Ibiúna/SP; - Represa de Jaguari - Bragança Paulista/SP; - Represa de Mairiporã – Mairiporã/SP; - Represa de Pirapora – Pirapora/SP; - Canal do Porto de Santos - a montante do Forte da Barra, incluindo o Canal de Piaçaguera; - Canal do Mar Pequeno - entre as Barras de Cananéia e de Icapara; - Canal da Ilha do Cardoso - canais navegáveis até a divisa dos estados de São Paulo e Paraná; - Canal da Ilha de São Vicente - canais navegáveis entre o Canal do Porto de Santos e a Barra de São Vicente; - Rio Itapanhaú - Cubatão/SP, Santos/SP, Guarujá/SP e Bertioga/SP; - Rio Cas"
NPCP-SP 1ª Rev. (2016),21,cruzamento_ultrapassagem," Ilha do Tamanduá; C - Ilha do ""Mar Virado""; D - Ilhota dos Porcos (Anchieta); e E - Ilha das ""Couves"", até a Ponta do Camburi. Área interna delimitada pelos seguintes alinhamentos: A - Farol da Ponta da Sela; e B - Ponta do Apara, sendo permitido o cruzamento dessa ponta até a distância de uma milha. Área delimitada pelos seguintes alinhamentos: A - Ponta da Boraceia; B - Ilha das Couves; C - Ponta Grossa; e D - Ponta do Apara. Na Ponta Grossa, é permitido o cruzamento até a Ponta do Apara, mantendo-se um afastamento de até uma milha da costa. SEÇÃO II CARACTERÍSTICAS PRINCIPAIS DO PORTO E SUA ADMINIST"
NPCP-SP 1ª Rev. (2016),23,calado_maximo,"o Estado de São Paulo, nas seguintes coordenadas: latitude 23º48'12"" S e longitude 045º23'18"" W. O Terminal é constituído de dois píeres com quatro berços, o Braço Sul possui 508 me - tros de extensão, tendo um berço externo (PP1) com 23,0 metros de calado máximo e um berço interno (PP2) com 16,90 metros e até 17,5 metros de calado máximo durante a luz do dia e na preamar. O Braço Norte possui 395 metros de extensão, tendo um berço externo (PP3) com 19,0 metros de calado máximo e um berço interno (PP4) com 12,5 metros de calado máximo. O Terminal opera com vários navios-tanque que transportam petróleos nac"
NPCP-SP 1ª Rev. (2016),23,mare,"uído de dois píeres com quatro berços, o Braço Sul possui 508 me - tros de extensão, tendo um berço externo (PP1) com 23,0 metros de calado máximo e um berço interno (PP2) com 16,90 metros e até 17,5 metros de calado máximo durante a luz do dia e na preamar. O Braço Norte possui 395 metros de extensão, tendo um berço externo (PP3) com 19,0 metros de calado máximo e um berço interno (PP4) com 12,5 metros de calado máximo. O Terminal opera com vários navios-tanque que transportam petróleos nacionais e impor- tados e seus derivados. -1-9- "
NPCP-SP 1ª Rev. (2016),45,cruzamento_ultrapassagem,"am complexas e importantes instalações portuárias muito próximas à linha geral do cais acostável. Em função dessas características, se faz necessária a descrição de procedimentos e o estabelecimento de limitações operacionais relativas à velocidade, cruzamento, horários das manobras e às dimensões dos navios, no canal de acesso, nos berços e seus acessos. Considerando a dinâmica do Porto de Santos e suas constantes obras de dragagem e construção/manutenção de terminais, a CPSP, sempre que houver necessidade, estabelecerá procedimentos operacionais a serem adotados nas manobras no Complexo Portuário de S"
NPCP-SP 1ª Rev. (2016),45,dimensoes,ição do navio-tipo autorizado a realizar manobras no Porto de Santos sem restrições de horário (períodos diurno e noturno) e sob condições de visibilidade que permitam a segurança da manobra (alcance maior que uma milha náutica): comprimento máximo (LOA) até 306 metros e boca até 46 metros. -4-5-
NPCP-SP 1ª Rev. (2016),45,portaria_especifica,"e possibilitar a realização das manobras seguras dos navios cujas dimensões excedam os limites previstos nas citadas publicações, e em função de determinadas características dos navios e/ou de determinados locais de atracação, a CPSP estabelecerá em Portaria (s) específica (s) as condições visuais e meteorológicas adequadas para a realização de tais manobras, bem como o número de rebocadores e de práticos necessários. b) Sistema de Balizamento O balizamento adotado nas águas de jurisdição da CP/DL é o Sistema de Balizamento Marítimo – Região “B” recomendado pela associação Internacional de Autoridades em Auxílios à "
NPCP-SP 1ª Rev. (2016),46,dimensoes,"nal e respeitadas as particularidades e limitações inerentes ao local de atracação, atualmente, podem ser manobrados, em condições especiais, com a coordenação da Autoridade Marítima, Autoridade Portuária e Praticagem, navios com comprimento máximo (LOA) até 336 metros, conforme estabelecido em Portaria da CPSP. 0403 – ENTRADA, DESPACHO E SAÍDA DE EMBARCAÇÕES O controle de entrada e saída do porto é exercido pela Seção de Despacho de Embarcações da Divisão de Inspeção Naval e Vistorias da CPSP, devendo ser cumprido pelo Armador, Comandante, Agente ou Preposto da embarcação, por ocasião da entrada"
NPCP-SP 1ª Rev. (2016),47,dimensoes,"minal a responsabilidade por garantir o recebimento de navios com deslocamentos compatíveis com a resistência estrutural do local de atracação, bem como por garantir que haja espaço livre suficiente para atracação entre navios de, pelo menos, 10% do LOA (no caso de navios de LOA < 200m) e de pelo menos 15% do LOA (navios LOA > 200m). Assim, é essencial que os agentes de navegação alertem os comandantes dos seus respectivos navios agenciados com relação aos aspectos abordados acima e quanto à necessidade de utilizarem cabos de amarração com coeficientes de resistência /elasticidade compatíveis, em"
NPCP-SP 1ª Rev. (2016),51,dimensoes,"metros para o uso de rebocadores em manobras no Porto de Santos, tanto em relação à quantidade quanto em relação ao tempo, em função da distância percorrida, de uso. Para isso foram usados os seguintes critérios:  Dimensões e carregamento do navio (LOA, calado, dwt e carregamento)  Condições do navio (idade, tipo de carga, histórico e condições)  Manobra (localização do berço / com ou sem “giro”) Condições da Corrente de Maréde acordo com as seguintes situações: Carga perigosa e/ou de dano potencial ao meio-ambiente Ex.: Navios tanque, gaseiros, químicos Navios pesados e/ou de grandes dimensõe"
NPCP-SP 1ª Rev. (2016),52,dimensoes,"exceto passageiros) Carga perigosa/danosa ao meio-ambiente, navios velhos, histórico de acidentes ou com deficiências Pelo menos 2 rebocadores Navios carregados Calado>85% do summer draft Pelo menos 2 rebocadores Os seguintes Navios restritos: 230m< Loa<280m; 11m <calado<12m; ou 60.000t < dwt <80.000t Pelo menos 2 rebocadores para manobras com giro. Um 3º rebocador é recomendado para as manobras na Alamoa com maré de sizígia ou com giro. Os seguintes Navios restritos: 280m< Loa < 306m, 12m < calado < 13,2m; ou 80.000 t < dwt < 100.000t Pelo menos 2 rebocadores, com bollard pull maior que 45t cada"
NPCP-SP 1ª Rev. (2016),52,portaria_especifica,"e e o TGG, entre o Arm27 e o Arm11 e no Saboó - Pelo menos 2 rebocadores para as manobras com maré de sizígia ou com giro. Independentemente do tamanho e do calado do navio Manobra no Valongo - Pelo menos 2 rebocadores Um 3º rebocador, de acordo com Portaria específica /CPSP -4-12-"
NPCP-SP 1ª Rev. (2016),58,dimensoes,"ições meteorológicas desfavoráveis, para nortear a impraticabilidade total ou parcial na ZP, considerados isoladamente, são os seguintes: I) mar (vagas > 3,0 metros, impraticabilidade total; vagas > 1,5 metros, impraticabilidade parcial, para navios LOA > 306 metros); II) vento (intensidade mantida > 30Nós ou rajadas > 35Nós, impraticabilidade total; intensidade mantida > 17Nós ou rajadas > 25Nós, impraticabilidade parcial para navios de LOA > 306 metros e Navios de grande área vélica, como Navios Ro- Ro ou Navios em lastro); e III) visibilidade (alcance < 0,5 milha náutica, impraticabilidade tot"
NPCP-SP 1ª Rev. (2016),60,portaria_especifica,"mento poderá, assim como o Comandante, em prol da segurança, interferir ou mesmo assumir a manobra do navio. O Comandante deve ser previamente alertado dessa premissa básica. iii) PROCEDIMENTOS DA BANCA EXAMINADORA A Banca Examinadora, designada por Portaria específica do Capitão dos Portos, avaliará à luz dos assuntos previstos na NORMAM-12, o desempenho e o conhecimento do PPR, atribuindo-lhe notas conceituais. iv) CONCEITOS Os examinadores poderão, a seu critério, tecer comentários ou outras considerações a respeito de suas avaliações e impressões, registrando-as no modelo pertinente. No caso de avaliação com"
NPCP-SP 1ª Rev. (2016),61,calado_maximo," que divulga a aprovação no Exame de Habilitação para Prático, bem como no verso do Certificado de Habilitação emitido pela DPC constarão as seguintes observações: 1ª Fase: Habilitação restrita por oito (8) meses a manobras nos navios até 35.000AB e calado máximo até 11m, nos Complexos Portuários da Baixada Santista; 2ª Fase: Habilitação restrita por oito (8) meses a manobras nos navios até 45.000AB e calado máximo até 11m, nos Complexos Portuários da Baixada Santista; 3ª Fase: Habilitação restrita por oito (8) meses a manobras nos navios até 50.000AB e calado máximo até 12m, nos Complexos Portuários da Ba"
NPCP-SP 1ª Rev. (2016),62,portaria_especifica,"raticante (já Prático nos Complexos Portuários da Baixada Santista) em manobras de atracação/desatracação em São Sebastião e TEBAR, em especial quanto aos requisitos previstos nos Anexos 4-I e 4-J. Os procedimentos da Banca Examinadora designada por Portaria específica do Capitão dos Portos de São Paulo são os mesmos descritos nestas NPCP. A nota mínima para aprovação será a obtenção, em todas as manobras, de conceito BOM em todos os itens avaliados. Para ser considerado aprovado à categoria de Prático em São Sebastião e TEBAR, o Praticante (já Prático nos Complexos Portuários da Baixada Santista) não poderá ter"
NPCP-SP 1ª Rev. (2016),72,calado_maximo,"avios e/ou de determinados locais de atracação, a CPSP estabelecerá em Portaria (s) específica (s) as condições visuais e meteorológicas adequadas para a realização de tais manobras, bem como o número de rebocadores e de práticos necessários. 0501 – CALADO MÁXIMO RECOMENDADO (CALADO OPERACIONAL) a) INTRODUÇÃO: Conduzir uma embarcação com um determinado calado em local com uma dada profundidade é, fundamentalmente, um problema de navegação, cuja resolução cabe ao Comandante. Para tal, deve munir-se de todas as informações e auxílios possíveis bem como, adotar os procedimentos que a boa técnica recomenda. De"
NPCP-SP 1ª Rev. (2016),72,folga_quilha,"propulsão, torna-se difícil a fixação de um parâmetro único, que estabeleça uma folga mínima segura entre o calado e a profundidade. Assim, deverão ser consideradas as variáveis que permitirão ao navegante, um percentual da profundidade, denominado “fator de segurança”, que deverá ser dela abatido, definindo um “calado máximo recomendado”. 5 - 1"
NPCP-SP 1ª Rev. (2016),72,cruzamento_ultrapassagem,"am complexas e importantes instalações portuárias muito próximas à linha geral do cais acostável. Em função dessas características, se faz necessária a descrição de procedimentos e o estabelecimento de limitações operacionais relativas à velocidade, cruzamento, horários das manobras e dos portes dos navios no porto e seus acessos. Considerando a dinâmica do Porto de Santos e suas constantes obras de dragagem e construção/manutenção de terminais, a CPSP estabelecerá em documento específico, sempre que houver necessidade, os procedimentos operacionais a serem adotados nas manobras no Complexo Portuário de"
NPCP-SP 1ª Rev. (2016),72,portaria_especifica,"e possibilitar a realização das manobras seguras dos navios cujas dimensões excedam os limites previstos nas citadas publicações, e em função de determinadas características dos navios e/ou de determinados locais de atracação, a CPSP estabelecerá em Portaria (s) específica (s) as condições visuais e meteorológicas adequadas para a realização de tais manobras, bem como o número de rebocadores e de práticos necessários. 0501 – CALADO MÁXIMO RECOMENDADO (CALADO OPERACIONAL) a) INTRODUÇÃO: Conduzir uma embarcação com um determinado calado em local com uma dada profundidade é, fundamentalmente, um problema de navegação, "
NPCP-SP 1ª Rev. (2016),73,folga_quilha,"b) V ARIÁVEIS A CONSIDERAR: O estabelecimento de um valor de fator de segurança a ser recomendado aos navegantes, deve levar em conta as variáveis empíricas a seguir apresentadas: 1) Natureza do Fundo Fundos sólidos, como rocha e coral, tendem a causar maiores danos aos navios, bem como, a tornar mais difícil os desencalhes. Em compensação, fundos de lama fluida podem até admitir calados maiores que a profundidade, na ausênci"
NPCP-SP 1ª Rev. (2016),74,calado_maximo,"te, ainda que em um mesmo porto e seus acessos, poder-se-á estabelecer um fator único de segurança, sem que isso resulte em limitações exageradas por um lado, ou subdimensionadas por outro. Dessa forma, os fatores de segurança e, consequentemente os calados máximos recomendados, devem referir-se a pontos específicos dos portos e seus acessos (nessas normas, tais recomendações serão sempre apresentadas na sequência em que o navegante encontrará, quando vem do mar para terra). Obviamente, os fatores de segurança avaliados para cada trecho significativo da derrota do navio, quando evoluindo para o porto, não se"
NPCP-SP 1ª Rev. (2016),74,folga_quilha,". Entretanto, sua não observação será considerada no julgamento de eventuais acidentes marítimos, da mesma forma que qualquer outro ato de imprudência, negligência ou imperícia. O calado máximo recomendado para cada trecho considerará a aplicação do fator de segurança à profundidade do local. e) CALADO MÁXIMO DE OPERAÇÃO A divulgação do calado máximo de operação do Porto será feita pela Administração do Porto na área do Porto Organizado, sob coordenação da Autoridade Marítima. Caso essa divulgação não ocorra, o Agente da Autoridade Marítima fixará o calado máximo de operação. 1) Calado máximo de Operação no Por"
NPCP-SP 1ª Rev. (2016),74,mare,"máximo de Operação no Canal de Piaçaguera O calado máximo de operação no Canal de Piaçaguera é estabelecido em Portaria da CPSP. 3) Calado máximo de Operação em São Sebastião A amplitude da maré para o Porto de São Sebastião varia de 0,2 metros para baixa-mar a 1,5 metros para a preamar, tendo como nível médio 0,66 metros. As águas correm ora no sentido norte, ora no sentido sul, com a intensidade de corrente atingindo valores consideráveis. Estes fatos prejudicam as manobras de navios no canal, principalmente quando os ventos também atingem valores significativos, o que é muito comum. 5 - 3"
NPCP-SP 1ª Rev. (2016),74,piacaguera,"cas do Estado de São Paulo - CODESP, por intermédio da sua página na Internet, no endereço www.portodesantos.com.br estabelece os calados máximos de operação, nos diversos trechos do canal de acesso ao porto. 2) Calado máximo de Operação no Canal de Piaçaguera O calado máximo de operação no Canal de Piaçaguera é estabelecido em Portaria da CPSP. 3) Calado máximo de Operação em São Sebastião A amplitude da maré para o Porto de São Sebastião varia de 0,2 metros para baixa-mar a 1,5 metros para a preamar, tendo como nível médio 0,66 metros. As águas correm ora no sentido norte, ora no sentido sul, com a in"
NPCP-SP 1ª Rev. (2016),75,calado_maximo,"metros de comprimento e (berço 203) mede 85 metros de comprimento, ambos com profundidade máxima de 5,50 metros. A Companhia Docas de São Sebastião, por intermédio da sua página na Internet, no endereço www.portodes aosebastiao .com.br estabelece os calados máximos de operação no Porto de São Sebastião. O Braço Sul do Terminal Marítimo Almirante Barroso (TEBAR) possui 580 metros de extensão, tendo um berço externo (PP1) com 23,00 metros de profundidade e um berço interno (PP2) com 16,90 metros de profundidade. O Braço Norte possui 380 metros de extensão, tendo um berço externo (PP3) com 18,00 metros de profu"
NPCP-SP 1ª Rev. (2016),75,cruzamento_ultrapassagem,"ço interno (PP2) com 16,90 metros de profundidade. O Braço Norte possui 380 metros de extensão, tendo um berço externo (PP3) com 18,00 metros de profundidade e um berço interno (PP4) com 12,00 metros de profundidade. 0502 - RESTRIÇÕES DE VELOCIDADE, CRUZAMENTO E ULTRAPASSAGEM a) LIMITES DE VELOCIDADE A navegação nos canais dos portos da Baixada Santista e de São Sebastião devem ser feitas em marcha reduzida. A velocidade máxima permitida para navios no canal do Porto de Santos e no Canal de São Sebastião é de 9 nós. As embarcações comerciais até 20 AB e as embarcações de esporte e recreio, quando transi"
NPCP-SP 1ª Rev. (2016),75,piacaguera,"á ser observado o limite de 6 nós para todas as embarcações nas seguintes áreas: 1) na área delimitada entre o través do farol “Pedra do Corvo” e a ponte da FEPASA, situada nas proximidades da Base Aérea de Santos (Canal de Bertioga); 2) no Canal de Piaçaguera; e 3) no rio Itanhaém, rio Branco e rio Preto; Deverá ser observado o limite de 5 nós nas proximidades de atracadouros de clubes náuticos, marinas e terminais de pesca situados fora das margens do canal de acesso ao Porto de Santos. Quando em serviço ou atendimento a ocorrências, é permitido às embarcações da Alfândega, da Polícia Federal (NEPOM),"
NPCP-SP 1ª Rev. (2016),76,mare,"s manobras de atracação e desatracação ocorrerão, preferencialmente, durante os períodos de enchente ou maré parada, à exceção do berço n º 04, em que as manobras de atracação e desatracação deverão ocorrer, preferencialmente, durante os períodos de vazante ou maré parada, levando-se em conta o calado e/ou o porte do navio. 4) Nos armazéns 38 e 39, a desatracação de navios com calado superior a 13,00m, em maré com característica de sizígia, somente será realizada no período entre 02 (duas) horas e 01 (uma) hora antes da preamar, caso aproados para o interior do estuário, e no período entre 02 (duas) "
NPCP-SP 1ª Rev. (2016),76,cruzamento_ultrapassagem,"ior a 230,00m; II) Calado superior a 11,00m; III) Navios de passageiros; IV) Navios de guerra das seguintes classes: Aeródromos (portaaviões), Fragatas, Contratorpedeiros, Corvetas, Navios-Tanque e Submarinos; V) Navios RO-RO; e Deverá ser evitado o cruzamento de navios, de qualquer porte: 1) nas imediações da travessia de balsas (foz do Rio do Meio à foz do Rio Santo Amaro); 2) no canal de Piaçaguera; e 3) em todo o estuário da Baixada Santista, nas condições de baixa visibilidade. c) ULTRAPASSAGEM É proibida a ultrapassagem de navios em qualquer ponto do estuário da Baixada Santista, salvo em situaçõe"
NPCP-SP 1ª Rev. (2016),76,dimensoes,"I) Comprimento total superior a 230,00m; II) Calado superior a 11,00m; III) Navios de passageiros; IV) Navios de guerra das seguintes classes: Aeródromos (portaaviões), Fragatas, Contratorpedeiros, Corvetas, Navios-Tanque e Submarinos; V) Navios RO-RO; e Deverá ser evitado o cruzamento de navios, de qualquer porte: 1) nas imediações da travessia de balsas (foz do Rio do Meio à"
NPCP-SP 1ª Rev. (2016),76,piacaguera,"ragatas, Contratorpedeiros, Corvetas, Navios-Tanque e Submarinos; V) Navios RO-RO; e Deverá ser evitado o cruzamento de navios, de qualquer porte: 1) nas imediações da travessia de balsas (foz do Rio do Meio à foz do Rio Santo Amaro); 2) no canal de Piaçaguera; e 3) em todo o estuário da Baixada Santista, nas condições de baixa visibilidade. c) ULTRAPASSAGEM É proibida a ultrapassagem de navios em qualquer ponto do estuário da Baixada Santista, salvo em situações especiais, e, neste caso, com a anuência expressa do navio que está sendo alcançado. 0503 - RESTRIÇÕES DE HORÁRIO a) RESTRIÇÕES DE HORÁRIO PAR"
NPCP-SP 1ª Rev. (2016),77,mare," I) as desatracações de navios atracados por boreste, deverão ser realizadas, durante o período de enchente, ou, no máximo, até uma hora e meia após a preamar; e II) as desatracações dos navios atracados por bombordo, deverão ser finalizadas, durante o período de vazante. 9) Quando houver navio atracado na USIMINAS 1 ou na USIMINAS 2, com proa ou popa lançada mais de 20,00m para fora do cais, as manobras no cais da V ALEFÉRTIL só serão realizadas em período diurno. Nota: Entende-se como maré com caracte"
NPCP-SP 1ª Rev. (2016),77,dimensoes,"icularidades e limitações atinentes ao local da atracação, autorizado a realizar manobras sem restrições de horário, sob condições de visibilidade que propiciem a realização da manobra de forma segura (alcance maior que uma milha náutica), apresenta LOA máximo = 306m e boca máxima = 46m. 3) Navios cargueiros com 306m < LOA < 330m, respeitadas as particularidades e limitações atinentes ao local da atracação, poderão ser manobrados em condições especiais, com a coordenação da Autoridade Marítima, Autoridade Portuária e Praticagem, desde que: I) em condições de mar e vento até força 5 (vagas abaixo "
NPCP-SP 1ª Rev. (2016),79,dimensoes,") vagas > 3,0 metros; II) vento -intensidade mantida > 30Nós ou rajadas > 35Nós; e III) visibilidade -alcance < 0,5 milha náutica. b) Parcial – quando ocorrerem as três ou uma das três situações: I) vagas > 1,5 metros, suspensão parcial, para navios LOA > 306 metros; II) vento - intensidade mantida > 17Nós ou rajadas > 25Nós, suspensão parcial para navios de LOA > 306 metros e Navios de grande área vélica, como Navios Ro-Ro ou Navios em lastro; e III) visibilidade - alcance < 1 milha náutica, suspensão parcial para navios de LOA > 306 metros e para navios que tenham quaisquer obstruções à linha d"
NPCP-SP 1ª Rev. (2016),80,calado_maximo,"(calado aéreo maior que 67,5 metros) não poderão trafegar para locais além das Torres de Transmissão (em frente ao Arm.25) no canal de acesso ao Porto de Santos. 0510 – OUTRAS RESTRIÇÕES Ainda, em função da amplitude das ondas no Canal de Acesso, os calados máximos de operação poderão ser alterados, de modo a eliminar ou reduzir a possibilidade de toque no fundo dos navios em trânsito. a) TRÁFEGO NO CANAL DO PORTO DE SANTOS 1) Embarcações dos tipos draga e lameiro, classificadas como navegação interior, estão autorizadas a navegar fora dos limites do porto com destino às áreas previstas para despejo de mater"
NPCP-SP 1ª Rev. (2016),80,dimensoes,"ão Sebastião, entre as cidades de São Sebastião e Ilhabela: 1) as embarcações de comprimento total inferior a 40m (quarenta metros) terão como limite para navegação o estado do mar força 4 – MODERADO, com ventos de até 16 nós; e 2) as embarcações de comprimento total superior a 40 m (quarenta metros) terão como limite para navegação o estado do mar força 5 – FRESCO, admitindo-se ventos de até 25 nós. Todas as embarcações empregadas na travessia deverão possuir ANEMÔMETRO, como equipamento de auxílio à navegação. Em condições de nevoeiro ou neblina, a travessia deverá ser interrompida sempre que a visibilidade cair a me"
NPCP-SP 1ª Rev. (2016),81,mare,"cionantes: 1) ser restrita a navios com, no máximo, 70 metros de comprimento, calado de 7,0 metros e boca de 23 metros; 2) ser realizada com Prático utilizando rebocadores, de acordo com o previsto na NORMAM-08; 3) ser realizada durante o período da preamar para navios com calado superior a 6,0 metros; 4) ser realizada com vento de intensidade máxima de 15 nós e corrente de intensidade máxima de 3 nós; 5) limitar o afastamento do navio a 20 metros na direção da parte interna do cais; 6) ter a amarração reforçada e, sempre que exeqüível, ter o ferro largado; 7) ter paralisado o serviço de travessia da"
NPCP-SP 1ª Rev. (2016),81,cruzamento_ultrapassagem," proibido: 1) o trânsito simultâneo de dois ou mais navios mercantes tanto no canal de acesso da barra norte quanto no canal de acesso da barra sul; e  aos navios em movimento no Canal cruzarem a proa de navios fundeados a menos de 500 jardas.  os cruzamentos de balsas ao longo do canal, devem guardar distância mínima de 100 jardas entre estas e qualquer outra embarcação trafegando no eixo do canal. Não será permitida atracação de navios no Terminal Marítimo Almirante Barroso quando a correnteza for maior ou igual a três nós ou em situação de mau tempo. A atracação no cais lateral do Porto Comercial d"
NPCP-SP 1ª Rev. (2016),81,piacaguera,b) TRÁFEGO NO CANAL DE PIAÇAGUERA E NOS TERMINAIS DA USIMINAS E ULTRAFÉRTIL Só é permitida a navegação de um navio por vez no Canal de Piaçaguera e USIMINAS. c) RESTRIÇÕES ESPECIAIS PARA O CANAL DE SÃO SEBASTIÃO É proibido: 1) o trânsito simultâneo de dois ou mais navios mercantes tanto no canal de acesso da barra norte quanto no canal de acesso da barra sul; e  aos navios em mov
NPCP-SP 1ª Rev. (2016),84,dimensoes," Marinha, serão restituídas ao proprietário, mediante o ressarcimento das despesas realizadas com o seu reboque, conservação e guarda. O proprietário será notificado para retirar a boia no prazo de 15 (quinze) dias e, caso não retire, a bóia será leiloada, conforme legislação vigente. 0514 -OPERAÇÕES DE MERGULHO Comunicação prévia e com antecedência a CPSP, com a finalidade de divulgação por meio de publicação em Aviso aos Navegantes, e praticagem SEÇÃO III EVENTOS NÁUTICOS ESPECIAIS 0515 – PRINCIPAIS PROCISSÕES MARÍTIMAS E DEMAIS EVENTOS NÁUTICOS NA ÁREA DE JURISDIÇÃO 26 de janeiro – Regata rela"
NPCP-SP 1ª Rev. (2016),86,mare,"alado (principalmente esporte e recreio), desde a sua foz até cerca de 6 km a mon - tante. Possui profundidade de 1,30 m a 2,10 m em 90% dos dias do ano. Na sua foz sofre bas - tante o efeito de maré, sendo assoreada e com calado restrito a 30 cm na baixamar, sendo per - mitida a saída de embarcações somente na preamar. Não há sinalização nem carta de navega - ção para o trecho citado, porém nele existem diversas Entidades Náuticas. b) Rio Ribeira do Iguape – navegável por embarcações de pequeno calado (barcos de pesca, chatas e balsas, desde a barra de Icapara até foz do Juquiá, numa extensão de apro"
NPCP-SP 1ª Rev. (2016),89,cruzamento_ultrapassagem,"inal do armazém 15 se dará preferencialmente por boreste e no terminal do armazém 16 por bombordo, evitando assim a aproximação do hélice dos navios que atracarem no terminal do armazém 15 e 16 com as catraias na saída do túnel. 8 - Não deverá haver cruzamento de cabos (espias) sobre a saída/entrada do tú - nel das catraias, sendo que nenhuma catraia deverá trafegar por baixo de cabos de navios. -6-4-"
NPCP-SP 1ª Rev. (2016),115,calado_maximo,"Considerando as peculiaridades locais relacionadas às manobras dos navios na ZP-16, no verso desse Certificado de Habilitação constarão as seguintes observações: 1ª Fase: Habilitação restrita, por 6 (seis) meses, a manobras nos navios até 35.000AB e calado máximo até 11m, nos Complexos Portuários da Baixada Santista; 2ª Fase: Habilitação restrita, por 6 (seis) meses, a manobras nos navios até 45.000AB e calado máximo até 11m, nos Complexos Portuários da Baixada Santista; 3ª Fase: Habilitação restrita, por 6 (seis) meses, a manobras nos navios até 50.000AB e calado máximo até 12m, nos Complexos Portuários d"
NPCP-SP 1ª Rev. (2016),128,mare,"/______ DADOS DA MANOBRA/SINGRADURA Nome do Praticante de Prático: Nome do Prático da Manobrar: Nome do Navio: Local: Data-hora do início _____ ______ : ______ Data-hora do término _____ ______ : ______ Atracação Desatracação BE BB Fundear Suspender Preamar: h ____: ____ altura: _____:_____ m Vento: Rebocadores utilizados: FASES DA FAINA DE PRATICAGEM GRAU Manobra da Embarcação Manobra da Embarcação e serviços correlatos às fainas de fundear, suspender, atracar, desatracar e mudar de fundeadouro Manobra com Rebocadores Serviço de Amarração e Desamarração Conhecimento das ordens de manobra e conversaç"
NPCP-SP 1ª Rev. (2016),133,calado_maximo,"AS-AULA 2.1.1 Descrever todos os portos e terminais existentes nos complexos portuários 2.1.2 Percorrer, embarcado em lancha, todo o estuário, a fim de identificar os berços de atracação e os locais de fundeio dos complexos portuários 2.1.3 Citar os calados máximos permitidos em cada berço e locais de fundeio 2.1.4 Citar as limitações operacionais existentes nos complexos portuários 2.2 REGIME DE MARÉS E SUA INFLUÊNCIA ............................................... 1.0 HORA-AULA 2.2.1 Descrever o regime de marés nos diversos berços e locais de fundeio 2.2.2 Citar os locais onde existem estações maregráficas"
NPCP-SP 1ª Rev. (2016),133,cruzamento_ultrapassagem,3.1 Descrever como são realizadas as manobras de fundeio 2.3.2 Apresentar os procedimentos para fundeio em situação de emergência 2.3.3 Citar os principais cuidados a serem observados em um fundeio 2.3.4 Descrever os procedimentos para suspender 2.4 CRUZAMENTO DE NA VIOS ..................................................................... 1.0 HORA-AULA 2.4.1 Descrever as restrições referentes ao cruzamento de navios 2.4.2 Citar os cuidados a serem tomados por ocasião de um cruzamento 2.5 COMUNICAÇÕES ........................................................................................ 1.0 HORA-AULA 
NPCP-SP 1ª Rev. (2016),138,calado_maximo,Apêndice III do Anexo 4-G MARINHA DO BRASIL CAPITANIA DOS PORTOS DE SÃO PAULO RELATÓRIO DE MANOBRA DATA: _____ / ____ / ______ DADOS DA MANOBRANome do Prático estagiário:Nome do Prático Responsável:Nome do Navio: Calado Máximo: ______ mLOA: ______ mLocal:Data-hora do início: ______ ______ : ______ Data-hora do término: ______ ______ : _____Atracação ( ) Desatracação ( ) BE ( ) BB ( ) Fundear ( ) Suspender ( )Preamar: Hora _____ : ____ Altura _____m Baixamar: Hora _____ : ____ Altura _____ mVento e Corrente:Rebocadores utilizados: FASES DA MANOBRAManobra da Embarcação (a
NPCP-SP 1ª Rev. (2016),138,mare,"agiário:Nome do Prático Responsável:Nome do Navio: Calado Máximo: ______ mLOA: ______ mLocal:Data-hora do início: ______ ______ : ______ Data-hora do término: ______ ______ : _____Atracação ( ) Desatracação ( ) BE ( ) BB ( ) Fundear ( ) Suspender ( )Preamar: Hora _____ : ____ Altura _____m Baixamar: Hora _____ : ____ Altura _____ mVento e Corrente:Rebocadores utilizados: FASES DA MANOBRAManobra da Embarcação (atracação, desatracação ou fundeio)Navegação de Praticagem / Navegação RadarEmprego de RebocadoresServiços de Amarração e DesamarraçãoConhecimento das ordens de manobra e conversação técnica em "
NPCP-SP 1ª Rev. (2016),138,dimensoes,"Apêndice III do Anexo 4-G MARINHA DO BRASIL CAPITANIA DOS PORTOS DE SÃO PAULO RELATÓRIO DE MANOBRA DATA: _____ / ____ / ______ DADOS DA MANOBRANome do Prático estagiário:Nome do Prático Responsável:Nome do Navio: Calado Máximo: ______ mLOA: ______ mLocal:Data-hora do início: ______ ______ : ______ Data-hora do término: ______ ______ : _____Atracação ( ) Desatracação ( ) BE ( ) BB ( ) Fundear ( ) Suspender ( )Preamar: Hora _____ : ____ Altura _____m Baixamar: Hora _____ : ____ Altura _____ mVento e Corrente:Rebocadores utilizados: FASES DA MANOBRAManobra da Embarcação (atracação, des"
NPCP-SP 1ª Rev. (2016),142,calado_maximo,RO RESUMO MENSAL DE MANOBRAS NOME: ___________________________________________________________ MÊS: _________ / ________ PÁG: _______ / _______ DATA-HORA INÍCIO DATA-HORA TÉRMINO ORIGEM/DESTINO TIPO DE MANOBRA ACOMPANHADA(A) EXECUTADA (E) NA VIO TAB CALADO MÁXIMO PRÁTICO RESPONSÁVEL G - IV-1 -
NPCP-SP 1ª Rev. (2016),143,calado_maximo,Apêndice V do Anexo 4-B MARINHA DO BRASIL CAPITANIA DOS PORTOS DE SÃO PAULO RELATÓRIO DE MANOBRA DATA: _____ / ____ / ______ DADOS DA MANOBRANome do Praticante de Prático:Nome do Prático Responsável:Nome do Navio: Calado Máximo: ______ mLOA: ______ mLocal:Data-hora do início: ______ ______ : ______ Data-hora do término: ______ ______ : _____Atracação ( ) Desatracação ( ) BE ( ) BB ( ) Fundear ( ) Suspender ( )Preamar: Hora _____ : ____ Altura _____m Baixamar: Hora _____ : ____ Altura _____ mVento e Corrente:Rebocadores utilizados: FASES DA MANOBRAGRAU (1 a 5)Manobra da E
NPCP-SP 1ª Rev. (2016),143,mare,"Prático:Nome do Prático Responsável:Nome do Navio: Calado Máximo: ______ mLOA: ______ mLocal:Data-hora do início: ______ ______ : ______ Data-hora do término: ______ ______ : _____Atracação ( ) Desatracação ( ) BE ( ) BB ( ) Fundear ( ) Suspender ( )Preamar: Hora _____ : ____ Altura _____m Baixamar: Hora _____ : ____ Altura _____ mVento e Corrente:Rebocadores utilizados: FASES DA MANOBRAGRAU (1 a 5)Manobra da Embarcação (atracação, desatracação ou fundeio)Navegação de Praticagem / Navegação RadarEmprego de RebocadoresServiços de Amarração e DesamarraçãoConhecimento das ordens de manobra e conversação"
NPCP-SP 1ª Rev. (2016),143,dimensoes,Apêndice V do Anexo 4-B MARINHA DO BRASIL CAPITANIA DOS PORTOS DE SÃO PAULO RELATÓRIO DE MANOBRA DATA: _____ / ____ / ______ DADOS DA MANOBRANome do Praticante de Prático:Nome do Prático Responsável:Nome do Navio: Calado Máximo: ______ mLOA: ______ mLocal:Data-hora do início: ______ ______ : ______ Data-hora do término: ______ ______ : _____Atracação ( ) Desatracação ( ) BE ( ) BB ( ) Fundear ( ) Suspender ( )Preamar: Hora _____ : ____ Altura _____m Baixamar: Hora _____ : ____ Altura _____ mVento e Corrente:Rebocadores utilizados: FASES DA MANOBRAGRAU (1 a 5)Manobra da Embarcação (at
NPCP-SP 1ª Rev. (2016),144,calado_maximo,RO RESUMO MENSAL DE MANOBRAS NOME: ___________________________________________________________ MÊS: _________ / ________ PÁG: _______ / _______ DATA-HORA INÍCIO DATA-HORA TÉRMINO ORIGEM/DESTINO TIPO DE MANOBRA ACOMPANHADA(A) EXECUTADA (E) NA VIO TAB CALADO MÁXIMO PRÁTICO RESPONSÁVEL B – VI - 1 -
