data,usd_t,serie,produto,descricao
1992-01-01,208.61022606875,PSOYBUSDM,soja,"FMI: Soybeans, U.S. soybeans, Chicago Soybean futures contract (first contract forward) No. 2 yellow and par, US$/t"
1992-02-01,211.1595748625,PSOYBUSDM,soja,"FMI: Soybeans, U.S. soybeans, Chicago Soybean futures contract (first contract forward) No. 2 yellow and par, US$/t"
1992-03-01,216.14343691875,PSOYBUSDM,soja,"FMI: Soybeans, U.S. soybeans, Chicago Soybean futures contract (first contract forward) No. 2 yellow and par, US$/t"
1992-04-01,211.2973775,PSOYBUSDM,soja,"FMI: Soybeans, U.S. soybeans, Chicago Soybean futures contract (first contract forward) No. 2 yellow and par, US$/t"
1992-05-01,220.36938446875,PSOYBUSDM,soja,"FMI: Soybeans, U.S. soybeans, Chicago Soybean futures contract (first contract forward) No. 2 yellow and par, US$/t"
1992-06-01,224.3886280625,PSOYBUSDM,soja,"FMI: Soybeans, U.S. soybeans, Chicago Soybean futures contract (first contract forward) No. 2 yellow and par, US$/t"
1992-07-01,208.10494973125,PSOYBUSDM,soja,"FMI: Soybeans, U.S. soybeans, Chicago Soybean futures contract (first contract forward) No. 2 yellow and par, US$/t"
1992-08-01,202.86844950625,PSOYBUSDM,soja,"FMI: Soybeans, U.S. soybeans, Chicago Soybean futures contract (first contract forward) No. 2 yellow and par, US$/t"
1992-09-01,202.8914166125,PSOYBUSDM,soja,"FMI: Soybeans, U.S. soybeans, Chicago Soybean futures contract (first contract forward) No. 2 yellow and par, US$/t"
1992-10-01,197.67788349375,PSOYBUSDM,soja,"FMI: Soybeans, U.S. soybeans, Chicago Soybean futures contract (first contract forward) No. 2 yellow and par, US$/t"
1992-11-01,205.21109434375,PSOYBUSDM,soja,"FMI: Soybeans, U.S. soybeans, Chicago Soybean futures contract (first contract forward) No. 2 yellow and par, US$/t"
1992-12-01,208.90879845,PSOYBUSDM,soja,"FMI: Soybeans, U.S. soybeans, Chicago Soybean futures contract (first contract forward) No. 2 yellow and par, US$/t"
1993-01-01,212.33089728125,PSOYBUSDM,soja,"FMI: Soybeans, U.S. soybeans, Chicago Soybean futures contract (first contract forward) No. 2 yellow and par, US$/t"
1993-02-01,210.03418665625,PSOYBUSDM,soja,"FMI: Soybeans, U.S. soybeans, Chicago Soybean futures contract (first contract forward) No. 2 yellow and par, US$/t"
1993-03-01,214.12233156875,PSOYBUSDM,soja,"FMI: Soybeans, U.S. soybeans, Chicago Soybean futures contract (first contract forward) No. 2 yellow and par, US$/t"
1993-04-01,217.6822330375,PSOYBUSDM,soja,"FMI: Soybeans, U.S. soybeans, Chicago Soybean futures contract (first contract forward) No. 2 yellow and par, US$/t"
1993-05-01,221.494772675,PSOYBUSDM,soja,"FMI: Soybeans, U.S. soybeans, Chicago Soybean futures contract (first contract forward) No. 2 yellow and par, US$/t"
1993-06-01,221.9081805875,PSOYBUSDM,soja,"FMI: Soybeans, U.S. soybeans, Chicago Soybean futures contract (first contract forward) No. 2 yellow and par, US$/t"
1993-07-01,258.8392874375,PSOYBUSDM,soja,"FMI: Soybeans, U.S. soybeans, Chicago Soybean futures contract (first contract forward) No. 2 yellow and par, US$/t"
1993-08-01,246.64375401875,PSOYBUSDM,soja,"FMI: Soybeans, U.S. soybeans, Chicago Soybean futures contract (first contract forward) No. 2 yellow and par, US$/t"
1993-09-01,236.0559180375,PSOYBUSDM,soja,"FMI: Soybeans, U.S. soybeans, Chicago Soybean futures contract (first contract forward) No. 2 yellow and par, US$/t"
1993-10-01,226.088193925,PSOYBUSDM,soja,"FMI: Soybeans, U.S. soybeans, Chicago Soybean futures contract (first contract forward) No. 2 yellow and par, US$/t"
1993-11-01,243.93363548125,PSOYBUSDM,soja,"FMI: Soybeans, U.S. soybeans, Chicago Soybean futures contract (first contract forward) No. 2 yellow and par, US$/t"
1993-12-01,252.52333321875,PSOYBUSDM,soja,"FMI: Soybeans, U.S. soybeans, Chicago Soybean futures contract (first contract forward) No. 2 yellow and par, US$/t"
1994-01-01,255.60092545625,PSOYBUSDM,soja,"FMI: Soybeans, U.S. soybeans, Chicago Soybean futures contract (first contract forward) No. 2 yellow and par, US$/t"
1994-02-01,249.67541204375,PSOYBUSDM,soja,"FMI: Soybeans, U.S. soybeans, Chicago Soybean futures contract (first contract forward) No. 2 yellow and par, US$/t"
1994-03-01,250.54816208125,PSOYBUSDM,soja,"FMI: Soybeans, U.S. soybeans, Chicago Soybean futures contract (first contract forward) No. 2 yellow and par, US$/t"
1994-04-01,242.7623130625,PSOYBUSDM,soja,"FMI: Soybeans, U.S. soybeans, Chicago Soybean futures contract (first contract forward) No. 2 yellow and par, US$/t"
1994-05-01,250.22662259375,PSOYBUSDM,soja,"FMI: Soybeans, U.S. soybeans, Chicago Soybean futures contract (first contract forward) No. 2 yellow and par, US$/t"
1994-06-01,249.606510725,PSOYBUSDM,soja,"FMI: Soybeans, U.S. soybeans, Chicago Soybean futures contract (first contract forward) No. 2 yellow and par, US$/t"
1994-07-01,223.24027275,PSOYBUSDM,soja,"FMI: Soybeans, U.S. soybeans, Chicago Soybean futures contract (first contract forward) No. 2 yellow and par, US$/t"
1994-08-01,214.0993644625,PSOYBUSDM,soja,"FMI: Soybeans, U.S. soybeans, Chicago Soybean futures contract (first contract forward) No. 2 yellow and par, US$/t"
1994-09-01,207.87527866875,PSOYBUSDM,soja,"FMI: Soybeans, U.S. soybeans, Chicago Soybean futures contract (first contract forward) No. 2 yellow and par, US$/t"
1994-10-01,198.711403275,PSOYBUSDM,soja,"FMI: Soybeans, U.S. soybeans, Chicago Soybean futures contract (first contract forward) No. 2 yellow and par, US$/t"
1994-11-01,205.39483119375,PSOYBUSDM,soja,"FMI: Soybeans, U.S. soybeans, Chicago Soybean futures contract (first contract forward) No. 2 yellow and par, US$/t"
1994-12-01,206.3824167625,PSOYBUSDM,soja,"FMI: Soybeans, U.S. soybeans, Chicago Soybean futures contract (first contract forward) No. 2 yellow and par, US$/t"
1995-01-01,202.50097580625,PSOYBUSDM,soja,"FMI: Soybeans, U.S. soybeans, Chicago Soybean futures contract (first contract forward) No. 2 yellow and par, US$/t"
1995-02-01,203.64933111875,PSOYBUSDM,soja,"FMI: Soybeans, U.S. soybeans, Chicago Soybean futures contract (first contract forward) No. 2 yellow and par, US$/t"
1995-03-01,209.34517346875,PSOYBUSDM,soja,"FMI: Soybeans, U.S. soybeans, Chicago Soybean futures contract (first contract forward) No. 2 yellow and par, US$/t"
1995-04-01,211.27441039375,PSOYBUSDM,soja,"FMI: Soybeans, U.S. soybeans, Chicago Soybean futures contract (first contract forward) No. 2 yellow and par, US$/t"
1995-05-01,211.64188409375,PSOYBUSDM,soja,"FMI: Soybeans, U.S. soybeans, Chicago Soybean futures contract (first contract forward) No. 2 yellow and par, US$/t"
1995-06-01,216.64871325625,PSOYBUSDM,soja,"FMI: Soybeans, U.S. soybeans, Chicago Soybean futures contract (first contract forward) No. 2 yellow and par, US$/t"
1995-07-01,226.91500975,PSOYBUSDM,soja,"FMI: Soybeans, U.S. soybeans, Chicago Soybean futures contract (first contract forward) No. 2 yellow and par, US$/t"
1995-08-01,218.922456775,PSOYBUSDM,soja,"FMI: Soybeans, U.S. soybeans, Chicago Soybean futures contract (first contract forward) No. 2 yellow and par, US$/t"
1995-09-01,232.58788499375,PSOYBUSDM,soja,"FMI: Soybeans, U.S. soybeans, Chicago Soybean futures contract (first contract forward) No. 2 yellow and par, US$/t"
1995-10-01,240.99384588125,PSOYBUSDM,soja,"FMI: Soybeans, U.S. soybeans, Chicago Soybean futures contract (first contract forward) No. 2 yellow and par, US$/t"
1995-11-01,249.7443133625,PSOYBUSDM,soja,"FMI: Soybeans, U.S. soybeans, Chicago Soybean futures contract (first contract forward) No. 2 yellow and par, US$/t"
1995-12-01,263.96095213125,PSOYBUSDM,soja,"FMI: Soybeans, U.S. soybeans, Chicago Soybean futures contract (first contract forward) No. 2 yellow and par, US$/t"
1996-01-01,270.11613660625,PSOYBUSDM,soja,"FMI: Soybeans, U.S. soybeans, Chicago Soybean futures contract (first contract forward) No. 2 yellow and par, US$/t"
1996-02-01,268.255801,PSOYBUSDM,soja,"FMI: Soybeans, U.S. soybeans, Chicago Soybean futures contract (first contract forward) No. 2 yellow and par, US$/t"
1996-03-01,265.775353525,PSOYBUSDM,soja,"FMI: Soybeans, U.S. soybeans, Chicago Soybean futures contract (first contract forward) No. 2 yellow and par, US$/t"
1996-04-01,290.41905853125,PSOYBUSDM,soja,"FMI: Soybeans, U.S. soybeans, Chicago Soybean futures contract (first contract forward) No. 2 yellow and par, US$/t"
1996-05-01,295.51775611875,PSOYBUSDM,soja,"FMI: Soybeans, U.S. soybeans, Chicago Soybean futures contract (first contract forward) No. 2 yellow and par, US$/t"
1996-06-01,284.60838065,PSOYBUSDM,soja,"FMI: Soybeans, U.S. soybeans, Chicago Soybean futures contract (first contract forward) No. 2 yellow and par, US$/t"
1996-07-01,288.76542688125,PSOYBUSDM,soja,"FMI: Soybeans, U.S. soybeans, Chicago Soybean futures contract (first contract forward) No. 2 yellow and par, US$/t"
1996-08-01,296.29863773125,PSOYBUSDM,soja,"FMI: Soybeans, U.S. soybeans, Chicago Soybean futures contract (first contract forward) No. 2 yellow and par, US$/t"
1996-09-01,297.49292725625,PSOYBUSDM,soja,"FMI: Soybeans, U.S. soybeans, Chicago Soybean futures contract (first contract forward) No. 2 yellow and par, US$/t"
1996-10-01,259.8039059,PSOYBUSDM,soja,"FMI: Soybeans, U.S. soybeans, Chicago Soybean futures contract (first contract forward) No. 2 yellow and par, US$/t"
1996-11-01,255.27938596875,PSOYBUSDM,soja,"FMI: Soybeans, U.S. soybeans, Chicago Soybean futures contract (first contract forward) No. 2 yellow and par, US$/t"
1996-12-01,257.16268868125,PSOYBUSDM,soja,"FMI: Soybeans, U.S. soybeans, Chicago Soybean futures contract (first contract forward) No. 2 yellow and par, US$/t"
1997-01-01,268.09503125625,PSOYBUSDM,soja,"FMI: Soybeans, U.S. soybeans, Chicago Soybean futures contract (first contract forward) No. 2 yellow and par, US$/t"
1997-02-01,280.54320284375,PSOYBUSDM,soja,"FMI: Soybeans, U.S. soybeans, Chicago Soybean futures contract (first contract forward) No. 2 yellow and par, US$/t"
1997-03-01,305.8759210375,PSOYBUSDM,soja,"FMI: Soybeans, U.S. soybeans, Chicago Soybean futures contract (first contract forward) No. 2 yellow and par, US$/t"
1997-04-01,313.363197675,PSOYBUSDM,soja,"FMI: Soybeans, U.S. soybeans, Chicago Soybean futures contract (first contract forward) No. 2 yellow and par, US$/t"
1997-05-01,319.8399216375,PSOYBUSDM,soja,"FMI: Soybeans, U.S. soybeans, Chicago Soybean futures contract (first contract forward) No. 2 yellow and par, US$/t"
1997-06-01,304.7734999375,PSOYBUSDM,soja,"FMI: Soybeans, U.S. soybeans, Chicago Soybean futures contract (first contract forward) No. 2 yellow and par, US$/t"
1997-07-01,281.1633147125,PSOYBUSDM,soja,"FMI: Soybeans, U.S. soybeans, Chicago Soybean futures contract (first contract forward) No. 2 yellow and par, US$/t"
1997-08-01,267.58975491875,PSOYBUSDM,soja,"FMI: Soybeans, U.S. soybeans, Chicago Soybean futures contract (first contract forward) No. 2 yellow and par, US$/t"
1997-09-01,255.21048465,PSOYBUSDM,soja,"FMI: Soybeans, U.S. soybeans, Chicago Soybean futures contract (first contract forward) No. 2 yellow and par, US$/t"
1997-10-01,250.7548660375,PSOYBUSDM,soja,"FMI: Soybeans, U.S. soybeans, Chicago Soybean futures contract (first contract forward) No. 2 yellow and par, US$/t"
1997-11-01,265.43084693125,PSOYBUSDM,soja,"FMI: Soybeans, U.S. soybeans, Chicago Soybean futures contract (first contract forward) No. 2 yellow and par, US$/t"
1997-12-01,254.59037278125,PSOYBUSDM,soja,"FMI: Soybeans, U.S. soybeans, Chicago Soybean futures contract (first contract forward) No. 2 yellow and par, US$/t"
1998-01-01,246.00067504375,PSOYBUSDM,soja,"FMI: Soybeans, U.S. soybeans, Chicago Soybean futures contract (first contract forward) No. 2 yellow and par, US$/t"
1998-02-01,247.42463563125,PSOYBUSDM,soja,"FMI: Soybeans, U.S. soybeans, Chicago Soybean futures contract (first contract forward) No. 2 yellow and par, US$/t"
1998-03-01,240.12109584375,PSOYBUSDM,soja,"FMI: Soybeans, U.S. soybeans, Chicago Soybean futures contract (first contract forward) No. 2 yellow and par, US$/t"
1998-04-01,235.091299575,PSOYBUSDM,soja,"FMI: Soybeans, U.S. soybeans, Chicago Soybean futures contract (first contract forward) No. 2 yellow and par, US$/t"
1998-05-01,236.1477864625,PSOYBUSDM,soja,"FMI: Soybeans, U.S. soybeans, Chicago Soybean futures contract (first contract forward) No. 2 yellow and par, US$/t"
1998-06-01,231.11799019375,PSOYBUSDM,soja,"FMI: Soybeans, U.S. soybeans, Chicago Soybean futures contract (first contract forward) No. 2 yellow and par, US$/t"
1998-07-01,232.42711525,PSOYBUSDM,soja,"FMI: Soybeans, U.S. soybeans, Chicago Soybean futures contract (first contract forward) No. 2 yellow and par, US$/t"
1998-08-01,202.2483376375,PSOYBUSDM,soja,"FMI: Soybeans, U.S. soybeans, Chicago Soybean futures contract (first contract forward) No. 2 yellow and par, US$/t"
1998-09-01,193.3371004125,PSOYBUSDM,soja,"FMI: Soybeans, U.S. soybeans, Chicago Soybean futures contract (first contract forward) No. 2 yellow and par, US$/t"
1998-10-01,200.75547573125,PSOYBUSDM,soja,"FMI: Soybeans, U.S. soybeans, Chicago Soybean futures contract (first contract forward) No. 2 yellow and par, US$/t"
1998-11-01,209.89638401875,PSOYBUSDM,soja,"FMI: Soybeans, U.S. soybeans, Chicago Soybean futures contract (first contract forward) No. 2 yellow and par, US$/t"
1998-12-01,204.9125219625,PSOYBUSDM,soja,"FMI: Soybeans, U.S. soybeans, Chicago Soybean futures contract (first contract forward) No. 2 yellow and par, US$/t"
1999-01-01,195.036666275,PSOYBUSDM,soja,"FMI: Soybeans, U.S. soybeans, Chicago Soybean futures contract (first contract forward) No. 2 yellow and par, US$/t"
1999-02-01,179.67167219375,PSOYBUSDM,soja,"FMI: Soybeans, U.S. soybeans, Chicago Soybean futures contract (first contract forward) No. 2 yellow and par, US$/t"
1999-03-01,175.0552838375,PSOYBUSDM,soja,"FMI: Soybeans, U.S. soybeans, Chicago Soybean futures contract (first contract forward) No. 2 yellow and par, US$/t"
1999-04-01,177.5357313125,PSOYBUSDM,soja,"FMI: Soybeans, U.S. soybeans, Chicago Soybean futures contract (first contract forward) No. 2 yellow and par, US$/t"
1999-05-01,171.44944815625,PSOYBUSDM,soja,"FMI: Soybeans, U.S. soybeans, Chicago Soybean futures contract (first contract forward) No. 2 yellow and par, US$/t"
1999-06-01,170.0025204625,PSOYBUSDM,soja,"FMI: Soybeans, U.S. soybeans, Chicago Soybean futures contract (first contract forward) No. 2 yellow and par, US$/t"
1999-07-01,158.31226338125,PSOYBUSDM,soja,"FMI: Soybeans, U.S. soybeans, Chicago Soybean futures contract (first contract forward) No. 2 yellow and par, US$/t"
1999-08-01,172.00065870625,PSOYBUSDM,soja,"FMI: Soybeans, U.S. soybeans, Chicago Soybean futures contract (first contract forward) No. 2 yellow and par, US$/t"
1999-09-01,180.63629065625,PSOYBUSDM,soja,"FMI: Soybeans, U.S. soybeans, Chicago Soybean futures contract (first contract forward) No. 2 yellow and par, US$/t"
1999-10-01,178.1788102875,PSOYBUSDM,soja,"FMI: Soybeans, U.S. soybeans, Chicago Soybean futures contract (first contract forward) No. 2 yellow and par, US$/t"
1999-11-01,171.1968099875,PSOYBUSDM,soja,"FMI: Soybeans, U.S. soybeans, Chicago Soybean futures contract (first contract forward) No. 2 yellow and par, US$/t"
1999-12-01,169.95658625,PSOYBUSDM,soja,"FMI: Soybeans, U.S. soybeans, Chicago Soybean futures contract (first contract forward) No. 2 yellow and par, US$/t"
2000-01-01,180.3836524875,PSOYBUSDM,soja,"FMI: Soybeans, U.S. soybeans, Chicago Soybean futures contract (first contract forward) No. 2 yellow and par, US$/t"
2000-02-01,185.75795535,PSOYBUSDM,soja,"FMI: Soybeans, U.S. soybeans, Chicago Soybean futures contract (first contract forward) No. 2 yellow and par, US$/t"
2000-03-01,190.97148846875,PSOYBUSDM,soja,"FMI: Soybeans, U.S. soybeans, Chicago Soybean futures contract (first contract forward) No. 2 yellow and par, US$/t"
2000-04-01,197.1037058375,PSOYBUSDM,soja,"FMI: Soybeans, U.S. soybeans, Chicago Soybean futures contract (first contract forward) No. 2 yellow and par, US$/t"
2000-05-01,200.8703112625,PSOYBUSDM,soja,"FMI: Soybeans, U.S. soybeans, Chicago Soybean futures contract (first contract forward) No. 2 yellow and par, US$/t"
2000-06-01,186.952244875,PSOYBUSDM,soja,"FMI: Soybeans, U.S. soybeans, Chicago Soybean futures contract (first contract forward) No. 2 yellow and par, US$/t"
2000-07-01,169.497244125,PSOYBUSDM,soja,"FMI: Soybeans, U.S. soybeans, Chicago Soybean futures contract (first contract forward) No. 2 yellow and par, US$/t"
2000-08-01,167.86657958125,PSOYBUSDM,soja,"FMI: Soybeans, U.S. soybeans, Chicago Soybean futures contract (first contract forward) No. 2 yellow and par, US$/t"
2000-09-01,180.45255380625,PSOYBUSDM,soja,"FMI: Soybeans, U.S. soybeans, Chicago Soybean futures contract (first contract forward) No. 2 yellow and par, US$/t"
2000-10-01,173.60835614375,PSOYBUSDM,soja,"FMI: Soybeans, U.S. soybeans, Chicago Soybean futures contract (first contract forward) No. 2 yellow and par, US$/t"
2000-11-01,177.19122471875,PSOYBUSDM,soja,"FMI: Soybeans, U.S. soybeans, Chicago Soybean futures contract (first contract forward) No. 2 yellow and par, US$/t"
2000-12-01,185.96465930625,PSOYBUSDM,soja,"FMI: Soybeans, U.S. soybeans, Chicago Soybean futures contract (first contract forward) No. 2 yellow and par, US$/t"
2001-01-01,175.4227575375,PSOYBUSDM,soja,"FMI: Soybeans, U.S. soybeans, Chicago Soybean futures contract (first contract forward) No. 2 yellow and par, US$/t"
2001-02-01,167.45317166875,PSOYBUSDM,soja,"FMI: Soybeans, U.S. soybeans, Chicago Soybean futures contract (first contract forward) No. 2 yellow and par, US$/t"
2001-03-01,164.37557943125,PSOYBUSDM,soja,"FMI: Soybeans, U.S. soybeans, Chicago Soybean futures contract (first contract forward) No. 2 yellow and par, US$/t"
2001-04-01,158.6108357625,PSOYBUSDM,soja,"FMI: Soybeans, U.S. soybeans, Chicago Soybean futures contract (first contract forward) No. 2 yellow and par, US$/t"
2001-05-01,163.87030309375,PSOYBUSDM,soja,"FMI: Soybeans, U.S. soybeans, Chicago Soybean futures contract (first contract forward) No. 2 yellow and par, US$/t"
2001-06-01,170.232191525,PSOYBUSDM,soja,"FMI: Soybeans, U.S. soybeans, Chicago Soybean futures contract (first contract forward) No. 2 yellow and par, US$/t"
2001-07-01,186.65367249375,PSOYBUSDM,soja,"FMI: Soybeans, U.S. soybeans, Chicago Soybean futures contract (first contract forward) No. 2 yellow and par, US$/t"
2001-08-01,182.74926443125,PSOYBUSDM,soja,"FMI: Soybeans, U.S. soybeans, Chicago Soybean futures contract (first contract forward) No. 2 yellow and par, US$/t"
2001-09-01,172.3451653,PSOYBUSDM,soja,"FMI: Soybeans, U.S. soybeans, Chicago Soybean futures contract (first contract forward) No. 2 yellow and par, US$/t"
2001-10-01,160.6319411125,PSOYBUSDM,soja,"FMI: Soybeans, U.S. soybeans, Chicago Soybean futures contract (first contract forward) No. 2 yellow and par, US$/t"
2001-11-01,162.5611780375,PSOYBUSDM,soja,"FMI: Soybeans, U.S. soybeans, Chicago Soybean futures contract (first contract forward) No. 2 yellow and par, US$/t"
2001-12-01,160.14963188125,PSOYBUSDM,soja,"FMI: Soybeans, U.S. soybeans, Chicago Soybean futures contract (first contract forward) No. 2 yellow and par, US$/t"
2002-01-01,160.05776345625,PSOYBUSDM,soja,"FMI: Soybeans, U.S. soybeans, Chicago Soybean futures contract (first contract forward) No. 2 yellow and par, US$/t"
2002-02-01,160.19556609375,PSOYBUSDM,soja,"FMI: Soybeans, U.S. soybeans, Chicago Soybean futures contract (first contract forward) No. 2 yellow and par, US$/t"
2002-03-01,168.69339540625,PSOYBUSDM,soja,"FMI: Soybeans, U.S. soybeans, Chicago Soybean futures contract (first contract forward) No. 2 yellow and par, US$/t"
2002-04-01,171.35757973125,PSOYBUSDM,soja,"FMI: Soybeans, U.S. soybeans, Chicago Soybean futures contract (first contract forward) No. 2 yellow and par, US$/t"
2002-05-01,176.64001416875,PSOYBUSDM,soja,"FMI: Soybeans, U.S. soybeans, Chicago Soybean futures contract (first contract forward) No. 2 yellow and par, US$/t"
2002-06-01,185.36751454375,PSOYBUSDM,soja,"FMI: Soybeans, U.S. soybeans, Chicago Soybean futures contract (first contract forward) No. 2 yellow and par, US$/t"
2002-07-01,209.0925353,PSOYBUSDM,soja,"FMI: Soybeans, U.S. soybeans, Chicago Soybean futures contract (first contract forward) No. 2 yellow and par, US$/t"
2002-08-01,208.2197852625,PSOYBUSDM,soja,"FMI: Soybeans, U.S. soybeans, Chicago Soybean futures contract (first contract forward) No. 2 yellow and par, US$/t"
2002-09-01,208.2197852625,PSOYBUSDM,soja,"FMI: Soybeans, U.S. soybeans, Chicago Soybean futures contract (first contract forward) No. 2 yellow and par, US$/t"
2002-10-01,200.08942965,PSOYBUSDM,soja,"FMI: Soybeans, U.S. soybeans, Chicago Soybean futures contract (first contract forward) No. 2 yellow and par, US$/t"
2002-11-01,210.21792350625,PSOYBUSDM,soja,"FMI: Soybeans, U.S. soybeans, Chicago Soybean futures contract (first contract forward) No. 2 yellow and par, US$/t"
2002-12-01,208.24275236875,PSOYBUSDM,soja,"FMI: Soybeans, U.S. soybeans, Chicago Soybean futures contract (first contract forward) No. 2 yellow and par, US$/t"
2003-01-01,208.67359625,PSOYBUSDM,soja,"FMI: Soybeans, U.S. soybeans, Chicago Soybean futures contract (first contract forward) No. 2 yellow and par, US$/t"
2003-02-01,209.6131391052632,PSOYBUSDM,soja,"FMI: Soybeans, U.S. soybeans, Chicago Soybean futures contract (first contract forward) No. 2 yellow and par, US$/t"
2003-03-01,210.22208075,PSOYBUSDM,soja,"FMI: Soybeans, U.S. soybeans, Chicago Soybean futures contract (first contract forward) No. 2 yellow and par, US$/t"
2003-04-01,221.70886125,PSOYBUSDM,soja,"FMI: Soybeans, U.S. soybeans, Chicago Soybean futures contract (first contract forward) No. 2 yellow and par, US$/t"
2003-05-01,232.412651,PSOYBUSDM,soja,"FMI: Soybeans, U.S. soybeans, Chicago Soybean futures contract (first contract forward) No. 2 yellow and par, US$/t"
2003-06-01,229.77497825,PSOYBUSDM,soja,"FMI: Soybeans, U.S. soybeans, Chicago Soybean futures contract (first contract forward) No. 2 yellow and par, US$/t"
2003-07-01,214.0320525,PSOYBUSDM,soja,"FMI: Soybeans, U.S. soybeans, Chicago Soybean futures contract (first contract forward) No. 2 yellow and par, US$/t"
2003-08-01,208.21867425,PSOYBUSDM,soja,"FMI: Soybeans, U.S. soybeans, Chicago Soybean futures contract (first contract forward) No. 2 yellow and par, US$/t"
2003-09-01,231.69964825,PSOYBUSDM,soja,"FMI: Soybeans, U.S. soybeans, Chicago Soybean futures contract (first contract forward) No. 2 yellow and par, US$/t"
2003-10-01,268.9878472826087,PSOYBUSDM,soja,"FMI: Soybeans, U.S. soybeans, Chicago Soybean futures contract (first contract forward) No. 2 yellow and par, US$/t"
2003-11-01,279.7210856447368,PSOYBUSDM,soja,"FMI: Soybeans, U.S. soybeans, Chicago Soybean futures contract (first contract forward) No. 2 yellow and par, US$/t"
2003-12-01,283.1853660681818,PSOYBUSDM,soja,"FMI: Soybeans, U.S. soybeans, Chicago Soybean futures contract (first contract forward) No. 2 yellow and par, US$/t"
2004-01-01,300.8987522625,PSOYBUSDM,soja,"FMI: Soybeans, U.S. soybeans, Chicago Soybean futures contract (first contract forward) No. 2 yellow and par, US$/t"
2004-02-01,316.5518101973684,PSOYBUSDM,soja,"FMI: Soybeans, U.S. soybeans, Chicago Soybean futures contract (first contract forward) No. 2 yellow and par, US$/t"
2004-03-01,360.675360423913,PSOYBUSDM,soja,"FMI: Soybeans, U.S. soybeans, Chicago Soybean futures contract (first contract forward) No. 2 yellow and par, US$/t"
2004-04-01,363.50454925,PSOYBUSDM,soja,"FMI: Soybeans, U.S. soybeans, Chicago Soybean futures contract (first contract forward) No. 2 yellow and par, US$/t"
2004-05-01,347.87097975,PSOYBUSDM,soja,"FMI: Soybeans, U.S. soybeans, Chicago Soybean futures contract (first contract forward) No. 2 yellow and par, US$/t"
2004-06-01,320.2296963409091,PSOYBUSDM,soja,"FMI: Soybeans, U.S. soybeans, Chicago Soybean futures contract (first contract forward) No. 2 yellow and par, US$/t"
2004-07-01,289.785314,PSOYBUSDM,soja,"FMI: Soybeans, U.S. soybeans, Chicago Soybean futures contract (first contract forward) No. 2 yellow and par, US$/t"
2004-08-01,225.7900365,PSOYBUSDM,soja,"FMI: Soybeans, U.S. soybeans, Chicago Soybean futures contract (first contract forward) No. 2 yellow and par, US$/t"
2004-09-01,206.447103,PSOYBUSDM,soja,"FMI: Soybeans, U.S. soybeans, Chicago Soybean futures contract (first contract forward) No. 2 yellow and par, US$/t"
2004-10-01,193.43370925,PSOYBUSDM,soja,"FMI: Soybeans, U.S. soybeans, Chicago Soybean futures contract (first contract forward) No. 2 yellow and par, US$/t"
2004-11-01,195.8176755,PSOYBUSDM,soja,"FMI: Soybeans, U.S. soybeans, Chicago Soybean futures contract (first contract forward) No. 2 yellow and par, US$/t"
2004-12-01,198.59095,PSOYBUSDM,soja,"FMI: Soybeans, U.S. soybeans, Chicago Soybean futures contract (first contract forward) No. 2 yellow and par, US$/t"
2005-01-01,195.6647954625,PSOYBUSDM,soja,"FMI: Soybeans, U.S. soybeans, Chicago Soybean futures contract (first contract forward) No. 2 yellow and par, US$/t"
2005-02-01,197.58924675,PSOYBUSDM,soja,"FMI: Soybeans, U.S. soybeans, Chicago Soybean futures contract (first contract forward) No. 2 yellow and par, US$/t"
2005-03-01,233.1805307045455,PSOYBUSDM,soja,"FMI: Soybeans, U.S. soybeans, Chicago Soybean futures contract (first contract forward) No. 2 yellow and par, US$/t"
2005-04-01,228.7645265,PSOYBUSDM,soja,"FMI: Soybeans, U.S. soybeans, Chicago Soybean futures contract (first contract forward) No. 2 yellow and par, US$/t"
2005-05-01,233.462471,PSOYBUSDM,soja,"FMI: Soybeans, U.S. soybeans, Chicago Soybean futures contract (first contract forward) No. 2 yellow and par, US$/t"
2005-06-01,254.7424019318182,PSOYBUSDM,soja,"FMI: Soybeans, U.S. soybeans, Chicago Soybean futures contract (first contract forward) No. 2 yellow and par, US$/t"
2005-07-01,253.3478115,PSOYBUSDM,soja,"FMI: Soybeans, U.S. soybeans, Chicago Soybean futures contract (first contract forward) No. 2 yellow and par, US$/t"
2005-08-01,230.4269316847826,PSOYBUSDM,soja,"FMI: Soybeans, U.S. soybeans, Chicago Soybean futures contract (first contract forward) No. 2 yellow and par, US$/t"
2005-09-01,212.01552325,PSOYBUSDM,soja,"FMI: Soybeans, U.S. soybeans, Chicago Soybean futures contract (first contract forward) No. 2 yellow and par, US$/t"
2005-10-01,211.16691875,PSOYBUSDM,soja,"FMI: Soybeans, U.S. soybeans, Chicago Soybean futures contract (first contract forward) No. 2 yellow and par, US$/t"
2005-11-01,210.9000895,PSOYBUSDM,soja,"FMI: Soybeans, U.S. soybeans, Chicago Soybean futures contract (first contract forward) No. 2 yellow and par, US$/t"
2005-12-01,216.542872,PSOYBUSDM,soja,"FMI: Soybeans, U.S. soybeans, Chicago Soybean futures contract (first contract forward) No. 2 yellow and par, US$/t"
2006-01-01,214.0090876875,PSOYBUSDM,soja,"FMI: Soybeans, U.S. soybeans, Chicago Soybean futures contract (first contract forward) No. 2 yellow and par, US$/t"
2006-02-01,214.3656466184211,PSOYBUSDM,soja,"FMI: Soybeans, U.S. soybeans, Chicago Soybean futures contract (first contract forward) No. 2 yellow and par, US$/t"
2006-03-01,212.7140719565217,PSOYBUSDM,soja,"FMI: Soybeans, U.S. soybeans, Chicago Soybean futures contract (first contract forward) No. 2 yellow and par, US$/t"
2006-04-01,208.9024385921053,PSOYBUSDM,soja,"FMI: Soybeans, U.S. soybeans, Chicago Soybean futures contract (first contract forward) No. 2 yellow and par, US$/t"
2006-05-01,217.3556871818182,PSOYBUSDM,soja,"FMI: Soybeans, U.S. soybeans, Chicago Soybean futures contract (first contract forward) No. 2 yellow and par, US$/t"
2006-06-01,216.5039014090909,PSOYBUSDM,soja,"FMI: Soybeans, U.S. soybeans, Chicago Soybean futures contract (first contract forward) No. 2 yellow and par, US$/t"
2006-07-01,217.2517192125,PSOYBUSDM,soja,"FMI: Soybeans, U.S. soybeans, Chicago Soybean futures contract (first contract forward) No. 2 yellow and par, US$/t"
2006-08-01,203.8436635108696,PSOYBUSDM,soja,"FMI: Soybeans, U.S. soybeans, Chicago Soybean futures contract (first contract forward) No. 2 yellow and par, US$/t"
2006-09-01,199.307014725,PSOYBUSDM,soja,"FMI: Soybeans, U.S. soybeans, Chicago Soybean futures contract (first contract forward) No. 2 yellow and par, US$/t"
2006-10-01,217.8859655795455,PSOYBUSDM,soja,"FMI: Soybeans, U.S. soybeans, Chicago Soybean futures contract (first contract forward) No. 2 yellow and par, US$/t"
2006-11-01,244.00003925,PSOYBUSDM,soja,"FMI: Soybeans, U.S. soybeans, Chicago Soybean futures contract (first contract forward) No. 2 yellow and par, US$/t"
2006-12-01,243.307595475,PSOYBUSDM,soja,"FMI: Soybeans, U.S. soybeans, Chicago Soybean futures contract (first contract forward) No. 2 yellow and par, US$/t"
2007-01-01,255.8673795,PSOYBUSDM,soja,"FMI: Soybeans, U.S. soybeans, Chicago Soybean futures contract (first contract forward) No. 2 yellow and par, US$/t"
2007-02-01,278.0386109605263,PSOYBUSDM,soja,"FMI: Soybeans, U.S. soybeans, Chicago Soybean futures contract (first contract forward) No. 2 yellow and par, US$/t"
2007-03-01,276.9598141704545,PSOYBUSDM,soja,"FMI: Soybeans, U.S. soybeans, Chicago Soybean futures contract (first contract forward) No. 2 yellow and par, US$/t"
2007-04-01,270.3922953375,PSOYBUSDM,soja,"FMI: Soybeans, U.S. soybeans, Chicago Soybean futures contract (first contract forward) No. 2 yellow and par, US$/t"
2007-05-01,283.2062431704545,PSOYBUSDM,soja,"FMI: Soybeans, U.S. soybeans, Chicago Soybean futures contract (first contract forward) No. 2 yellow and par, US$/t"
2007-06-01,302.8293275,PSOYBUSDM,soja,"FMI: Soybeans, U.S. soybeans, Chicago Soybean futures contract (first contract forward) No. 2 yellow and par, US$/t"
2007-07-01,313.476252,PSOYBUSDM,soja,"FMI: Soybeans, U.S. soybeans, Chicago Soybean futures contract (first contract forward) No. 2 yellow and par, US$/t"
2007-08-01,309.0065292391304,PSOYBUSDM,soja,"FMI: Soybeans, U.S. soybeans, Chicago Soybean futures contract (first contract forward) No. 2 yellow and par, US$/t"
2007-09-01,347.5615591184211,PSOYBUSDM,soja,"FMI: Soybeans, U.S. soybeans, Chicago Soybean futures contract (first contract forward) No. 2 yellow and par, US$/t"
2007-10-01,358.4028424565217,PSOYBUSDM,soja,"FMI: Soybeans, U.S. soybeans, Chicago Soybean futures contract (first contract forward) No. 2 yellow and par, US$/t"
2007-11-01,389.01517525,PSOYBUSDM,soja,"FMI: Soybeans, U.S. soybeans, Chicago Soybean futures contract (first contract forward) No. 2 yellow and par, US$/t"
2007-12-01,423.0807406875,PSOYBUSDM,soja,"FMI: Soybeans, U.S. soybeans, Chicago Soybean futures contract (first contract forward) No. 2 yellow and par, US$/t"
2008-01-01,461.71521025,PSOYBUSDM,soja,"FMI: Soybeans, U.S. soybeans, Chicago Soybean futures contract (first contract forward) No. 2 yellow and par, US$/t"
2008-02-01,508.2158935875,PSOYBUSDM,soja,"FMI: Soybeans, U.S. soybeans, Chicago Soybean futures contract (first contract forward) No. 2 yellow and par, US$/t"
2008-03-01,495.69088485,PSOYBUSDM,soja,"FMI: Soybeans, U.S. soybeans, Chicago Soybean futures contract (first contract forward) No. 2 yellow and par, US$/t"
2008-04-01,482.7913408977273,PSOYBUSDM,soja,"FMI: Soybeans, U.S. soybeans, Chicago Soybean futures contract (first contract forward) No. 2 yellow and par, US$/t"
2008-05-01,489.08926675,PSOYBUSDM,soja,"FMI: Soybeans, U.S. soybeans, Chicago Soybean futures contract (first contract forward) No. 2 yellow and par, US$/t"
2008-06-01,552.47214925,PSOYBUSDM,soja,"FMI: Soybeans, U.S. soybeans, Chicago Soybean futures contract (first contract forward) No. 2 yellow and par, US$/t"
2008-07-01,554.1492764659091,PSOYBUSDM,soja,"FMI: Soybeans, U.S. soybeans, Chicago Soybean futures contract (first contract forward) No. 2 yellow and par, US$/t"
2008-08-01,471.06735675,PSOYBUSDM,soja,"FMI: Soybeans, U.S. soybeans, Chicago Soybean futures contract (first contract forward) No. 2 yellow and par, US$/t"
2008-09-01,433.383193,PSOYBUSDM,soja,"FMI: Soybeans, U.S. soybeans, Chicago Soybean futures contract (first contract forward) No. 2 yellow and par, US$/t"
2008-10-01,338.7849017608696,PSOYBUSDM,soja,"FMI: Soybeans, U.S. soybeans, Chicago Soybean futures contract (first contract forward) No. 2 yellow and par, US$/t"
2008-11-01,329.1365274473684,PSOYBUSDM,soja,"FMI: Soybeans, U.S. soybeans, Chicago Soybean futures contract (first contract forward) No. 2 yellow and par, US$/t"
2008-12-01,318.8142288068182,PSOYBUSDM,soja,"FMI: Soybeans, U.S. soybeans, Chicago Soybean futures contract (first contract forward) No. 2 yellow and par, US$/t"
2009-01-01,364.7179662,PSOYBUSDM,soja,"FMI: Soybeans, U.S. soybeans, Chicago Soybean futures contract (first contract forward) No. 2 yellow and par, US$/t"
2009-02-01,341.2716178421053,PSOYBUSDM,soja,"FMI: Soybeans, U.S. soybeans, Chicago Soybean futures contract (first contract forward) No. 2 yellow and par, US$/t"
2009-03-01,333.6578485227273,PSOYBUSDM,soja,"FMI: Soybeans, U.S. soybeans, Chicago Soybean futures contract (first contract forward) No. 2 yellow and par, US$/t"
2009-04-01,374.46641975,PSOYBUSDM,soja,"FMI: Soybeans, U.S. soybeans, Chicago Soybean futures contract (first contract forward) No. 2 yellow and par, US$/t"
2009-05-01,422.3550526125,PSOYBUSDM,soja,"FMI: Soybeans, U.S. soybeans, Chicago Soybean futures contract (first contract forward) No. 2 yellow and par, US$/t"
2009-06-01,445.1081712954545,PSOYBUSDM,soja,"FMI: Soybeans, U.S. soybeans, Chicago Soybean futures contract (first contract forward) No. 2 yellow and par, US$/t"
2009-07-01,398.0887615568182,PSOYBUSDM,soja,"FMI: Soybeans, U.S. soybeans, Chicago Soybean futures contract (first contract forward) No. 2 yellow and par, US$/t"
2009-08-01,408.957381,PSOYBUSDM,soja,"FMI: Soybeans, U.S. soybeans, Chicago Soybean futures contract (first contract forward) No. 2 yellow and par, US$/t"
2009-09-01,349.05202725,PSOYBUSDM,soja,"FMI: Soybeans, U.S. soybeans, Chicago Soybean futures contract (first contract forward) No. 2 yellow and par, US$/t"
2009-10-01,354.8648090113636,PSOYBUSDM,soja,"FMI: Soybeans, U.S. soybeans, Chicago Soybean futures contract (first contract forward) No. 2 yellow and par, US$/t"
2009-11-01,370.7071893,PSOYBUSDM,soja,"FMI: Soybeans, U.S. soybeans, Chicago Soybean futures contract (first contract forward) No. 2 yellow and par, US$/t"
2009-12-01,379.2993695113636,PSOYBUSDM,soja,"FMI: Soybeans, U.S. soybeans, Chicago Soybean futures contract (first contract forward) No. 2 yellow and par, US$/t"
2010-01-01,358.9666102105263,PSOYBUSDM,soja,"FMI: Soybeans, U.S. soybeans, Chicago Soybean futures contract (first contract forward) No. 2 yellow and par, US$/t"
2010-02-01,344.6607406973684,PSOYBUSDM,soja,"FMI: Soybeans, U.S. soybeans, Chicago Soybean futures contract (first contract forward) No. 2 yellow and par, US$/t"
2010-03-01,348.9493274673913,PSOYBUSDM,soja,"FMI: Soybeans, U.S. soybeans, Chicago Soybean futures contract (first contract forward) No. 2 yellow and par, US$/t"
2010-04-01,357.63868,PSOYBUSDM,soja,"FMI: Soybeans, U.S. soybeans, Chicago Soybean futures contract (first contract forward) No. 2 yellow and par, US$/t"
2010-05-01,349.0513711125,PSOYBUSDM,soja,"FMI: Soybeans, U.S. soybeans, Chicago Soybean futures contract (first contract forward) No. 2 yellow and par, US$/t"
2010-06-01,348.5139945,PSOYBUSDM,soja,"FMI: Soybeans, U.S. soybeans, Chicago Soybean futures contract (first contract forward) No. 2 yellow and par, US$/t"
2010-07-01,370.97576825,PSOYBUSDM,soja,"FMI: Soybeans, U.S. soybeans, Chicago Soybean futures contract (first contract forward) No. 2 yellow and par, US$/t"
2010-08-01,379.4622109090909,PSOYBUSDM,soja,"FMI: Soybeans, U.S. soybeans, Chicago Soybean futures contract (first contract forward) No. 2 yellow and par, US$/t"
2010-09-01,390.23121675,PSOYBUSDM,soja,"FMI: Soybeans, U.S. soybeans, Chicago Soybean futures contract (first contract forward) No. 2 yellow and par, US$/t"
2010-10-01,427.17613225,PSOYBUSDM,soja,"FMI: Soybeans, U.S. soybeans, Chicago Soybean futures contract (first contract forward) No. 2 yellow and par, US$/t"
2010-11-01,459.961136,PSOYBUSDM,soja,"FMI: Soybeans, U.S. soybeans, Chicago Soybean futures contract (first contract forward) No. 2 yellow and par, US$/t"
2010-12-01,483.7558630227273,PSOYBUSDM,soja,"FMI: Soybeans, U.S. soybeans, Chicago Soybean futures contract (first contract forward) No. 2 yellow and par, US$/t"
2011-01-01,511.104867,PSOYBUSDM,soja,"FMI: Soybeans, U.S. soybeans, Chicago Soybean futures contract (first contract forward) No. 2 yellow and par, US$/t"
2011-02-01,512.0524676842105,PSOYBUSDM,soja,"FMI: Soybeans, U.S. soybeans, Chicago Soybean futures contract (first contract forward) No. 2 yellow and par, US$/t"
2011-03-01,498.739813173913,PSOYBUSDM,soja,"FMI: Soybeans, U.S. soybeans, Chicago Soybean futures contract (first contract forward) No. 2 yellow and par, US$/t"
2011-04-01,501.468831675,PSOYBUSDM,soja,"FMI: Soybeans, U.S. soybeans, Chicago Soybean futures contract (first contract forward) No. 2 yellow and par, US$/t"
2011-05-01,498.76510775,PSOYBUSDM,soja,"FMI: Soybeans, U.S. soybeans, Chicago Soybean futures contract (first contract forward) No. 2 yellow and par, US$/t"
2011-06-01,499.7727758863636,PSOYBUSDM,soja,"FMI: Soybeans, U.S. soybeans, Chicago Soybean futures contract (first contract forward) No. 2 yellow and par, US$/t"
2011-07-01,501.82708275,PSOYBUSDM,soja,"FMI: Soybeans, U.S. soybeans, Chicago Soybean futures contract (first contract forward) No. 2 yellow and par, US$/t"
2011-08-01,501.423700826087,PSOYBUSDM,soja,"FMI: Soybeans, U.S. soybeans, Chicago Soybean futures contract (first contract forward) No. 2 yellow and par, US$/t"
2011-09-01,490.90895475,PSOYBUSDM,soja,"FMI: Soybeans, U.S. soybeans, Chicago Soybean futures contract (first contract forward) No. 2 yellow and par, US$/t"
2011-10-01,446.016027,PSOYBUSDM,soja,"FMI: Soybeans, U.S. soybeans, Chicago Soybean futures contract (first contract forward) No. 2 yellow and par, US$/t"
2011-11-01,428.8252245,PSOYBUSDM,soja,"FMI: Soybeans, U.S. soybeans, Chicago Soybean futures contract (first contract forward) No. 2 yellow and par, US$/t"
2011-12-01,420.04610475,PSOYBUSDM,soja,"FMI: Soybeans, U.S. soybeans, Chicago Soybean futures contract (first contract forward) No. 2 yellow and par, US$/t"
2012-01-01,441.7327614,PSOYBUSDM,soja,"FMI: Soybeans, U.S. soybeans, Chicago Soybean futures contract (first contract forward) No. 2 yellow and par, US$/t"
2012-02-01,461.55598755,PSOYBUSDM,soja,"FMI: Soybeans, U.S. soybeans, Chicago Soybean futures contract (first contract forward) No. 2 yellow and par, US$/t"
2012-03-01,496.2904752272727,PSOYBUSDM,soja,"FMI: Soybeans, U.S. soybeans, Chicago Soybean futures contract (first contract forward) No. 2 yellow and par, US$/t"
2012-04-01,529.42160145,PSOYBUSDM,soja,"FMI: Soybeans, U.S. soybeans, Chicago Soybean futures contract (first contract forward) No. 2 yellow and par, US$/t"
2012-05-01,520.9254559090909,PSOYBUSDM,soja,"FMI: Soybeans, U.S. soybeans, Chicago Soybean futures contract (first contract forward) No. 2 yellow and par, US$/t"
2012-06-01,522.3291925,PSOYBUSDM,soja,"FMI: Soybeans, U.S. soybeans, Chicago Soybean futures contract (first contract forward) No. 2 yellow and par, US$/t"
2012-07-01,609.4467555,PSOYBUSDM,soja,"FMI: Soybeans, U.S. soybeans, Chicago Soybean futures contract (first contract forward) No. 2 yellow and par, US$/t"
2012-08-01,622.9135497717391,PSOYBUSDM,soja,"FMI: Soybeans, U.S. soybeans, Chicago Soybean futures contract (first contract forward) No. 2 yellow and par, US$/t"
2012-09-01,615.18139725,PSOYBUSDM,soja,"FMI: Soybeans, U.S. soybeans, Chicago Soybean futures contract (first contract forward) No. 2 yellow and par, US$/t"
2012-10-01,565.5254818043478,PSOYBUSDM,soja,"FMI: Soybeans, U.S. soybeans, Chicago Soybean futures contract (first contract forward) No. 2 yellow and par, US$/t"
2012-11-01,533.028608,PSOYBUSDM,soja,"FMI: Soybeans, U.S. soybeans, Chicago Soybean futures contract (first contract forward) No. 2 yellow and par, US$/t"
2012-12-01,534.7907746125,PSOYBUSDM,soja,"FMI: Soybeans, U.S. soybeans, Chicago Soybean futures contract (first contract forward) No. 2 yellow and par, US$/t"
2013-01-01,526.047305,PSOYBUSDM,soja,"FMI: Soybeans, U.S. soybeans, Chicago Soybean futures contract (first contract forward) No. 2 yellow and par, US$/t"
2013-02-01,536.3758301447368,PSOYBUSDM,soja,"FMI: Soybeans, U.S. soybeans, Chicago Soybean futures contract (first contract forward) No. 2 yellow and par, US$/t"
2013-03-01,536.081397075,PSOYBUSDM,soja,"FMI: Soybeans, U.S. soybeans, Chicago Soybean futures contract (first contract forward) No. 2 yellow and par, US$/t"
2013-04-01,517.7897151477273,PSOYBUSDM,soja,"FMI: Soybeans, U.S. soybeans, Chicago Soybean futures contract (first contract forward) No. 2 yellow and par, US$/t"
2013-05-01,542.199223125,PSOYBUSDM,soja,"FMI: Soybeans, U.S. soybeans, Chicago Soybean futures contract (first contract forward) No. 2 yellow and par, US$/t"
2013-06-01,560.1577065,PSOYBUSDM,soja,"FMI: Soybeans, U.S. soybeans, Chicago Soybean futures contract (first contract forward) No. 2 yellow and par, US$/t"
2013-07-01,548.3496174545455,PSOYBUSDM,soja,"FMI: Soybeans, U.S. soybeans, Chicago Soybean futures contract (first contract forward) No. 2 yellow and par, US$/t"
2013-08-01,498.0483272386364,PSOYBUSDM,soja,"FMI: Soybeans, U.S. soybeans, Chicago Soybean futures contract (first contract forward) No. 2 yellow and par, US$/t"
2013-09-01,503.2371222375,PSOYBUSDM,soja,"FMI: Soybeans, U.S. soybeans, Chicago Soybean futures contract (first contract forward) No. 2 yellow and par, US$/t"
2013-10-01,472.8275169130435,PSOYBUSDM,soja,"FMI: Soybeans, U.S. soybeans, Chicago Soybean futures contract (first contract forward) No. 2 yellow and par, US$/t"
2013-11-01,476.6622412125,PSOYBUSDM,soja,"FMI: Soybeans, U.S. soybeans, Chicago Soybean futures contract (first contract forward) No. 2 yellow and par, US$/t"
2013-12-01,488.66933875,PSOYBUSDM,soja,"FMI: Soybeans, U.S. soybeans, Chicago Soybean futures contract (first contract forward) No. 2 yellow and par, US$/t"
2014-01-01,476.1021185,PSOYBUSDM,soja,"FMI: Soybeans, U.S. soybeans, Chicago Soybean futures contract (first contract forward) No. 2 yellow and par, US$/t"
2014-02-01,496.7989974868421,PSOYBUSDM,soja,"FMI: Soybeans, U.S. soybeans, Chicago Soybean futures contract (first contract forward) No. 2 yellow and par, US$/t"
2014-03-01,522.00112375,PSOYBUSDM,soja,"FMI: Soybeans, U.S. soybeans, Chicago Soybean futures contract (first contract forward) No. 2 yellow and par, US$/t"
2014-04-01,547.18805525,PSOYBUSDM,soja,"FMI: Soybeans, U.S. soybeans, Chicago Soybean futures contract (first contract forward) No. 2 yellow and par, US$/t"
2014-05-01,546.03325325,PSOYBUSDM,soja,"FMI: Soybeans, U.S. soybeans, Chicago Soybean futures contract (first contract forward) No. 2 yellow and par, US$/t"
2014-06-01,528.00259475,PSOYBUSDM,soja,"FMI: Soybeans, U.S. soybeans, Chicago Soybean futures contract (first contract forward) No. 2 yellow and par, US$/t"
2014-07-01,463.2336714886364,PSOYBUSDM,soja,"FMI: Soybeans, U.S. soybeans, Chicago Soybean futures contract (first contract forward) No. 2 yellow and par, US$/t"
2014-08-01,432.98513625,PSOYBUSDM,soja,"FMI: Soybeans, U.S. soybeans, Chicago Soybean futures contract (first contract forward) No. 2 yellow and par, US$/t"
2014-09-01,368.84988275,PSOYBUSDM,soja,"FMI: Soybeans, U.S. soybeans, Chicago Soybean futures contract (first contract forward) No. 2 yellow and par, US$/t"
2014-10-01,354.4409130652174,PSOYBUSDM,soja,"FMI: Soybeans, U.S. soybeans, Chicago Soybean futures contract (first contract forward) No. 2 yellow and par, US$/t"
2014-11-01,379.3448596184211,PSOYBUSDM,soja,"FMI: Soybeans, U.S. soybeans, Chicago Soybean futures contract (first contract forward) No. 2 yellow and par, US$/t"
2014-12-01,378.781617375,PSOYBUSDM,soja,"FMI: Soybeans, U.S. soybeans, Chicago Soybean futures contract (first contract forward) No. 2 yellow and par, US$/t"
2015-01-01,367.49211555,PSOYBUSDM,soja,"FMI: Soybeans, U.S. soybeans, Chicago Soybean futures contract (first contract forward) No. 2 yellow and par, US$/t"
2015-02-01,364.7392388684211,PSOYBUSDM,soja,"FMI: Soybeans, U.S. soybeans, Chicago Soybean futures contract (first contract forward) No. 2 yellow and par, US$/t"
2015-03-01,359.5955603863636,PSOYBUSDM,soja,"FMI: Soybeans, U.S. soybeans, Chicago Soybean futures contract (first contract forward) No. 2 yellow and par, US$/t"
2015-04-01,356.92567725,PSOYBUSDM,soja,"FMI: Soybeans, U.S. soybeans, Chicago Soybean futures contract (first contract forward) No. 2 yellow and par, US$/t"
2015-05-01,351.94953045,PSOYBUSDM,soja,"FMI: Soybeans, U.S. soybeans, Chicago Soybean futures contract (first contract forward) No. 2 yellow and par, US$/t"
2015-06-01,354.8230548068182,PSOYBUSDM,soja,"FMI: Soybeans, U.S. soybeans, Chicago Soybean futures contract (first contract forward) No. 2 yellow and par, US$/t"
2015-07-01,372.3472944545455,PSOYBUSDM,soja,"FMI: Soybeans, U.S. soybeans, Chicago Soybean futures contract (first contract forward) No. 2 yellow and par, US$/t"
2015-08-01,347.02237525,PSOYBUSDM,soja,"FMI: Soybeans, U.S. soybeans, Chicago Soybean futures contract (first contract forward) No. 2 yellow and par, US$/t"
2015-09-01,323.554524,PSOYBUSDM,soja,"FMI: Soybeans, U.S. soybeans, Chicago Soybean futures contract (first contract forward) No. 2 yellow and par, US$/t"
2015-10-01,327.4197703636364,PSOYBUSDM,soja,"FMI: Soybeans, U.S. soybeans, Chicago Soybean futures contract (first contract forward) No. 2 yellow and par, US$/t"
2015-11-01,319.0822908,PSOYBUSDM,soja,"FMI: Soybeans, U.S. soybeans, Chicago Soybean futures contract (first contract forward) No. 2 yellow and par, US$/t"
2015-12-01,323.3153320568182,PSOYBUSDM,soja,"FMI: Soybeans, U.S. soybeans, Chicago Soybean futures contract (first contract forward) No. 2 yellow and par, US$/t"
2016-01-01,323.2043537763158,PSOYBUSDM,soja,"FMI: Soybeans, U.S. soybeans, Chicago Soybean futures contract (first contract forward) No. 2 yellow and par, US$/t"
2016-02-01,320.12948625,PSOYBUSDM,soja,"FMI: Soybeans, U.S. soybeans, Chicago Soybean futures contract (first contract forward) No. 2 yellow and par, US$/t"
2016-03-01,326.9354215909091,PSOYBUSDM,soja,"FMI: Soybeans, U.S. soybeans, Chicago Soybean futures contract (first contract forward) No. 2 yellow and par, US$/t"
2016-04-01,353.80246275,PSOYBUSDM,soja,"FMI: Soybeans, U.S. soybeans, Chicago Soybean futures contract (first contract forward) No. 2 yellow and par, US$/t"
2016-05-01,388.5121365,PSOYBUSDM,soja,"FMI: Soybeans, U.S. soybeans, Chicago Soybean futures contract (first contract forward) No. 2 yellow and par, US$/t"
2016-06-01,421.2289417159091,PSOYBUSDM,soja,"FMI: Soybeans, U.S. soybeans, Chicago Soybean futures contract (first contract forward) No. 2 yellow and par, US$/t"
2016-07-01,390.4018125,PSOYBUSDM,soja,"FMI: Soybeans, U.S. soybeans, Chicago Soybean futures contract (first contract forward) No. 2 yellow and par, US$/t"
2016-08-01,370.3165877934783,PSOYBUSDM,soja,"FMI: Soybeans, U.S. soybeans, Chicago Soybean futures contract (first contract forward) No. 2 yellow and par, US$/t"
2016-09-01,355.90210275,PSOYBUSDM,soja,"FMI: Soybeans, U.S. soybeans, Chicago Soybean futures contract (first contract forward) No. 2 yellow and par, US$/t"
2016-10-01,358.38667675,PSOYBUSDM,soja,"FMI: Soybeans, U.S. soybeans, Chicago Soybean futures contract (first contract forward) No. 2 yellow and par, US$/t"
2016-11-01,368.3730895,PSOYBUSDM,soja,"FMI: Soybeans, U.S. soybeans, Chicago Soybean futures contract (first contract forward) No. 2 yellow and par, US$/t"
2016-12-01,375.28877875,PSOYBUSDM,soja,"FMI: Soybeans, U.S. soybeans, Chicago Soybean futures contract (first contract forward) No. 2 yellow and par, US$/t"
2017-01-01,379.589978775,PSOYBUSDM,soja,"FMI: Soybeans, U.S. soybeans, Chicago Soybean futures contract (first contract forward) No. 2 yellow and par, US$/t"
2017-02-01,380.8726239868421,PSOYBUSDM,soja,"FMI: Soybeans, U.S. soybeans, Chicago Soybean futures contract (first contract forward) No. 2 yellow and par, US$/t"
2017-03-01,366.095056173913,PSOYBUSDM,soja,"FMI: Soybeans, U.S. soybeans, Chicago Soybean futures contract (first contract forward) No. 2 yellow and par, US$/t"
2017-04-01,347.8613103552632,PSOYBUSDM,soja,"FMI: Soybeans, U.S. soybeans, Chicago Soybean futures contract (first contract forward) No. 2 yellow and par, US$/t"
2017-05-01,350.1799872613636,PSOYBUSDM,soja,"FMI: Soybeans, U.S. soybeans, Chicago Soybean futures contract (first contract forward) No. 2 yellow and par, US$/t"
2017-06-01,339.7289098636364,PSOYBUSDM,soja,"FMI: Soybeans, U.S. soybeans, Chicago Soybean futures contract (first contract forward) No. 2 yellow and par, US$/t"
2017-07-01,365.4528402,PSOYBUSDM,soja,"FMI: Soybeans, U.S. soybeans, Chicago Soybean futures contract (first contract forward) No. 2 yellow and par, US$/t"
2017-08-01,345.4107494021739,PSOYBUSDM,soja,"FMI: Soybeans, U.S. soybeans, Chicago Soybean futures contract (first contract forward) No. 2 yellow and par, US$/t"
2017-09-01,353.86020285,PSOYBUSDM,soja,"FMI: Soybeans, U.S. soybeans, Chicago Soybean futures contract (first contract forward) No. 2 yellow and par, US$/t"
2017-10-01,358.2761275227273,PSOYBUSDM,soja,"FMI: Soybeans, U.S. soybeans, Chicago Soybean futures contract (first contract forward) No. 2 yellow and par, US$/t"
2017-11-01,361.4092835,PSOYBUSDM,soja,"FMI: Soybeans, U.S. soybeans, Chicago Soybean futures contract (first contract forward) No. 2 yellow and par, US$/t"
2017-12-01,357.1533569625,PSOYBUSDM,soja,"FMI: Soybeans, U.S. soybeans, Chicago Soybean futures contract (first contract forward) No. 2 yellow and par, US$/t"
2018-01-01,356.868812,PSOYBUSDM,soja,"FMI: Soybeans, U.S. soybeans, Chicago Soybean futures contract (first contract forward) No. 2 yellow and par, US$/t"
2018-02-01,371.2322374342105,PSOYBUSDM,soja,"FMI: Soybeans, U.S. soybeans, Chicago Soybean futures contract (first contract forward) No. 2 yellow and par, US$/t"
2018-03-01,381.89389625,PSOYBUSDM,soja,"FMI: Soybeans, U.S. soybeans, Chicago Soybean futures contract (first contract forward) No. 2 yellow and par, US$/t"
2018-04-01,381.2683785,PSOYBUSDM,soja,"FMI: Soybeans, U.S. soybeans, Chicago Soybean futures contract (first contract forward) No. 2 yellow and par, US$/t"
2018-05-01,374.8483713068182,PSOYBUSDM,soja,"FMI: Soybeans, U.S. soybeans, Chicago Soybean futures contract (first contract forward) No. 2 yellow and par, US$/t"
2018-06-01,339.9579615,PSOYBUSDM,soja,"FMI: Soybeans, U.S. soybeans, Chicago Soybean futures contract (first contract forward) No. 2 yellow and par, US$/t"
2018-07-01,312.56203375,PSOYBUSDM,soja,"FMI: Soybeans, U.S. soybeans, Chicago Soybean futures contract (first contract forward) No. 2 yellow and par, US$/t"
2018-08-01,316.6588041521739,PSOYBUSDM,soja,"FMI: Soybeans, U.S. soybeans, Chicago Soybean futures contract (first contract forward) No. 2 yellow and par, US$/t"
2018-09-01,306.4327886052632,PSOYBUSDM,soja,"FMI: Soybeans, U.S. soybeans, Chicago Soybean futures contract (first contract forward) No. 2 yellow and par, US$/t"
2018-10-01,315.8520403043478,PSOYBUSDM,soja,"FMI: Soybeans, U.S. soybeans, Chicago Soybean futures contract (first contract forward) No. 2 yellow and par, US$/t"
2018-11-01,322.28161725,PSOYBUSDM,soja,"FMI: Soybeans, U.S. soybeans, Chicago Soybean futures contract (first contract forward) No. 2 yellow and par, US$/t"
2018-12-01,330.482023725,PSOYBUSDM,soja,"FMI: Soybeans, U.S. soybeans, Chicago Soybean futures contract (first contract forward) No. 2 yellow and par, US$/t"
2019-01-01,333.77714625,PSOYBUSDM,soja,"FMI: Soybeans, U.S. soybeans, Chicago Soybean futures contract (first contract forward) No. 2 yellow and par, US$/t"
2019-02-01,334.5030415263158,PSOYBUSDM,soja,"FMI: Soybeans, U.S. soybeans, Chicago Soybean futures contract (first contract forward) No. 2 yellow and par, US$/t"
2019-03-01,329.23667475,PSOYBUSDM,soja,"FMI: Soybeans, U.S. soybeans, Chicago Soybean futures contract (first contract forward) No. 2 yellow and par, US$/t"
2019-04-01,324.254404,PSOYBUSDM,soja,"FMI: Soybeans, U.S. soybeans, Chicago Soybean futures contract (first contract forward) No. 2 yellow and par, US$/t"
2019-05-01,305.3109190568182,PSOYBUSDM,soja,"FMI: Soybeans, U.S. soybeans, Chicago Soybean futures contract (first contract forward) No. 2 yellow and par, US$/t"
2019-06-01,326.6147493,PSOYBUSDM,soja,"FMI: Soybeans, U.S. soybeans, Chicago Soybean futures contract (first contract forward) No. 2 yellow and par, US$/t"
2019-07-01,325.4698490113636,PSOYBUSDM,soja,"FMI: Soybeans, U.S. soybeans, Chicago Soybean futures contract (first contract forward) No. 2 yellow and par, US$/t"
2019-08-01,314.6262820909091,PSOYBUSDM,soja,"FMI: Soybeans, U.S. soybeans, Chicago Soybean futures contract (first contract forward) No. 2 yellow and par, US$/t"
2019-09-01,322.453525275,PSOYBUSDM,soja,"FMI: Soybeans, U.S. soybeans, Chicago Soybean futures contract (first contract forward) No. 2 yellow and par, US$/t"
2019-10-01,339.8712372391304,PSOYBUSDM,soja,"FMI: Soybeans, U.S. soybeans, Chicago Soybean futures contract (first contract forward) No. 2 yellow and par, US$/t"
2019-11-01,332.9576305125,PSOYBUSDM,soja,"FMI: Soybeans, U.S. soybeans, Chicago Soybean futures contract (first contract forward) No. 2 yellow and par, US$/t"
2019-12-01,334.94944525,PSOYBUSDM,soja,"FMI: Soybeans, U.S. soybeans, Chicago Soybean futures contract (first contract forward) No. 2 yellow and par, US$/t"
2020-01-01,337.079705,PSOYBUSDM,soja,"FMI: Soybeans, U.S. soybeans, Chicago Soybean futures contract (first contract forward) No. 2 yellow and par, US$/t"
2020-02-01,325.4283145657895,PSOYBUSDM,soja,"FMI: Soybeans, U.S. soybeans, Chicago Soybean futures contract (first contract forward) No. 2 yellow and par, US$/t"
2020-03-01,319.3361563636364,PSOYBUSDM,soja,"FMI: Soybeans, U.S. soybeans, Chicago Soybean futures contract (first contract forward) No. 2 yellow and par, US$/t"
2020-04-01,309.994349,PSOYBUSDM,soja,"FMI: Soybeans, U.S. soybeans, Chicago Soybean futures contract (first contract forward) No. 2 yellow and par, US$/t"
2020-05-01,309.3314314125,PSOYBUSDM,soja,"FMI: Soybeans, U.S. soybeans, Chicago Soybean futures contract (first contract forward) No. 2 yellow and par, US$/t"
2020-06-01,318.6430365681818,PSOYBUSDM,soja,"FMI: Soybeans, U.S. soybeans, Chicago Soybean futures contract (first contract forward) No. 2 yellow and par, US$/t"
2020-07-01,328.9354479886364,PSOYBUSDM,soja,"FMI: Soybeans, U.S. soybeans, Chicago Soybean futures contract (first contract forward) No. 2 yellow and par, US$/t"
2020-08-01,332.14117675,PSOYBUSDM,soja,"FMI: Soybeans, U.S. soybeans, Chicago Soybean futures contract (first contract forward) No. 2 yellow and par, US$/t"
2020-09-01,366.824605,PSOYBUSDM,soja,"FMI: Soybeans, U.S. soybeans, Chicago Soybean futures contract (first contract forward) No. 2 yellow and par, US$/t"
2020-10-01,387.5750528522727,PSOYBUSDM,soja,"FMI: Soybeans, U.S. soybeans, Chicago Soybean futures contract (first contract forward) No. 2 yellow and par, US$/t"
2020-11-01,419.585496225,PSOYBUSDM,soja,"FMI: Soybeans, U.S. soybeans, Chicago Soybean futures contract (first contract forward) No. 2 yellow and par, US$/t"
2020-12-01,443.6551249772727,PSOYBUSDM,soja,"FMI: Soybeans, U.S. soybeans, Chicago Soybean futures contract (first contract forward) No. 2 yellow and par, US$/t"
2021-01-01,504.3121171973684,PSOYBUSDM,soja,"FMI: Soybeans, U.S. soybeans, Chicago Soybean futures contract (first contract forward) No. 2 yellow and par, US$/t"
2021-02-01,507.8172727894737,PSOYBUSDM,soja,"FMI: Soybeans, U.S. soybeans, Chicago Soybean futures contract (first contract forward) No. 2 yellow and par, US$/t"
2021-03-01,519.8794223152174,PSOYBUSDM,soja,"FMI: Soybeans, U.S. soybeans, Chicago Soybean futures contract (first contract forward) No. 2 yellow and par, US$/t"
2021-04-01,537.4183667045455,PSOYBUSDM,soja,"FMI: Soybeans, U.S. soybeans, Chicago Soybean futures contract (first contract forward) No. 2 yellow and par, US$/t"
2021-05-01,576.96794925,PSOYBUSDM,soja,"FMI: Soybeans, U.S. soybeans, Chicago Soybean futures contract (first contract forward) No. 2 yellow and par, US$/t"
2021-06-01,537.3557353977272,PSOYBUSDM,soja,"FMI: Soybeans, U.S. soybeans, Chicago Soybean futures contract (first contract forward) No. 2 yellow and par, US$/t"
2021-07-01,523.5714795,PSOYBUSDM,soja,"FMI: Soybeans, U.S. soybeans, Chicago Soybean futures contract (first contract forward) No. 2 yellow and par, US$/t"
2021-08-01,504.0400555909091,PSOYBUSDM,soja,"FMI: Soybeans, U.S. soybeans, Chicago Soybean futures contract (first contract forward) No. 2 yellow and par, US$/t"
2021-09-01,469.44013575,PSOYBUSDM,soja,"FMI: Soybeans, U.S. soybeans, Chicago Soybean futures contract (first contract forward) No. 2 yellow and par, US$/t"
2021-10-01,452.02187225,PSOYBUSDM,soja,"FMI: Soybeans, U.S. soybeans, Chicago Soybean futures contract (first contract forward) No. 2 yellow and par, US$/t"
2021-11-01,454.57643425,PSOYBUSDM,soja,"FMI: Soybeans, U.S. soybeans, Chicago Soybean futures contract (first contract forward) No. 2 yellow and par, US$/t"
2021-12-01,473.8100115,PSOYBUSDM,soja,"FMI: Soybeans, U.S. soybeans, Chicago Soybean futures contract (first contract forward) No. 2 yellow and par, US$/t"
2022-01-01,514.4485437,PSOYBUSDM,soja,"FMI: Soybeans, U.S. soybeans, Chicago Soybean futures contract (first contract forward) No. 2 yellow and par, US$/t"
2022-02-01,583.6930132894737,PSOYBUSDM,soja,"FMI: Soybeans, U.S. soybeans, Chicago Soybean futures contract (first contract forward) No. 2 yellow and par, US$/t"
2022-03-01,617.1983068695652,PSOYBUSDM,soja,"FMI: Soybeans, U.S. soybeans, Chicago Soybean futures contract (first contract forward) No. 2 yellow and par, US$/t"
2022-04-01,618.13839025,PSOYBUSDM,soja,"FMI: Soybeans, U.S. soybeans, Chicago Soybean futures contract (first contract forward) No. 2 yellow and par, US$/t"
2022-05-01,617.1229677613636,PSOYBUSDM,soja,"FMI: Soybeans, U.S. soybeans, Chicago Soybean futures contract (first contract forward) No. 2 yellow and par, US$/t"
2022-06-01,621.198178125,PSOYBUSDM,soja,"FMI: Soybeans, U.S. soybeans, Chicago Soybean futures contract (first contract forward) No. 2 yellow and par, US$/t"
2022-07-01,571.00147225,PSOYBUSDM,soja,"FMI: Soybeans, U.S. soybeans, Chicago Soybean futures contract (first contract forward) No. 2 yellow and par, US$/t"
2022-08-01,576.8241695543478,PSOYBUSDM,soja,"FMI: Soybeans, U.S. soybeans, Chicago Soybean futures contract (first contract forward) No. 2 yellow and par, US$/t"
2022-09-01,537.5519801590909,PSOYBUSDM,soja,"FMI: Soybeans, U.S. soybeans, Chicago Soybean futures contract (first contract forward) No. 2 yellow and par, US$/t"
2022-10-01,507.5442275,PSOYBUSDM,soja,"FMI: Soybeans, U.S. soybeans, Chicago Soybean futures contract (first contract forward) No. 2 yellow and par, US$/t"
2022-11-01,529.7481193295455,PSOYBUSDM,soja,"FMI: Soybeans, U.S. soybeans, Chicago Soybean futures contract (first contract forward) No. 2 yellow and par, US$/t"
2022-12-01,541.831786125,PSOYBUSDM,soja,"FMI: Soybeans, U.S. soybeans, Chicago Soybean futures contract (first contract forward) No. 2 yellow and par, US$/t"
2023-01-01,555.5062881136364,PSOYBUSDM,soja,"FMI: Soybeans, U.S. soybeans, Chicago Soybean futures contract (first contract forward) No. 2 yellow and par, US$/t"
2023-02-01,561.2921682375,PSOYBUSDM,soja,"FMI: Soybeans, U.S. soybeans, Chicago Soybean futures contract (first contract forward) No. 2 yellow and par, US$/t"
2023-03-01,547.2255216521739,PSOYBUSDM,soja,"FMI: Soybeans, U.S. soybeans, Chicago Soybean futures contract (first contract forward) No. 2 yellow and par, US$/t"
2023-04-01,546.87485895,PSOYBUSDM,soja,"FMI: Soybeans, U.S. soybeans, Chicago Soybean futures contract (first contract forward) No. 2 yellow and par, US$/t"
2023-05-01,508.3450956195652,PSOYBUSDM,soja,"FMI: Soybeans, U.S. soybeans, Chicago Soybean futures contract (first contract forward) No. 2 yellow and par, US$/t"
2023-06-01,526.2950466136364,PSOYBUSDM,soja,"FMI: Soybeans, U.S. soybeans, Chicago Soybean futures contract (first contract forward) No. 2 yellow and par, US$/t"
2023-07-01,555.11419625,PSOYBUSDM,soja,"FMI: Soybeans, U.S. soybeans, Chicago Soybean futures contract (first contract forward) No. 2 yellow and par, US$/t"
2023-08-01,510.150329576087,PSOYBUSDM,soja,"FMI: Soybeans, U.S. soybeans, Chicago Soybean futures contract (first contract forward) No. 2 yellow and par, US$/t"
2023-09-01,487.151474,PSOYBUSDM,soja,"FMI: Soybeans, U.S. soybeans, Chicago Soybean futures contract (first contract forward) No. 2 yellow and par, US$/t"
2023-10-01,471.9310722954545,PSOYBUSDM,soja,"FMI: Soybeans, U.S. soybeans, Chicago Soybean futures contract (first contract forward) No. 2 yellow and par, US$/t"
2023-11-01,494.3489047159091,PSOYBUSDM,soja,"FMI: Soybeans, U.S. soybeans, Chicago Soybean futures contract (first contract forward) No. 2 yellow and par, US$/t"
2023-12-01,481.48682025,PSOYBUSDM,soja,"FMI: Soybeans, U.S. soybeans, Chicago Soybean futures contract (first contract forward) No. 2 yellow and par, US$/t"
2024-01-01,452.626469673913,PSOYBUSDM,soja,"FMI: Soybeans, U.S. soybeans, Chicago Soybean futures contract (first contract forward) No. 2 yellow and par, US$/t"
2024-02-01,429.72632,PSOYBUSDM,soja,"FMI: Soybeans, U.S. soybeans, Chicago Soybean futures contract (first contract forward) No. 2 yellow and par, US$/t"
2024-03-01,433.52754325,PSOYBUSDM,soja,"FMI: Soybeans, U.S. soybeans, Chicago Soybean futures contract (first contract forward) No. 2 yellow and par, US$/t"
2024-04-01,427.9221407045455,PSOYBUSDM,soja,"FMI: Soybeans, U.S. soybeans, Chicago Soybean futures contract (first contract forward) No. 2 yellow and par, US$/t"
2024-05-01,447.4943333152174,PSOYBUSDM,soja,"FMI: Soybeans, U.S. soybeans, Chicago Soybean futures contract (first contract forward) No. 2 yellow and par, US$/t"
2024-06-01,430.9714502625,PSOYBUSDM,soja,"FMI: Soybeans, U.S. soybeans, Chicago Soybean futures contract (first contract forward) No. 2 yellow and par, US$/t"
2024-07-01,411.0821253913043,PSOYBUSDM,soja,"FMI: Soybeans, U.S. soybeans, Chicago Soybean futures contract (first contract forward) No. 2 yellow and par, US$/t"
2024-08-01,361.8294103295455,PSOYBUSDM,soja,"FMI: Soybeans, U.S. soybeans, Chicago Soybean futures contract (first contract forward) No. 2 yellow and par, US$/t"
2024-09-01,372.09557625,PSOYBUSDM,soja,"FMI: Soybeans, U.S. soybeans, Chicago Soybean futures contract (first contract forward) No. 2 yellow and par, US$/t"
2024-10-01,368.4913844347826,PSOYBUSDM,soja,"FMI: Soybeans, U.S. soybeans, Chicago Soybean futures contract (first contract forward) No. 2 yellow and par, US$/t"
2024-11-01,365.51670425,PSOYBUSDM,soja,"FMI: Soybeans, U.S. soybeans, Chicago Soybean futures contract (first contract forward) No. 2 yellow and par, US$/t"
2024-12-01,361.236500625,PSOYBUSDM,soja,"FMI: Soybeans, U.S. soybeans, Chicago Soybean futures contract (first contract forward) No. 2 yellow and par, US$/t"
2025-01-01,377.853040173913,PSOYBUSDM,soja,"FMI: Soybeans, U.S. soybeans, Chicago Soybean futures contract (first contract forward) No. 2 yellow and par, US$/t"
2025-02-01,382.0839574125,PSOYBUSDM,soja,"FMI: Soybeans, U.S. soybeans, Chicago Soybean futures contract (first contract forward) No. 2 yellow and par, US$/t"
2025-03-01,369.344173,PSOYBUSDM,soja,"FMI: Soybeans, U.S. soybeans, Chicago Soybean futures contract (first contract forward) No. 2 yellow and par, US$/t"
2025-04-01,378.0661990472382,PSOYBUSDM,soja,"FMI: Soybeans, U.S. soybeans, Chicago Soybean futures contract (first contract forward) No. 2 yellow and par, US$/t"
2025-05-01,387.649984262981,PSOYBUSDM,soja,"FMI: Soybeans, U.S. soybeans, Chicago Soybean futures contract (first contract forward) No. 2 yellow and par, US$/t"
2025-06-01,383.520686981273,PSOYBUSDM,soja,"FMI: Soybeans, U.S. soybeans, Chicago Soybean futures contract (first contract forward) No. 2 yellow and par, US$/t"
2025-07-01,374.7692583960979,PSOYBUSDM,soja,"FMI: Soybeans, U.S. soybeans, Chicago Soybean futures contract (first contract forward) No. 2 yellow and par, US$/t"
2025-08-01,372.962786097465,PSOYBUSDM,soja,"FMI: Soybeans, U.S. soybeans, Chicago Soybean futures contract (first contract forward) No. 2 yellow and par, US$/t"
2025-09-01,368.574390192018,PSOYBUSDM,soja,"FMI: Soybeans, U.S. soybeans, Chicago Soybean futures contract (first contract forward) No. 2 yellow and par, US$/t"
2025-10-01,371.5741425506887,PSOYBUSDM,soja,"FMI: Soybeans, U.S. soybeans, Chicago Soybean futures contract (first contract forward) No. 2 yellow and par, US$/t"
2025-11-01,410.1693589372302,PSOYBUSDM,soja,"FMI: Soybeans, U.S. soybeans, Chicago Soybean futures contract (first contract forward) No. 2 yellow and par, US$/t"
2025-12-01,391.5498835528245,PSOYBUSDM,soja,"FMI: Soybeans, U.S. soybeans, Chicago Soybean futures contract (first contract forward) No. 2 yellow and par, US$/t"
2026-01-01,383.2414025347702,PSOYBUSDM,soja,"FMI: Soybeans, U.S. soybeans, Chicago Soybean futures contract (first contract forward) No. 2 yellow and par, US$/t"
2026-02-01,409.479246388148,PSOYBUSDM,soja,"FMI: Soybeans, U.S. soybeans, Chicago Soybean futures contract (first contract forward) No. 2 yellow and par, US$/t"
2026-03-01,426.5981083814549,PSOYBUSDM,soja,"FMI: Soybeans, U.S. soybeans, Chicago Soybean futures contract (first contract forward) No. 2 yellow and par, US$/t"
2026-04-01,425.2924899966025,PSOYBUSDM,soja,"FMI: Soybeans, U.S. soybeans, Chicago Soybean futures contract (first contract forward) No. 2 yellow and par, US$/t"
2026-05-01,439.149647497951,PSOYBUSDM,soja,"FMI: Soybeans, U.S. soybeans, Chicago Soybean futures contract (first contract forward) No. 2 yellow and par, US$/t"
2026-06-01,414.542332960393,PSOYBUSDM,soja,"FMI: Soybeans, U.S. soybeans, Chicago Soybean futures contract (first contract forward) No. 2 yellow and par, US$/t"
2026-07-01,442.4505721529122,PSOYBUSDM,soja,"FMI: Soybeans, U.S. soybeans, Chicago Soybean futures contract (first contract forward) No. 2 yellow and par, US$/t"
1992-01-01,109.586357116699,PMAIZMTUSDM,milho,"FMI: Maize (corn), U.S. No.2 Yellow, FOB Gulf of Mexico, U.S. price, US$/t — não é cotação CBOT"
1992-02-01,113.921257019043,PMAIZMTUSDM,milho,"FMI: Maize (corn), U.S. No.2 Yellow, FOB Gulf of Mexico, U.S. price, US$/t — não é cotação CBOT"
1992-03-01,116.684593200684,PMAIZMTUSDM,milho,"FMI: Maize (corn), U.S. No.2 Yellow, FOB Gulf of Mexico, U.S. price, US$/t — não é cotação CBOT"
1992-04-01,109.055137634277,PMAIZMTUSDM,milho,"FMI: Maize (corn), U.S. No.2 Yellow, FOB Gulf of Mexico, U.S. price, US$/t — não é cotação CBOT"
1992-05-01,109.177909851074,PMAIZMTUSDM,milho,"FMI: Maize (corn), U.S. No.2 Yellow, FOB Gulf of Mexico, U.S. price, US$/t — não é cotação CBOT"
1992-06-01,110.201927185059,PMAIZMTUSDM,milho,"FMI: Maize (corn), U.S. No.2 Yellow, FOB Gulf of Mexico, U.S. price, US$/t — não é cotação CBOT"
1992-07-01,102.394058227539,PMAIZMTUSDM,milho,"FMI: Maize (corn), U.S. No.2 Yellow, FOB Gulf of Mexico, U.S. price, US$/t — não é cotação CBOT"
1992-08-01,97.5399322509766,PMAIZMTUSDM,milho,"FMI: Maize (corn), U.S. No.2 Yellow, FOB Gulf of Mexico, U.S. price, US$/t — não é cotação CBOT"
1992-09-01,98.2166748046875,PMAIZMTUSDM,milho,"FMI: Maize (corn), U.S. No.2 Yellow, FOB Gulf of Mexico, U.S. price, US$/t — não é cotação CBOT"
1992-10-01,94.5597686767578,PMAIZMTUSDM,milho,"FMI: Maize (corn), U.S. No.2 Yellow, FOB Gulf of Mexico, U.S. price, US$/t — não é cotação CBOT"
1992-11-01,95.1726608276367,PMAIZMTUSDM,milho,"FMI: Maize (corn), U.S. No.2 Yellow, FOB Gulf of Mexico, U.S. price, US$/t — não é cotação CBOT"
1992-12-01,94.0434188842773,PMAIZMTUSDM,milho,"FMI: Maize (corn), U.S. No.2 Yellow, FOB Gulf of Mexico, U.S. price, US$/t — não é cotação CBOT"
1993-01-01,94.09521484375,PMAIZMTUSDM,milho,"FMI: Maize (corn), U.S. No.2 Yellow, FOB Gulf of Mexico, U.S. price, US$/t — não é cotação CBOT"
1993-02-01,94.2540740966797,PMAIZMTUSDM,milho,"FMI: Maize (corn), U.S. No.2 Yellow, FOB Gulf of Mexico, U.S. price, US$/t — não é cotação CBOT"
1993-03-01,97.5351867675781,PMAIZMTUSDM,milho,"FMI: Maize (corn), U.S. No.2 Yellow, FOB Gulf of Mexico, U.S. price, US$/t — não é cotação CBOT"
1993-04-01,100.487373352051,PMAIZMTUSDM,milho,"FMI: Maize (corn), U.S. No.2 Yellow, FOB Gulf of Mexico, U.S. price, US$/t — não é cotação CBOT"
1993-05-01,99.22267150878912,PMAIZMTUSDM,milho,"FMI: Maize (corn), U.S. No.2 Yellow, FOB Gulf of Mexico, U.S. price, US$/t — não é cotação CBOT"
1993-06-01,92.7262115478516,PMAIZMTUSDM,milho,"FMI: Maize (corn), U.S. No.2 Yellow, FOB Gulf of Mexico, U.S. price, US$/t — não é cotação CBOT"
1993-07-01,101.888687133789,PMAIZMTUSDM,milho,"FMI: Maize (corn), U.S. No.2 Yellow, FOB Gulf of Mexico, U.S. price, US$/t — não é cotação CBOT"
1993-08-01,100.312896728516,PMAIZMTUSDM,milho,"FMI: Maize (corn), U.S. No.2 Yellow, FOB Gulf of Mexico, U.S. price, US$/t — não é cotação CBOT"
1993-09-01,101.031677246094,PMAIZMTUSDM,milho,"FMI: Maize (corn), U.S. No.2 Yellow, FOB Gulf of Mexico, U.S. price, US$/t — não é cotação CBOT"
1993-10-01,105.767631530762,PMAIZMTUSDM,milho,"FMI: Maize (corn), U.S. No.2 Yellow, FOB Gulf of Mexico, U.S. price, US$/t — não é cotação CBOT"
1993-11-01,115.92845916748,PMAIZMTUSDM,milho,"FMI: Maize (corn), U.S. No.2 Yellow, FOB Gulf of Mexico, U.S. price, US$/t — não é cotação CBOT"
1993-12-01,121.229499816895,PMAIZMTUSDM,milho,"FMI: Maize (corn), U.S. No.2 Yellow, FOB Gulf of Mexico, U.S. price, US$/t — não é cotação CBOT"
1994-01-01,126.716453552246,PMAIZMTUSDM,milho,"FMI: Maize (corn), U.S. No.2 Yellow, FOB Gulf of Mexico, U.S. price, US$/t — não é cotação CBOT"
1994-02-01,123.64900970459,PMAIZMTUSDM,milho,"FMI: Maize (corn), U.S. No.2 Yellow, FOB Gulf of Mexico, U.S. price, US$/t — não é cotação CBOT"
1994-03-01,120.107292175293,PMAIZMTUSDM,milho,"FMI: Maize (corn), U.S. No.2 Yellow, FOB Gulf of Mexico, U.S. price, US$/t — não é cotação CBOT"
1994-04-01,113.416732788086,PMAIZMTUSDM,milho,"FMI: Maize (corn), U.S. No.2 Yellow, FOB Gulf of Mexico, U.S. price, US$/t — não é cotação CBOT"
1994-05-01,110.601257324219,PMAIZMTUSDM,milho,"FMI: Maize (corn), U.S. No.2 Yellow, FOB Gulf of Mexico, U.S. price, US$/t — não é cotação CBOT"
1994-06-01,112.083099365234,PMAIZMTUSDM,milho,"FMI: Maize (corn), U.S. No.2 Yellow, FOB Gulf of Mexico, U.S. price, US$/t — não é cotação CBOT"
1994-07-01,98.7315521240234,PMAIZMTUSDM,milho,"FMI: Maize (corn), U.S. No.2 Yellow, FOB Gulf of Mexico, U.S. price, US$/t — não é cotação CBOT"
1994-08-01,96.1568756103516,PMAIZMTUSDM,milho,"FMI: Maize (corn), U.S. No.2 Yellow, FOB Gulf of Mexico, U.S. price, US$/t — não é cotação CBOT"
1994-09-01,97.6050567626953,PMAIZMTUSDM,milho,"FMI: Maize (corn), U.S. No.2 Yellow, FOB Gulf of Mexico, U.S. price, US$/t — não é cotação CBOT"
1994-10-01,96.1100006103516,PMAIZMTUSDM,milho,"FMI: Maize (corn), U.S. No.2 Yellow, FOB Gulf of Mexico, U.S. price, US$/t — não é cotação CBOT"
1994-11-01,95.605712890625,PMAIZMTUSDM,milho,"FMI: Maize (corn), U.S. No.2 Yellow, FOB Gulf of Mexico, U.S. price, US$/t — não é cotação CBOT"
1994-12-01,102.555236816406,PMAIZMTUSDM,milho,"FMI: Maize (corn), U.S. No.2 Yellow, FOB Gulf of Mexico, U.S. price, US$/t — não é cotação CBOT"
1995-01-01,106.898773193359,PMAIZMTUSDM,milho,"FMI: Maize (corn), U.S. No.2 Yellow, FOB Gulf of Mexico, U.S. price, US$/t — não é cotação CBOT"
1995-02-01,106.977661132813,PMAIZMTUSDM,milho,"FMI: Maize (corn), U.S. No.2 Yellow, FOB Gulf of Mexico, U.S. price, US$/t — não é cotação CBOT"
1995-03-01,109.627067565918,PMAIZMTUSDM,milho,"FMI: Maize (corn), U.S. No.2 Yellow, FOB Gulf of Mexico, U.S. price, US$/t — não é cotação CBOT"
1995-04-01,109.640487670898,PMAIZMTUSDM,milho,"FMI: Maize (corn), U.S. No.2 Yellow, FOB Gulf of Mexico, U.S. price, US$/t — não é cotação CBOT"
1995-05-01,111.927581787109,PMAIZMTUSDM,milho,"FMI: Maize (corn), U.S. No.2 Yellow, FOB Gulf of Mexico, U.S. price, US$/t — não é cotação CBOT"
1995-06-01,120.007438659668,PMAIZMTUSDM,milho,"FMI: Maize (corn), U.S. No.2 Yellow, FOB Gulf of Mexico, U.S. price, US$/t — não é cotação CBOT"
1995-07-01,127.309562683105,PMAIZMTUSDM,milho,"FMI: Maize (corn), U.S. No.2 Yellow, FOB Gulf of Mexico, U.S. price, US$/t — não é cotação CBOT"
1995-08-01,126.297080993652,PMAIZMTUSDM,milho,"FMI: Maize (corn), U.S. No.2 Yellow, FOB Gulf of Mexico, U.S. price, US$/t — não é cotação CBOT"
1995-09-01,130.51301574707,PMAIZMTUSDM,milho,"FMI: Maize (corn), U.S. No.2 Yellow, FOB Gulf of Mexico, U.S. price, US$/t — não é cotação CBOT"
1995-10-01,140.816360473633,PMAIZMTUSDM,milho,"FMI: Maize (corn), U.S. No.2 Yellow, FOB Gulf of Mexico, U.S. price, US$/t — não é cotação CBOT"
1995-11-01,143.21223449707,PMAIZMTUSDM,milho,"FMI: Maize (corn), U.S. No.2 Yellow, FOB Gulf of Mexico, U.S. price, US$/t — não é cotação CBOT"
1995-12-01,148.188522338867,PMAIZMTUSDM,milho,"FMI: Maize (corn), U.S. No.2 Yellow, FOB Gulf of Mexico, U.S. price, US$/t — não é cotação CBOT"
1996-01-01,156.67073059082,PMAIZMTUSDM,milho,"FMI: Maize (corn), U.S. No.2 Yellow, FOB Gulf of Mexico, U.S. price, US$/t — não é cotação CBOT"
1996-02-01,164.71223449707,PMAIZMTUSDM,milho,"FMI: Maize (corn), U.S. No.2 Yellow, FOB Gulf of Mexico, U.S. price, US$/t — não é cotação CBOT"
1996-03-01,170.961151123047,PMAIZMTUSDM,milho,"FMI: Maize (corn), U.S. No.2 Yellow, FOB Gulf of Mexico, U.S. price, US$/t — não é cotação CBOT"
1996-04-01,189.03303527832,PMAIZMTUSDM,milho,"FMI: Maize (corn), U.S. No.2 Yellow, FOB Gulf of Mexico, U.S. price, US$/t — não é cotação CBOT"
1996-05-01,203.998931884766,PMAIZMTUSDM,milho,"FMI: Maize (corn), U.S. No.2 Yellow, FOB Gulf of Mexico, U.S. price, US$/t — não é cotação CBOT"
1996-06-01,196.63931274414097,PMAIZMTUSDM,milho,"FMI: Maize (corn), U.S. No.2 Yellow, FOB Gulf of Mexico, U.S. price, US$/t — não é cotação CBOT"
1996-07-01,197.619995117188,PMAIZMTUSDM,milho,"FMI: Maize (corn), U.S. No.2 Yellow, FOB Gulf of Mexico, U.S. price, US$/t — não é cotação CBOT"
1996-08-01,186.820068359375,PMAIZMTUSDM,milho,"FMI: Maize (corn), U.S. No.2 Yellow, FOB Gulf of Mexico, U.S. price, US$/t — não é cotação CBOT"
1996-09-01,145.239181518555,PMAIZMTUSDM,milho,"FMI: Maize (corn), U.S. No.2 Yellow, FOB Gulf of Mexico, U.S. price, US$/t — não é cotação CBOT"
1996-10-01,128.608795166016,PMAIZMTUSDM,milho,"FMI: Maize (corn), U.S. No.2 Yellow, FOB Gulf of Mexico, U.S. price, US$/t — não é cotação CBOT"
1996-11-01,117.136840820313,PMAIZMTUSDM,milho,"FMI: Maize (corn), U.S. No.2 Yellow, FOB Gulf of Mexico, U.S. price, US$/t — não é cotação CBOT"
1996-12-01,116.835014343262,PMAIZMTUSDM,milho,"FMI: Maize (corn), U.S. No.2 Yellow, FOB Gulf of Mexico, U.S. price, US$/t — não é cotação CBOT"
1997-01-01,118.695167541504,PMAIZMTUSDM,milho,"FMI: Maize (corn), U.S. No.2 Yellow, FOB Gulf of Mexico, U.S. price, US$/t — não é cotação CBOT"
1997-02-01,121.746200561523,PMAIZMTUSDM,milho,"FMI: Maize (corn), U.S. No.2 Yellow, FOB Gulf of Mexico, U.S. price, US$/t — não é cotação CBOT"
1997-03-01,127.860580444336,PMAIZMTUSDM,milho,"FMI: Maize (corn), U.S. No.2 Yellow, FOB Gulf of Mexico, U.S. price, US$/t — não é cotação CBOT"
1997-04-01,124.712875366211,PMAIZMTUSDM,milho,"FMI: Maize (corn), U.S. No.2 Yellow, FOB Gulf of Mexico, U.S. price, US$/t — não é cotação CBOT"
1997-05-01,118.610809326172,PMAIZMTUSDM,milho,"FMI: Maize (corn), U.S. No.2 Yellow, FOB Gulf of Mexico, U.S. price, US$/t — não é cotação CBOT"
1997-06-01,112.58137512207,PMAIZMTUSDM,milho,"FMI: Maize (corn), U.S. No.2 Yellow, FOB Gulf of Mexico, U.S. price, US$/t — não é cotação CBOT"
1997-07-01,106.420722961426,PMAIZMTUSDM,milho,"FMI: Maize (corn), U.S. No.2 Yellow, FOB Gulf of Mexico, U.S. price, US$/t — não é cotação CBOT"
1997-08-01,111.951019287109,PMAIZMTUSDM,milho,"FMI: Maize (corn), U.S. No.2 Yellow, FOB Gulf of Mexico, U.S. price, US$/t — não é cotação CBOT"
1997-09-01,112.236907958984,PMAIZMTUSDM,milho,"FMI: Maize (corn), U.S. No.2 Yellow, FOB Gulf of Mexico, U.S. price, US$/t — não é cotação CBOT"
1997-10-01,120.244216918945,PMAIZMTUSDM,milho,"FMI: Maize (corn), U.S. No.2 Yellow, FOB Gulf of Mexico, U.S. price, US$/t — não é cotação CBOT"
1997-11-01,117.404762268066,PMAIZMTUSDM,milho,"FMI: Maize (corn), U.S. No.2 Yellow, FOB Gulf of Mexico, U.S. price, US$/t — não é cotação CBOT"
1997-12-01,113.604362487793,PMAIZMTUSDM,milho,"FMI: Maize (corn), U.S. No.2 Yellow, FOB Gulf of Mexico, U.S. price, US$/t — não é cotação CBOT"
1998-01-01,114.367256164551,PMAIZMTUSDM,milho,"FMI: Maize (corn), U.S. No.2 Yellow, FOB Gulf of Mexico, U.S. price, US$/t — não é cotação CBOT"
1998-02-01,113.61873626709,PMAIZMTUSDM,milho,"FMI: Maize (corn), U.S. No.2 Yellow, FOB Gulf of Mexico, U.S. price, US$/t — não é cotação CBOT"
1998-03-01,113.840438842773,PMAIZMTUSDM,milho,"FMI: Maize (corn), U.S. No.2 Yellow, FOB Gulf of Mexico, U.S. price, US$/t — não é cotação CBOT"
1998-04-01,106.687858581543,PMAIZMTUSDM,milho,"FMI: Maize (corn), U.S. No.2 Yellow, FOB Gulf of Mexico, U.S. price, US$/t — não é cotação CBOT"
1998-05-01,105.966926574707,PMAIZMTUSDM,milho,"FMI: Maize (corn), U.S. No.2 Yellow, FOB Gulf of Mexico, U.S. price, US$/t — não é cotação CBOT"
1998-06-01,101.751693725586,PMAIZMTUSDM,milho,"FMI: Maize (corn), U.S. No.2 Yellow, FOB Gulf of Mexico, U.S. price, US$/t — não é cotação CBOT"
1998-07-01,100.904479980469,PMAIZMTUSDM,milho,"FMI: Maize (corn), U.S. No.2 Yellow, FOB Gulf of Mexico, U.S. price, US$/t — não é cotação CBOT"
1998-08-01,88.3582077026367,PMAIZMTUSDM,milho,"FMI: Maize (corn), U.S. No.2 Yellow, FOB Gulf of Mexico, U.S. price, US$/t — não é cotação CBOT"
1998-09-01,85.7144470214844,PMAIZMTUSDM,milho,"FMI: Maize (corn), U.S. No.2 Yellow, FOB Gulf of Mexico, U.S. price, US$/t — não é cotação CBOT"
1998-10-01,95.494758605957,PMAIZMTUSDM,milho,"FMI: Maize (corn), U.S. No.2 Yellow, FOB Gulf of Mexico, U.S. price, US$/t — não é cotação CBOT"
1998-11-01,97.3845291137695,PMAIZMTUSDM,milho,"FMI: Maize (corn), U.S. No.2 Yellow, FOB Gulf of Mexico, U.S. price, US$/t — não é cotação CBOT"
1998-12-01,95.3247604370117,PMAIZMTUSDM,milho,"FMI: Maize (corn), U.S. No.2 Yellow, FOB Gulf of Mexico, U.S. price, US$/t — não é cotação CBOT"
1999-01-01,97.4518737792969,PMAIZMTUSDM,milho,"FMI: Maize (corn), U.S. No.2 Yellow, FOB Gulf of Mexico, U.S. price, US$/t — não é cotação CBOT"
