navio,bandeira,comprimento_m,calado_m,nav,chegada,carimbo,agencia,operacao,mercadoria,peso,viagem,duv,prioridade,terminal,imo
DALMA,ILHAS MARSHALL,183,10.6,Cabo,11/09/2026 06:36:00,4020-7,CONE SUL AGENCIA DE NAVEGAÇÃO S/C LTDA.,EMB,OLEO COMBUSTIVEL,40000,4267-5 2026,436142026,B,ALAMOA,09439773
HORIZON THEONI,MALTESA,183,11,Cabo,16/09/2026 12:30:00,4095-9,CONE SUL AGENCIA DE NAVEGAÇÃO S/C LTDA.,DESC,OLEO LUBRIFICANTE,484,4361-1 2026,443952026,B,ALA.-I.B.,09407407
AMAZON VICTORY,GREGA,228,11.2,Cabo,24/09/2026 12:00:00,4210-2,CONE SUL AGENCIA DE NAVEGAÇÃO S/C LTDA.,EMB,OLEO COMBUSTIVEL,70000,4493-5 2026,457932026,B,ALAMOA,09660358
NT MAERSK CURAÇAO,DINAMARQUESA,183,10.6,Cabo,25/09/2026 19:36:00,4267-6,CONE SUL AGENCIA DE NAVEGAÇÃO S/C LTDA.,EMB,OLEO COMBUSTIVEL,25000,4544-9 2026,462472026,B,ALAMOA,09786205
STAVANGER PRIDE,NORUEGUESA,183,9,Long,28/09/2026 00:06:00,4261-7,NORTH STAR SUDESTE SERVICOS MARITIMOS LTDA-EPP,DESC,OLEO DIESEL,38335,4526-- 2026,451632026,B,ILHA,09856062
BOW TITANIUM,NORUEGUESA,165,8,Long,28/09/2026 14:00:00,4275-7,AGENCIA MARITIMA GRANEL LTDA.,EMB DESC,GRAN.LIQUIDO NAO ESPECIF GRAN.LIQUIDO NAO ESPECIF,1000 1481,4459-1 2026,453652026,B,ALAMOA,09777395
ALANGOVA,TURCA,125,7,Long,28/09/2026 21:40:00,4278-1,ROCHAMAR AGENCIA MARITIMA S/A,EMB,GRAN.LIQUIDO NAO ESPECIF,3900,4324-9 2026,441852026,B,ALAMOA,09411927
SOLAR NESRIN,ILHAS MARSHALL,169,9,Long,29/09/2026 13:00:00,4286-2,ROCHAMAR AGENCIA MARITIMA S/A,EMB,GRAN.LIQUIDO NAO ESPECIF,2700,4563-3 2026,464182026,B,ALAMOA,09877626
BANIYAS,ILHAS MARSHALL,250,10,Long,30/09/2026,,CONE SUL AGENCIA DE NAVEGAÇÃO S/C LTDA.,EMB,OLEO COMBUSTIVEL,65000,4206-6 2026,426132026,B,ALAMOA,09838228
CHARLINE,ILHAS MARSHALL,183,7,Cabo,30/09/2026,,CONE SUL AGENCIA DE NAVEGAÇÃO S/C LTDA.,EMB,OLEO DIESEL,50000,4188-8 2026,425132026,B,ALAMOA,09476812
GAVI C,LIBERIANA,184,8.3,Long,30/09/2026,,CONE SUL AGENCIA DE NAVEGAÇÃO S/C LTDA.,EMB,OLEO DIESEL,37000,4301-9 2026,439972026,B,ALAMOA,09391361
JAG PRIYANKA,INDIANA,183,10.6,Long,30/09/2026,,CONE SUL AGENCIA DE NAVEGAÇÃO S/C LTDA.,EMB,GASOLINA COMUM,40000,3960-9 2026,402482026,B,ALAMOA,09658379
MAERSK CALLAO,DINAMARQUESA,183,9,Cabo,30/09/2026,,CONE SUL AGENCIA DE NAVEGAÇÃO S/C LTDA.,DESC,OLEO LUBRIFICANTE,3440,4442-1 2026,450962026,B,ILHA,09786152
MAERSK CALLAO,DINAMARQUESA,183,9,Cabo,30/09/2026,,CONE SUL AGENCIA DE NAVEGAÇÃO S/C LTDA.,EMB,OLEO DIESEL,15000,3297-8 2026,332772026,B,ALAMOA,09786152
MAERSK KATALIN,SINGAPURENSE,183,9,Cabo,30/09/2026,,CONE SUL AGENCIA DE NAVEGAÇÃO S/C LTDA.,EMB,OLEO DIESEL,38000,3789-8 2026,384132026,B,ALAMOA,09431317
MANTA ANADOLU,PANAMENHA,180,9,Long,30/09/2026,,CONE SUL AGENCIA DE NAVEGAÇÃO S/C LTDA.,DESC,GAS LIQUEFEITO,13000,4543-2 2026,462622026,B,ALAMOA,09763045
MARLIN,LIBERIANA,144,8.2,Cabo,30/09/2026,,CONE SUL AGENCIA DE NAVEGAÇÃO S/C LTDA.,EMB,OLEO DIESEL,16000,3790-6 2026,384172026,B,ALAMOA,09453638
MOYRA,GIBRALTAR,164,8,Cabo,30/09/2026,,AGENCIA MARITIMA GRANEL LTDA.,DESC,GRAN.LIQUIDO NAO ESPECIF,6100,4411-9 2026,448722026,B,ILHA,09271999
PACIFIC JASPER,LIBERIANA,183,10,Cabo,30/09/2026,,CONE SUL AGENCIA DE NAVEGAÇÃO S/C LTDA.,EMB,OLEO DIESEL,30000,4542-6 2026,462612026,B,ALAMOA,09788552
DART,ILHAS MARSHALL,183,10,Cabo,01/10/2026,,CONE SUL AGENCIA DE NAVEGAÇÃO S/C LTDA.,EMB,OLEO COMBUSTIVEL,30000,4518-8 2026,459792026,B,ALAMOA,09697222
FLUMAR MACEIO (REB),BRASILEIRA,144,8,Cabo,01/10/2026,,AGENCIA MARITIMA GRANEL LTDA.,EMB DESC,GRAN.LIQUIDO NAO ESPECIF GRAN.LIQUIDO NAO ESPECIF,500 13220,4559-6 2026,462642026,B,DOW,09345893
LADY AMANDA,ILHAS MARSHALL,182,9,Long,01/10/2026 06:00:00,,WILHELMSEN PORT SERVICES BRASIL LTDA,DESC,GRAN.LIQUIDO NAO ESPECIF,45547,4565-6 2026,458612026,B,ALAMOA,09913602
ANITA GARIBALDI,BRASILEIRA,228,10,Cabo,02/10/2026,,CONE SUL AGENCIA DE NAVEGAÇÃO S/C LTDA.,EMB,OLEO COMBUSTIVEL,62000,4571-6 2026,465432026,B,ALAMOA,09492270
WECO MEMPHIS BELLE,ILHAS MARSHALL,183,9,Long,02/10/2026,,ISS MARINE SERVICES LTDA.,DESC,OLEO DIESEL,23483,4520-2 2026,458172026,B,ALAMOA,01041453
LILA ANTWERP,ILHAS MARSHALL,146,9,Long,02/10/2026 06:00:00,,WILHELMSEN PORT SERVICES BRASIL LTDA,EMB,GRAN.LIQUIDO NAO ESPECIF,17363,4541-0 2026,448792026,B,ALAMOA,09340489
CASTILLO DE TEBRA (REB),BRASILEIRA,120,6.3,Cabo,03/10/2026,,ORION OPERACOES PORTUARIAS LTDA,EMB DESC,ETHANOL PRODUTOS QUIMICOS,2835 5462,4593-0 2026,464722026,B,AGEO(ILHA),09753636
BOW PROSPER,NORUEGUESA,183,8,Long,03/10/2026 06:00:00,,AGENCIA MARITIMA GRANEL LTDA.,DESC,GRAN.LIQUIDO NAO ESPECIF,9492,4499-3 2026,458492026,B,ILHA,09866770
VORIAS,LIBERIANA,183,8.6,Cabo,04/10/2026,,CONE SUL AGENCIA DE NAVEGAÇÃO S/C LTDA.,EMB,OLEO DIESEL,30000,4583-4 2026,468052026,B,ALAMOA,09448322
ORANGE BLOSSOM 2,LIBERIANA,170,7.7,Long,07/10/2026 07:00:00,,LACHMANN AGENCIA MARITIMA LTDA,EMB,SUCOS CITRICOS A GRANEL,17000,4515-9 2026,459212026,B,CUTRALE,09675406
MED ATLANTIC,MALTESA,170,1.3,Long,10/10/2026 06:00:00,,TRANSATLANTICA AFRETAMENTOS E SERVICOS MARITIMOS LTDA,EMB,ETHANOL,8100,4460-0 2026,456332026,B,ILHA,09410533
CAIPIRINHA,LIBERIANA,180,8,Long,29/09/2026 02:30:00,4281-1,FERTIMPORT S/A.,DESC,TRIGO A GRANEL,36000,4367-0 2026,437022026,B,29/30,09714769
IWAGI ISLAND,SINGAPURENSE,180,10,Long,05/10/2026 07:00:00,,FERTIMPORT S/A.,DESC,TRIGO A GRANEL,30000,4500-1 2026,454682026,B,30/31,09846251
STAR HELENA,ILHAS MARSHALL,229,13.4,Long,01/09/2026 07:00:00,3861-0,ALPHAMAR AGÊNCIA MARÍTIMA LTDA.,EMB,MILHO A GRANEL,65000,3942-- 2026,400162026,B,12A-13/14-20/21,09361213
MELISSUS,LIBERIANA,230,10.5,Long,05/09/2026 08:00:00,3921-7,AGÊNCIA MARÍTIMA CARGONAVE (SP) LTDA.,EMB,MILHO A GRANEL,70500,4027-4 2026,409802026,B,39,09491989
LOWLANDS IYO,ILHAS MARSHALL,229,13.3,Long,16/09/2026 08:00:00,4090-8,"WILSON SONS S/A - COMERCIO, INDUSTRIA E AGENCIA DE NAVEGACAO",EMB,SORGO A GRANEL,65000,4325-5 2026,436672026,B,38,09987249
SHINE CRYSTAL,LIBERIANA,229,12.9,Long,18/09/2026 07:00:00,4121-1,ALPHAMAR AGÊNCIA MARÍTIMA LTDA.,EMB,PELLETS A GRANEL,68000,4117-3 2026,418882026,B,39,01041398
MAPLE WISDOM,HONG KONG,229,13.2,Long,20/09/2026 06:06:00,4153-0,FERTIMPORT S/A.,EMB,SOJA A GRANEL,66000,4410-2 2026,436572026,B,TGG,09964663
DANAE,ILHAS MARSHALL,229,13,Long,20/09/2026 10:00:00,4155-6,WAYPOINT AGENCIA MARITIMA LTDA,EMB,SORGO A GRANEL,65000,4417-7 2026,448742026,B,12A - 20/21,09719587
FIGALIA PRUDENCE,GREGA,229,13,Long,21/09/2026 07:25:00,4170-0,FERTIMPORT S/A.,EMB,SOJA A GRANEL,69130,4335-- 2026,436322026,B,ULTRAF.-TGG,09588316
HAPPINESS DIVA,ILHAS MARSHALL,229,13.3,Long,22/09/2026 13:50:00,4183-1,ALPHAMAR AGÊNCIA MARÍTIMA LTDA.,EMB,SOJA A GRANEL,65000,4425-0 2026,452872026,B,CUTRALE,01049340
YM MASCOT,LIBERIANA,229,13,Long,23/09/2026 08:00:00,4195-5,CARGILL AGRICOLA S/A.,EMB,SOJA A GRANEL,68000,4426-6 2026,451962026,B,35/37,09965837
FORTUNE SUNSHINE,ILHAS MARSHALL,229,13.3,Long,24/09/2026 05:28:00,4205-6,"WILSON SONS S/A - COMERCIO, INDUSTRIA E AGENCIA DE NAVEGACAO",EMB,SORGO A GRANEL,70000,4431-0 2026,452762026,B,38,01061477
STAR MARKELLA,ILHAS MARSHALL,229,13.1,Long,24/09/2026 16:30:00,4215-3,ALPHAMAR AGÊNCIA MARÍTIMA LTDA.,EMB,MILHO A GRANEL,69240,4418-3 2026,446432026,B,12A-13/14-20/21,09401491
AFRICA GRAECA II,CIPRIOTA,229,13,Long,25/09/2026 06:30:00,4222-6,FERTIMPORT S/A.,EMB,PELLETS A GRANEL,63115,4445-- 2026,453082026,B,TGG,01060162
AMOY POWER,HONG KONG,229,11.1,Long,26/09/2026 17:48:00,4240-4,AGÊNCIA MARÍTIMA CARGONAVE (SP) LTDA.,EMB,MILHO A GRANEL,60705,4444-4 2026,452842026,B,16/17-19,09847384
YASA NEPTUNE,ILHAS MARSHALL,200,13,Long,27/09/2026 00:56:00,4242--,ALPHAMAR AGÊNCIA MARÍTIMA LTDA.,EMB,SORGO A GRANEL,62526,4498-7 2026,447672026,B,13/14-RODR/MULT,09964118
SM SANTOS,ILHAS MARSHALL,229,12.4,Long,27/09/2026 14:30:00,4251-0,LBH BRASIL AG MARITIMO LTDA,EMB,SOJA A GRANEL,66000,4409-4 2026,444922026,B,39,09842516
YU YAN,ILHAS MARSHALL,229,12.1,Long,27/09/2026 17:00:00,4253-6,WILLIAMS SERVICOS MARITIMOS LTDA.,EMB,PELLETS A GRANEL,62800,4424-3 2026,448872026,B,38,09660578
LADY ANNE,LIBERIANA,229,13.3,Long,27/09/2026 19:30:00,4255-2,"WILSON SONS S/A - COMERCIO, INDUSTRIA E AGENCIA DE NAVEGACAO",EMB,SOJA A GRANEL,66000,4502-4 2026,458852026,B,ULTRAFERTIL,09866184
SHANDONG FU YI,HONG KONG,229,13.5,Long,27/09/2026 20:38:00,4259-5,ORION OPERACOES PORTUARIAS LTDA,EMB,SOJA A GRANEL,70504,4517-1 2026,454732026,B,TEG,09748801
CORNELIA M,LIBERIANA,225,8,Long,28/09/2026 07:48:00,4268-4,NOATUM MARITIME SERVICES BRASIL LTDA,EMB,SOJA A GRANEL,65000,4501-8 2026,456262026,B,12A-39,09490117
AUDACITY,LIBERIANA,229,13.4,Long,28/09/2026 08:00:00,4269-2,WAYPOINT AGENCIA MARITIMA LTDA,EMB,MILHO A GRANEL,66000,4448-0 2026,449562026,B,TGG,09783954
NIKI,LIBERIANA,229,13,Long,28/09/2026 12:06:00,4272-2,BERNARDINO & DEMETRIO SANTOS AGENCIAMENTO MARITIMO LTDA,EMB,MILHO A GRANEL,80000,4365-7 2026,443202026,B,19,09568586
SDM TAICANG,LIBERIANA,210,10.5,Long,28/09/2026 14:00:00,4274-9,AGÊNCIA MARÍTIMA CARGONAVE (SP) LTDA.,EMB,PELLETS A GRANEL,62502,4446-7 2026,440832026,B,35/37,09949223
KANKO MARU,PANAMENHA,229,12.4,Long,30/09/2026,,FERTIMPORT S/A.,EMB,MILHO A GRANEL,66000,3466-4 2026,343102026,B,TGG,09950911
PORT ESTRELA,LIBERIANA,200,13,Long,30/09/2026,,ALPHAMAR AGÊNCIA MARÍTIMA LTDA.,EMB,MILHO A GRANEL,58000,3480-7 2026,354692026,B,AR.12A - BG/ITA,09735098
RICHLAND BEIJING,LIBERIANA,229,13,Long,30/09/2026,,FERTIMPORT S/A.,EMB,SOJA A GRANEL,60000,3310-4 2026,335092026,B,SUG.26,09929041
ZY IDOL,SINGAPURENSE,200,12.9,Long,30/09/2026,,ALPHAMAR AGÊNCIA MARÍTIMA LTDA.,EMB,SOJA A GRANEL,57420,4532-- 2026,455842026,B,TEG,01016472
ROSTRUM HEDONIST,LIBERIANA,229,12.5,Long,30/09/2026 08:00:00,,ALPHAMAR AGÊNCIA MARÍTIMA LTDA.,EMB,PELLETS A GRANEL,63101,4524-8 2026,457862026,B,35/37,09955894
SUN ISLAND,PANAMENHA,229,12.4,Long,30/09/2026 08:00:00,,ALPHAMAR AGÊNCIA MARÍTIMA LTDA.,EMB,MILHO A GRANEL,62800,4523-1 2026,457802026,B,13/14-RODR/MULT,01042134
KAVO ALKYON,ILHAS MARSHALL,225,12.2,Long,01/10/2026 05:00:00,,FERTIMPORT S/A.,EMB,MILHO A GRANEL,68000,4414-8 2026,435662026,B,12A-13/14-20/21,09291121
NEW AMBITION,PANAMENHA,229,12.9,Long,01/10/2026 08:00:00,,CARGILL AGRICOLA S/A.,EMB,PELLETS A GRANEL,66000,4397-6 2026,448122026,B,38,09584592
EASTERN YUCCA,HONG KONG,225,13.3,Long,02/10/2026 08:00:00,,ALPHAMAR AGÊNCIA MARÍTIMA LTDA.,EMB,SOJA A GRANEL,66000,4573-9 2026,465522026,B,ULTRAFERTIL,09440394
LAGUNA SECA,LIBERIANA,229,11.5,Long,03/10/2026,,AGÊNCIA MARÍTIMA CARGONAVE (SP) LTDA.,EMB,MILHO A GRANEL,68500,4594-6 2026,460462026,B,12A-13/14-20/21,09737606
MINOAN COURAGE,LIBERIANA,225,10.3,Long,03/10/2026 00:01:00,,AGÊNCIA MARÍTIMA CARGONAVE (SP) LTDA.,EMB,MILHO A GRANEL,69793,4536-6 2026,454282026,B,16/17-19,09288526
STAR CAPOEIRA,PORTUGUESA,229,13,Long,03/10/2026 07:00:00,,FERTIMPORT S/A.,EMB,SOJA A GRANEL,68000,4488-1 2026,453402026,B,TGG,09719537
SHINE PEARL,LIBERIANA,229,8,Long,05/10/2026,,NOATUM MARITIME SERVICES BRASIL LTDA,EMB,SOJA A GRANEL,65000,4610-1 2026,469472026,B,TGG,09971496
MEDI EOLIE,LIBERIANA,229,14.4,Long,05/10/2026 01:00:00,,FERTIMPORT S/A.,EMB,MILHO A GRANEL,68000,4574-5 2026,457322026,B,TGG,09728186
MAIRINI,ILHAS MARSHALL,229,13.2,Long,05/10/2026 08:00:00,,CARGILL AGRICOLA S/A.,EMB,SOJA A GRANEL,66000,4609-3 2026,469852026,B,ULTRAFERTIL,09474670
BALOS,BAHAMENSE,229,13.4,Long,06/10/2026 08:00:00,,ALPHAMAR AGÊNCIA MARÍTIMA LTDA.,EMB,SOJA A GRANEL,69619,4611-8 2026,467412026,B,CUTRALE,09825532
SANTA REGINA,PANAMENHA,229,13.3,Long,10/10/2026,,"WILSON SONS S/A - COMERCIO, INDUSTRIA E AGENCIA DE NAVEGACAO",EMB,SOJA A GRANEL,70000,4608-7 2026,467012026,B,38,09675274
CPT DIMITRIOS S,LIBERIANA,225,13,Long,10/10/2026 07:00:00,,FERTIMPORT S/A.,EMB,MILHO A GRANEL,70000,4582-8 2026,447402026,B,SUG.26,09221592
DARYA DEVI,HONG KONG,229,14.3,Long,11/10/2026 01:00:00,,FERTIMPORT S/A.,EMB,SOJA A GRANEL,67300,4516-5 2026,459872026,B,ULTRAFERTIL,09627760
ALEXANDRIA,ILHAS MARSHALL,229,14,Long,11/10/2026 07:00:00,,WAYPOINT AGENCIA MARITIMA LTDA,EMB,MILHO A GRANEL,70000,4595-2 2026,467092026,B,16/17-19,09592616
SAGA NAVIGATOR,BAHAMENSE,199,6,Long,04/09/2026 03:42:00,3911-0,"WILSON SONS S/A - COMERCIO, INDUSTRIA E AGENCIA DE NAVEGACAO",DESC,FERTILIZANTES,20074,3981-6 2026,404712026,B,SABOO-CODESP,09371062
FLOURISH DIVA,PANAMENHA,229,7.5,Long,07/09/2026 02:12:00,3957-8,TRANSATLANTICA AFRETAMENTOS E SERVICOS MARITIMOS LTDA,DESC,GRAN.SOLIDO NAO ESPECIF,77300,3607-7 2026,364222026,B,TERMAG,09894284
ANIMA,CIPRIOTA,190,8,Long,15/09/2026 01:30:00,4073-8,"WILSON SONS S/A - COMERCIO, INDUSTRIA E AGENCIA DE NAVEGACAO",DESC,FERTILIZANTES,20670,4270-6 2026,434052026,B,CODESP-RUA,09500584
MINOAN SKY,LIBERIANA,225,8.9,Long,17/09/2026 13:30:00,4110-6,LBH BRASIL AG MARITIMO LTDA,DESC,FERTILIZANTES,30000,4326-1 2026,434352026,B,23,09422328
OLYMPIA.GR,ILHAS MARSHALL,200,8,Long,19/09/2026 14:00:00,4142-4,"WILSON SONS S/A - COMERCIO, INDUSTRIA E AGENCIA DE NAVEGACAO",DESC,FERTILIZANTES,23000,4280-1 2026,436532026,B,ULTRAFERTIL,09817523
TEGEA,GRANDCAYMANA,190,8,Long,20/09/2026 03:30:00,4152-1,NORTH STAR SUDESTE SERVICOS MARITIMOS LTDA-EPP,DESC,FERTILIZANTES,40500,4249-7 2026,432372026,B,ULTRAFERTIL,09478937
LANGLOIS FUJIMARU,LIBERIANA,200,9,Long,22/09/2026 09:00:00,4180-7,ORION OPERACOES PORTUARIAS LTDA,DESC,FERTILIZANTES,49495,4407-1 2026,445352026,B,ULTRAFERTIL,01047067
LONGEVITY DIVA,LIBERIANA,229,6.5,Long,23/09/2026 03:20:00,4190-4,ZPORT AGENCIA MARITIMA LTDA,DESC,FERTILIZANTES,77000,4318-9 2026,438632026,B,TERMAG,09905629
SEAJOY II,MALTESA,200,6,Long,24/09/2026 08:51:00,4208--,ORION OPERACOES PORTUARIAS LTDA,DESC,FERTILIZANTES,23835,4239-1 2026,433932026,B,CODESP-RUA,09870874
AMBER STAR.GR,ILHAS MARSHALL,180,9,Long,27/09/2026 00:12:00,4241-2,ROCHAMAR AGENCIA MARITIMA S/A,DESC,GRAN.SOLIDO NAO ESPECIF,18000,4384-1 2026,447612026,B,ULTRAFERTIL,09801160
BC AMBITION,PANAMENHA,180,6.4,Long,27/09/2026 11:40:00,4250-1,WAYPOINT AGENCIA MARITIMA LTDA,DESC,FERTILIZANTES,36900,4449-6 2026,436432026,B,CODESP-RUA,09908358
TAI STAMINA,LIBERIANA,200,7,Long,28/09/2026 16:18:00,4276-5,ORION OPERACOES PORTUARIAS LTDA,DESC,FERTILIZANTES,42000,4281-8 2026,437522026,B,ULTRAFERTIL,09881897
ELITE DIVA,PANAMENHA,229,9,Long,29/09/2026 14:24:00,4288-9,ORION OPERACOES PORTUARIAS LTDA,DESC,FERTILIZANTES,77500,4428-9 2026,453562026,B,TERMAG,09937268
KIRANA NAREE,TAILANDESA,190,8.2,Long,30/09/2026,,WORLD SHIPPING AGENCIAMENTOS LTDA,DESC,FERTILIZANTES,21000,4208-9 2026,423492026,B,23,09434723
LAKE ST. CLAIR,ANTIGUANA,185,6.1,Long,30/09/2026,,WORLD SHIPPING AGENCIAMENTOS LTDA,DESC,FERTILIZANTES,16898,4351-6 2026,443792026,B,ULTRAFERTIL,09315549
MDS ARIADNE,ILHAS MARSHALL,180,4,Long,30/09/2026,,"WILSON SONS S/A - COMERCIO, INDUSTRIA E AGENCIA DE NAVEGACAO",DESC,FERTILIZANTES,7774,4534-3 2026,460632026,B,USIMINAS,09482770
OCEAN GLSR,MALTESA,190,6.3,Long,30/09/2026 13:12:00,4301-0,"WILSON SONS S/A - COMERCIO, INDUSTRIA E AGENCIA DE NAVEGACAO",DESC,FERTILIZANTES,30000,4385-8 2026,446022026,B,23,09529516
ATLANTIC ADAM,SAN MARINO,169,5.2,Long,03/10/2026 08:00:00,,WAYPOINT AGENCIA MARITIMA LTDA,DESC,FERTILIZANTES,27200,4584-- 2026,436662026,B,CODESP-RUA,09384863
CORAL ISLAND,MALTESA,190,8,Long,04/10/2026,,UNIMAR AGENCIAMENTOS MARITIMOS LTDA,DESC,FERTILIZANTES,20135,4596-9 2026,468572026,B,CODESP-RUA,09304112
UNISUN,ANTIGUANA,132,3,Long,04/10/2026,,"WILSON SONS S/A - COMERCIO, INDUSTRIA E AGENCIA DE NAVEGACAO",DESC,FERTILIZANTES,7000,4558-0 2026,462932026,B,CODESP-RUA,09448451
GENCO HUNTER,ILHAS MARSHALL,190,5,Long,04/10/2026 10:00:00,,ROCHAMAR AGENCIA MARITIMA S/A,DESC,FERTILIZANTES,44475,4599-8 2026,467172026,B,23,09368871
SERENITY DIVA,LIBERIANA,228,7,Long,05/10/2026 01:00:00,,JBG - AGENCIAMENTOS MARITIMOS E TRANSPORTES LTDA,DESC,FERTILIZANTES,83420,4450-4 2026,425852026,B,TERMAG-ULTR.,09959773
EGRET BULKER,ILHAS MARSHALL,190,6.5,Long,05/10/2026 07:00:00,,UNITED PORT SERVICES LTDA,DESC,FERTILIZANTES,18250,4383-5 2026,446002026,B,CODESP-RUA,09441295
OSLO BULK 5,PORTUGUESA,108,7.4,Long,07/10/2026,,ROCHAMAR AGENCIA MARITIMA S/A,DESC,FERTILIZANTES,6500,4491-2 2026,458092026,B,ULTRAFERTIL,09485796
BUNUN STAR,LIBERIANA,180,7,Long,10/10/2026,,"WILSON SONS S/A - COMERCIO, INDUSTRIA E AGENCIA DE NAVEGACAO",DESC,FERTILIZANTES,16000,4535-0 2026,461802026,B,CODESP-RUA,09912440
OHIRAYAMA,BARBADOS,183,9,Long,01/09/2026 17:45:00,3870-9,ORION OPERACOES PORTUARIAS LTDA,EMB,ACUCAR A GRANEL,35500,4291-3 2026,439392026,B,T.E.A.G.,09991288
WL PALEKH,HONG KONG,180,10,Long,17/09/2026 07:05:00,4106-8,WILLIAMS SERVICOS MARITIMOS LTDA.,EMB,ACUCAR A GRANEL,33000,4154-6 2026,421552026,B,20/21,09674397
NORDIC INCHEON,LIBERIANA,180,9.5,Long,22/09/2026 15:00:00,4184-0,WILLIAMS SERVICOS MARITIMOS LTDA.,EMB,ACUCAR A GRANEL,30000,4321-0 2026,440772026,B,20/21,09649873
IDA,BARBADOS,200,13,Long,24/09/2026 18:45:00,4216-1,WILLIAMS SERVICOS MARITIMOS LTDA.,EMB,ACUCAR A GRANEL,61700,4413-1 2026,448542026,B,12A - TEAG,09875197
TOP GENIUS,SINGAPURENSE,200,13.1,Long,27/09/2026 05:00:00,4245-5,WILLIAMS SERVICOS MARITIMOS LTDA.,EMB,ACUCAR A GRANEL,60000,4420-8 2026,448572026,B,20/21,01108495
ALYTUS,CIPRIOTA,186,9.2,Long,27/09/2026 08:00:00,4247-1,WILLIAMS SERVICOS MARITIMOS LTDA.,EMB,ACUCAR A GRANEL,33400,4529-0 2026,458032026,B,20/21,09544750
PICTOR,LIBERIANA,225,14.1,Long,29/09/2026 19:42:00,4294-3,LBH BRASIL AG MARITIMO LTDA,EMB,ACUCAR A GRANEL,73500,4521-9 2026,459772026,B,16/17-19,09254563
ANNA M,LIBERIANA,190,11.2,Long,30/09/2026,,WILLIAMS SERVICOS MARITIMOS LTDA.,EMB,ACUCAR A GRANEL,47250,4368-6 2026,445032026,B,T.E.A.G.,09347889
APPIA,LIBERIANA,180,9,Long,30/09/2026,,BERNARDINO & DEMETRIO SANTOS AGENCIAMENTO MARITIMO LTDA,EMB,CARVAO A GRANEL,10000,4423-7 2026,448302026,B,CODESP-USIMINAS,09994840
ARTEMIS BULKER,SINGAPURENSE,200,13.3,Long,30/09/2026,,AGENCIA MARITIMA NAABSA LTDA,EMB,ACUCAR A GRANEL,60500,4398-2 2026,448522026,B,ULTRAF - 16/17,09860673
LAKE ST. CLAIR,ANTIGUANA,185,9.5,Long,30/09/2026,,WILLIAMS SERVICOS MARITIMOS LTDA.,EMB,ACUCAR A GRANEL,22000,4408-8 2026,448622026,B,ULTRAFERTIL,09315549
OCEAN HARMONY,ILHAS MARSHALL,200,12.2,Long,30/09/2026 00:25:00,4299-4,WAYPOINT AGENCIA MARITIMA LTDA,EMB,ACUCAR A GRANEL,55000,4560-4 2026,461612026,B,12A-13/14-20/21,01061568
LEFKES,PORTUGUESA,180,10,Long,30/09/2026 14:30:00,4303-6,ALPHAMAR AGÊNCIA MARÍTIMA LTDA.,EMB,ACUCAR A GRANEL,30000,4533-7 2026,461012026,B,16/17-19,09658783
KARDAM,LIBERIANA,190,12.1,Long,03/10/2026 07:00:00,,WILLIAMS SERVICOS MARITIMOS LTDA.,EMB,ACUCAR A GRANEL,55000,4406-5 2026,448662026,B,20/21,09474668
STAR SAPPHIRE,ILHAS MARSHALL,229,13.3,Long,04/10/2026 07:00:00,,WILLIAMS SERVICOS MARITIMOS LTDA.,EMB,ACUCAR A GRANEL,75000,4585-7 2026,468452026,B,20/21,09860037
GRANDE GUINEA,ITALIANA,211,9,Long,30/09/2026,,LACHMANN AGENCIA MARITIMA LTDA,EMB DESC,CONTEINERES CHEIOS CONTEINERES CHEIOS,3600 3600,4306-- 2026,370142026,B,CAIS SABOO,09437919
POLARIS LEADER,SINGAPURENSE,180,9,Long,30/09/2026,,LACHMANN AGENCIA MARITIMA LTDA,EMB DESC,VEICULOS/VRS/CCS.RO-RO VEICULOS/VRS/CCS.RO-RO,2500 2500,4528-3 2026,397622026,B,TEVI,09372810
TORINO,MALTESA,200,9,Long,30/09/2026,,WILHELMSEN PORT SERVICES BRASIL LTDA,EMB,VEICULO,6343,4457-9 2026,405962026,B,TEVI,09398321
GLOVIS CRYSTAL,COREANA,200,8,Long,30/09/2026 07:00:00,,GLS BRASIL SERVICOS MARITIMOS,EMB DESC,VEICULOS/VRS/CCS.RO-RO VEICULOS/VRS/CCS.RO-RO,3671 23,4393-- 2026,440952026,B,TEVI,09707003
GRANDE SAN PAOLO,ITALIANA,214,9,Long,01/10/2026 01:00:00,,LACHMANN AGENCIA MARITIMA LTDA,EMB DESC,CONTEINERES CHEIOS CONTEINERES CHEIOS,3600 3600,4561-- 2026,370292026,B,CAIS SABOO,09253208
GRACIOUS ACE,LIBERIANA,200,7,Long,03/10/2026,,ROCHAMAR AGENCIA MARITIMA S/A,EMB DESC,VEICULOS/VRS/CCS.RO-RO VEICULOS/VRS/CCS.RO-RO,1209 334,4527-7 2026,459642026,B,TEVI,09604914
GRANDE DAKAR,ITALIANA,236,9,Long,04/10/2026 01:01:00,,LACHMANN AGENCIA MARITIMA LTDA,EMB DESC,CONTEINERES CHEIOS CONTEINERES CHEIOS,5400 5400,4566-2 2026,397162026,B,CAIS SABOO,09680724
GRAND VEGA,ILHAS MARSHALL,200,9,Long,16/10/2026,,UNIMAR AGENCIAMENTOS MARITIMOS LTDA,EMB,VEICULO,2800,4452-7 2026,454132026,B,TEVI,09355252
DRATEC XXI,BRASILEIRA,44,2.4,Long,30/09/2026,,UNIMAR AGENCIAMENTOS MARITIMOS LTDA,EMB,CARGA GERAL,1,4537-2 2026,460132026,B,CODESP-RUA,09999304
DRATEC XXII,BRASILEIRA,61,2.4,Long,30/09/2026,,UNIMAR AGENCIAMENTOS MARITIMOS LTDA,EMB,CARGA GERAL,1,4538-9 2026,460042026,B,CODESP-RUA,09999207
GREEN ITAQUI,LIBERIANA,225,9,Long,04/10/2026 09:00:00,,"WILSON SONS S/A - COMERCIO, INDUSTRIA E AGENCIA DE NAVEGACAO",EMB,PAPEL E CELULOSE,32998,4587-0 2026,468372026,B,35/37,09976410
GREEN NAGOYA,PANAMENHA,210,10,Long,07/10/2026,,WILHELMSEN PORT SERVICES BRASIL LTDA,EMB,PAPEL E CELULOSE,58001,4403-6 2026,448812026,B,EPORT 1/TECON 1,01027366
COSCO SHIPPING FAN RONG,CHINESA,202,10,Long,07/10/2026 06:00:00,,WILHELMSEN PORT SERVICES BRASIL LTDA,EMB,PAPEL E CELULOSE,58001,4586-3 2026,467292026,B,EPORT 1/TECON 1,09928906
SAGA FANTASY,BAHAMENSE,200,9,Long,12/10/2026,,LACHMANN AGENCIA MARITIMA LTDA,EMB,PAPEL E CELULOSE,11500,4519-4 2026,459192026,B,CODESP-RUA,09658953
SAGA FALCON,BAHAMENSE,200,8,Long,15/10/2026 08:00:00,,LACHMANN AGENCIA MARITIMA LTDA,EMB,PAPEL E CELULOSE,17000,4490-6 2026,456972026,B,35/37,09613848
VICENTE PINZÓN,BRASILEIRA,255,9,Cabo,25/09/2026 01:00:00,4218-8,LACHMANN AGENCIA MARITIMA LTDA,EMB DESC,CONTEINERES CHEIOS CONTEINERES CHEIOS,3600 3600,4309-0 2026,397342026,B,B.T.P. 1,09625396
XIN WEI HAI,CHINESA,263,12,Long,27/09/2026 18:48:00,4256--,UNIMAR AGENCIAMENTOS MARITIMOS LTDA,EMB DESC,CONTEINERES CHEIOS CONTEINERES CHEIOS,9000 3600,4272-9 2026,436352026,B,TECON,09312573
KOTA EMBUN,SINGAPURENSE,335,8,Long,28/09/2026 08:21:00,4270-6,PACIFIC INTER LINES AG MAR BRAZIL,EMB DESC,CONTEINERES CHEIOS CONTEINERES CHEIOS,12600 12600,4177-6 2026,423902026,B,TECON,09968865
MSC INIYA V,CIPRIOTA,294,13.5,Long,29/09/2026 01:24:00,4280-3,MSC MEDITERRANEAN SHIPPING DO BRASIL LTDA.,EMB DESC,CONTEINERES CHEIOS CONTEINERES CHEIOS,12600 1800,4360-5 2026,444012026,B,B.T.P. 1,09313931
COSTA RICA EXPRESS,ILHAS MARSHALL,270,9,Long,29/09/2026 03:12:00,4282-0,ROCHAMAR AGENCIA MARITIMA S/A,EMB DESC,CONTEINERES CHEIOS CONTEINERES CHEIOS,18666 126,4058-7 2026,411612026,B,EPORT 1/TECON 1,09641235
CMA CGM SANTOS (REB),BRASILEIRA,228,10,Cabo,29/09/2026 18:50:00,4291-9,UNIMAR AGENCIAMENTOS MARITIMOS LTDA,EMB DESC,CONTEINERES CHEIOS CONTEINERES CHEIOS,16200 4500,4379-8 2026,446672026,B,TECON,09649835
CAP SAN ARTEMISSIO,PANAMENHA,333,9,Long,30/09/2026,,LACHMANN AGENCIA MARITIMA LTDA,EMB,CONTEINERES CHEIOS CONTEINERES CHEIOS,1800,4205-0 2026,414292026,B,EPORT 1/TECON 1,09633939
CMA CGM IRON,MALTESA,335,10,Long,30/09/2026,,UNIMAR AGENCIAMENTOS MARITIMOS LTDA,EMB DESC,CONTEINERES CHEIOS CONTEINERES CHEIOS,16200 4500,3415-- 2026,346262026,B,TECON,09996678
COSCO SHIPPING CHILE,HONG KONG,336,12,Long,30/09/2026,,UNIMAR AGENCIAMENTOS MARITIMOS LTDA,EMB DESC,CONTEINERES CHEIOS CONTEINERES CHEIOS,9000 3600,4275-8 2026,436292026,B,TECON,09945887
EVER LEADER,SINGAPURENSE,335,13.5,Long,30/09/2026,,EVERGREEN SHIPPING AGENCY(BR) SA,EMB DESC,CONTEINERES CHEIOS CONTEINERES CHEIOS,19800 180,4288-2 2026,438182026,B,TECON,09595503
FELIXSTOWE,BAHAMENSE,260,12,Long,30/09/2026,,ZIM DO BRASIL LTDA.,EMB DESC,CONTEINERES CHEIOS CONTEINERES CHEIOS,1800 1800,4355-1 2026,443842026,B,29-TECON,09227039
MAERSK KARUN,DINAMARQUESA,255,9,Long,30/09/2026,,LACHMANN AGENCIA MARITIMA LTDA,EMB,CONTEINERES CHEIOS CONTEINERES CHEIOS,1800,4481-7 2026,452082026,B,B.T.P. 1,09624299
MERCOSUL SANTOS,BRASILEIRA,211,10,Long,30/09/2026,,UNIMAR AGENCIAMENTOS MARITIMOS LTDA,EMB DESC,CONTEINERES CHEIOS CONTEINERES CHEIOS,16200 4500,4458-5 2026,456882026,B,TECON,09356153
MSC BIANCA,LIBERIANA,328,13,Long,30/09/2026,,MSC MEDITERRANEAN SHIPPING DO BRASIL LTDA.,EMB DESC,CONTEINERES CHEIOS CONTEINERES CHEIOS,64500 4300,4022-2 2026,410352026,B,B.T.P./TECON,09770749
MSC CAROLE,LIBERIANA,328,13.8,Long,30/09/2026,,MSC MEDITERRANEAN SHIPPING DO BRASIL LTDA.,EMB DESC,CONTEINERES CHEIOS CONTEINERES CHEIOS,27000 1800,4259-2 2026,433292026,B,B.T.P. 1,09785445
MSC DUBAI VII,PORTUGUESA,295,11.3,Long,30/09/2026,,MSC MEDITERRANEAN SHIPPING DO BRASIL LTDA.,EMB,CONTEINERES CHEIOS CONTEINERES CHEIOS,1800,3760-0 2026,381972026,B,B.T.P. 1,09444285
MSC MELINE,PORTUGUESA,300,14.2,Long,30/09/2026,,MSC MEDITERRANEAN SHIPPING DO BRASIL LTDA.,EMB DESC,CONTEINERES CHEIOS CONTEINERES CHEIOS,18000 1800,4235-6 2026,433202026,B,B.T.P. 1,09702077
NC BRUMA (REB S/L),BRASILEIRA,224,5,Cabo,30/09/2026,,ROCHAMAR AGENCIA MARITIMA S/A,EMB DESC,CONTEINERES CHEIOS CONTEINERES CHEIOS,4500 6300,4053-5 2026,411572026,B,EPORT 1/TECON 1,09612777
ESPIRITO SANTO EXPRESS,SINGAPURENSE,330,9,Long,30/09/2026 10:00:00,,ROCHAMAR AGENCIA MARITIMA S/A,EMB DESC,CONTEINERES CHEIOS CONTEINERES CHEIOS,360 35802,4082-5 2026,411642026,B,B.T.P. 1,09793923
LOG-IN PANTANAL (REB),BRASILEIRA,183,9.1,Cabo,30/09/2026 12:00:00,,MSC MEDITERRANEAN SHIPPING DO BR,EMB DESC,CONTEINERES CHEIOS CONTEINERES CHEIOS,7200 7200,4388-7 2026,447732026,B,TECON,09351799
ONE MAGDALENA,SINGAPURENSE,330,10,Long,30/09/2026 14:00:00,4302-8,UNIMAR AGENCIAMENTOS MARITIMOS LTDA,EMB DESC,CONTEINERES CHEIOS CONTEINERES CHEIOS,14310 4500,4168-7 2026,423722026,B,B.T.P. 1,09937347
CAP SAN ARTEMISSIO,PANAMENHA,333,9,Long,30/09/2026 15:00:00,,LACHMANN AGENCIA MARITIMA LTDA,EMB DESC,CONTEINERES CHEIOS CONTEINERES CHEIOS,1800 1800,4547-8 2026,414352026,B,EPORT 1/TECON 1,09633939
NORDCHEETAH,PORTUGUESA,170,9,Long,30/09/2026 17:00:00,,LACHMANN AGENCIA MARITIMA LTDA,EMB DESC,CONTEINERES CHEIOS CONTEINERES CHEIOS,1800 1800,4419-0 2026,409092026,B,B.T.P. 1,09673630
MSC ALBANY,LIBERIANA,300,10,Long,30/09/2026 20:00:00,,MSC MEDITERRANEAN SHIPPING DO BRASIL LTDA.,EMB DESC,CONTEINERES CHEIOS CONTEINERES CHEIOS,1800 12600,4354-5 2026,443902026,B,B.T.P. 1,09619438
CMA CGM OSMIUM,MALTESA,335,10,Long,01/10/2026,,UNIMAR AGENCIAMENTOS MARITIMOS LTDA,EMB DESC,CONTEINERES CHEIOS CONTEINERES CHEIOS,16200 4500,4505-3 2026,459282026,B,TECON,09996757
CMA CGM PUCCINI,MALTESA,277,10,Long,01/10/2026,,UNIMAR AGENCIAMENTOS MARITIMOS LTDA,EMB DESC,CONTEINERES CHEIOS CONTEINERES CHEIOS,16200 4500,4503-- 2026,459262026,B,TECON,09280627
NC BREDA (REB S/L),BRASILEIRA,224,5,Cabo,01/10/2026,,ROCHAMAR AGENCIA MARITIMA S/A,EMB DESC,CONTEINERES CHEIOS CONTEINERES CHEIOS,4500 6300,4312-- 2026,438652026,B,EPORT 1/TECON 1,09612765
MSC MARIA MARILYN X,LIBERIANA,300,11.3,Long,01/10/2026 05:00:00,,MSC MEDITERRANEAN SHIPPING DO BRASIL LTDA.,EMB DESC,CONTEINERES CHEIOS CONTEINERES CHEIOS,1800 27000,4389-3 2026,447162026,B,TECON,01031173
SPYROS V,MALTESA,261,11.1,Long,01/10/2026 07:00:00,,ZIM DO BRASIL LTDA.,EMB DESC,CONTEINERES CHEIOS CONTEINERES CHEIOS,1800 1800,4357-4 2026,444082026,B,TECON,09453365
MAERSK GANGES (REB),BRASILEIRA,255,9,Cabo,01/10/2026 08:00:00,,LACHMANN AGENCIA MARITIMA LTDA,EMB DESC,CONTEINERES CHEIOS CONTEINERES CHEIOS,3600 3600,4475-7 2026,398042026,B,B.T.P. 1,09694581
CAPE ARTEMISIO,MALTESA,330,13.8,Long,01/10/2026 10:00:00,,MSC MEDITERRANEAN SHIPPING DO BRASIL LTDA.,EMB DESC,CONTEINERES CHEIOS CONTEINERES CHEIOS,27000 1800,4359-7 2026,443962026,B,B.T.P. 1,09777175
MERCOSUL ITAJAÍ,BRASILEIRA,195,10,Long,01/10/2026 13:00:00,,UNIMAR AGENCIAMENTOS MARITIMOS LTDA,EMB DESC,CONTEINERES CHEIOS CONTEINERES CHEIOS,16200 4500,4506-0 2026,459142026,B,TECON,09697002
HYUNDAI HONGKONG,CIPRIOTA,304,8,Long,02/10/2026,,UNIMAR AGENCIAMENTOS MARITIMOS LTDA,EMB DESC,CONTEINERES CHEIOS CONTEINERES CHEIOS,14310 14310,4439-- 2026,452582026,B,EPORT 1/TECON 1,09305661
MAERSK LABREA,DINAMARQUESA,300,9,Long,02/10/2026 08:01:00,,LACHMANN AGENCIA MARITIMA LTDA,EMB DESC,CONTEINERES CHEIOS CONTEINERES CHEIOS,1800 1800,4480-- 2026,406752026,B,B.T.P. 1,09527063
MAERSK LEON (AO),DINAMARQUESA,300,9,Long,02/10/2026 20:01:00,,LACHMANN AGENCIA MARITIMA LTDA,EMB DESC,CONTEINERES CHEIOS CONTEINERES CHEIOS,1800 1800,4455-6 2026,407622026,B,TECON,09526966
WIDE HOTEL,ILHAS MARSHALL,255,8,Long,03/10/2026,,UNIMAR AGENCIAMENTOS MARITIMOS LTDA,EMB DESC,CONTEINERES CHEIOS CONTEINERES CHEIOS,14310 4500,4474-- 2026,456242026,B,EPORT 1/TECON 1,09694593
YM MUTUALITY,LIBERIANA,306,10,Long,03/10/2026,,UNIMAR AGENCIAMENTOS MARITIMOS LTDA,EMB DESC,CONTEINERES CHEIOS CONTEINERES CHEIOS,26910 9000,4441-5 2026,454212026,B,EPORT 1/TECON 1,09455870
MAERSK LAMANAI,DINAMARQUESA,300,9,Long,03/10/2026 08:00:00,,LACHMANN AGENCIA MARITIMA LTDA,EMB DESC,CONTEINERES CHEIOS CONTEINERES CHEIOS,1800 1800,4483-0 2026,407612026,B,B.T.P. 1,09527051
KOTA PAHLAWAN,SINGAPURENSE,330,8,Long,04/10/2026,,PACIFIC INTER LINES AG MAR BRAZIL,EMB DESC,CONTEINERES CHEIOS CONTEINERES CHEIOS,12600 12600,4421-4 2026,452562026,B,TECON,09786712
NYK DIANA,PANAMENHA,294,8,Long,04/10/2026,,UNIMAR AGENCIAMENTOS MARITIMOS LTDA,EMB DESC,CONTEINERES CHEIOS CONTEINERES CHEIOS,14310 4500,4454-0 2026,456312026,B,TECON,09337688
MAERSK FORTALEZA,PANAMENHA,255,9,Long,04/10/2026 02:01:00,,LACHMANN AGENCIA MARITIMA LTDA,EMB DESC,CONTEINERES CHEIOS CONTEINERES CHEIOS,1800 1800,4550-9 2026,409362026,B,EPORT 1/TECON 1,09979278
MAERSK CHACHAI,HONG KONG,249,9,Long,04/10/2026 08:01:00,,LACHMANN AGENCIA MARITIMA LTDA,EMB DESC,CONTEINERES CHEIOS CONTEINERES CHEIOS,1800 1800,4496-4 2026,413502026,B,B.T.P. 1,09525388
CMA CGM SYRACUSE,FRANCESA,272,10,Long,04/10/2026 11:00:00,,UNIMAR AGENCIAMENTOS MARITIMOS LTDA,EMB DESC,CONTEINERES CHEIOS CONTEINERES CHEIOS,16200 4500,4510-7 2026,459202026,B,TECON,09977751
MSC DAMLA,PANAMENHA,294,13.5,Long,04/10/2026 12:00:00,,MSC MEDITERRANEAN SHIPPING DO BRASIL LTDA.,EMB DESC,CONTEINERES CHEIOS CONTEINERES CHEIOS,18000 1800,4416-- 2026,447312026,B,B.T.P. 1,09250983
SEBASTIÃO CABOTO,BRASILEIRA,228,9,Cabo,04/10/2026 19:01:00,,LACHMANN AGENCIA MARITIMA LTDA,EMB DESC,CONTEINERES CHEIOS CONTEINERES CHEIOS,1800 1800,4469-7 2026,449132026,B,EPORT 1/TECON 1,09602875
MSC UNIFIC VI,LIBERIANA,285,12.7,Long,04/10/2026 20:00:00,,MSC MEDITERRANEAN SHIPPING DO BRASIL LTDA.,EMB DESC,CONTEINERES CHEIOS CONTEINERES CHEIOS,16200 1800,4437-8 2026,454302026,B,EPORT 1/TECON 1,09168843
MAERSK LETICIA (AO),DINAMARQUESA,300,9,Long,04/10/2026 20:01:00,,LACHMANN AGENCIA MARITIMA LTDA,EMB DESC,CONTEINERES CHEIOS CONTEINERES CHEIOS,1800 1800,4497-- 2026,407122026,B,B.T.P. 1,09526916
COSCO SHIPPING RHINE,HONG KONG,300,11.5,Long,05/10/2026,,UNIMAR AGENCIAMENTOS MARITIMOS LTDA,EMB DESC,CONTEINERES CHEIOS CONTEINERES CHEIOS,9000 3600,4464-5 2026,457022026,B,TECON,09731951
LAEM CHABANG EXPRESS,SINGAPURENSE,336,9,Long,05/10/2026,,ROCHAMAR AGENCIA MARITIMA S/A,EMB DESC,CONTEINERES CHEIOS CONTEINERES CHEIOS,17370 360,4300-2 2026,438752026,B,B.T.P. 1,09768007
GHIBLI,PANAMENHA,191,9,Long,05/10/2026 01:01:00,,LACHMANN AGENCIA MARITIMA LTDA,EMB DESC,CONTEINERES CHEIOS CONTEINERES CHEIOS,1800 1800,4531-4 2026,381152026,B,CAIS SABOO,09208186
MSC AAYA,LIBERIANA,366,13.8,Long,05/10/2026 15:00:00,,MSC MEDITERRANEAN SHIPPING DO BRASIL LTDA.,EMB,CONTEINERES CHEIOS CONTEINERES CHEIOS,54000,4476-3 2026,454362026,B,B.T.P. 1,09927263
LOG-IN RESILIENTE (REB),BRASILEIRA,211,9.1,Cabo,05/10/2026 19:00:00,,MSC MEDITERRANEAN SHIPPING DO BR,EMB DESC,CONTEINERES CHEIOS CONTEINERES CHEIOS,7200 7200,4387-- 2026,447582026,B,TECON,09327669
MAERSK JAIPUR,MALTESA,222,9,Long,05/10/2026 20:00:00,,LACHMANN AGENCIA MARITIMA LTDA,EMB DESC,CONTEINERES CHEIOS CONTEINERES CHEIOS,1800 1800,4581-1 2026,407512026,B,EPORT 1/TECON 1,09343974
COSCO SHIPPING ARGENTINA,HONG KONG,336,12.3,Long,06/10/2026,,UNIMAR AGENCIAMENTOS MARITIMOS LTDA,EMB DESC,CONTEINERES CHEIOS CONTEINERES CHEIOS,9000 3600,4462-2 2026,457122026,B,TECON,09945849
MALIAKOS,LIBERIANA,262,5,Long,06/10/2026,,ROCHAMAR AGENCIA MARITIMA S/A,EMB DESC,CONTEINERES CHEIOS CONTEINERES CHEIOS,12834 4266,4342-7 2026,440792026,B,EPORT 1/TECON 1,09464247
TOKYO EXPRESS,LIBERIANA,294,11,Long,06/10/2026,,ROCHAMAR AGENCIA MARITIMA S/A,EMB DESC,CONTEINERES CHEIOS CONTEINERES CHEIOS,12834 4266,4400-7 2026,447772026,B,EPORT 1/TECON 1,09193290
EVER FAR,LIBERIANA,334,13,Long,06/10/2026 07:00:00,,EVERGREEN SHIPPING AGENCY(BR) SA,EMB DESC,CONTEINERES CHEIOS CONTEINERES CHEIOS,180 19800,4507-6 2026,456572026,B,TECON,09850862
MSC AMALFI,MALTESA,300,9.6,Long,06/10/2026 08:00:00,,MSC MEDITERRANEAN SHIPPING DO BRASIL LTDA.,EMB DESC,CONTEINERES CHEIOS CONTEINERES CHEIOS,1800 12600,4440-9 2026,454382026,B,TECON,09605279
LOG-IN EXPERIENCE (REB),BRASILEIRA,200,9.1,Cabo,06/10/2026 17:00:00,,MSC MEDITERRANEAN SHIPPING DO BR,EMB DESC,CONTEINERES CHEIOS CONTEINERES CHEIOS,7200 7200,4591-7 2026,468002026,B,TECON,09961972
LOG-IN JATOBÁ,BRASILEIRA,218,9.1,Cabo,06/10/2026 17:00:00,,MSC MEDITERRANEAN SHIPPING DO BR,EMB DESC,CONTEINERES CHEIOS CONTEINERES CHEIOS,7200 7200,4456-2 2026,456352026,B,TECON,09471898
WIELAND,PORTUGUESA,255,5,Long,07/10/2026,,ROCHAMAR AGENCIA MARITIMA S/A,EMB DESC,CONTEINERES CHEIOS CONTEINERES CHEIOS,10000 20000,4345-6 2026,440822026,B,EPORT 1/TECON 1,09654464
CMA CGM VERACRUZ (REB S/L,BRASILEIRA,229,8,Cabo,07/10/2026 05:00:00,,UNIMAR AGENCIAMENTOS MARITIMOS LTDA,EMB DESC,CONTEINERES CHEIOS CONTEINERES CHEIOS,16200 4500,4557-3 2026,462042026,B,TECON,09418377
LOG-IN PANTANAL (REB),BRASILEIRA,183,9.1,Cabo,07/10/2026 12:00:00,,MSC MEDITERRANEAN SHIPPING DO BR,EMB DESC,CONTEINERES CHEIOS CONTEINERES CHEIOS,7200 7200,4588-6 2026,468122026,B,TECON,09351799
MSC INSA,LIBERIANA,335,9.6,Long,07/10/2026 12:00:00,,MSC MEDITERRANEAN SHIPPING DO BR,EMB DESC,CONTEINERES CHEIOS CONTEINERES CHEIOS,1800 18000,4486-9 2026,454662026,B,B.T.P. 1,01016666
MSC DAKAR X,PORTUGUESA,300,13.2,Long,07/10/2026 13:00:00,,MSC MEDITERRANEAN SHIPPING DO BRASIL LTDA.,EMB DESC,CONTEINERES CHEIOS CONTEINERES CHEIOS,18000 1800,4479-2 2026,455732026,B,B.T.P. 1,09605231
ALESSIA,LIBERIANA,300,11.7,Long,08/10/2026,,UNIMAR AGENCIAMENTOS MARITIMOS LTDA,EMB DESC,CONTEINERES CHEIOS CONTEINERES CHEIOS,9000 3600,4465-1 2026,457142026,B,TECON,09225653
ANDROUSA,LIBERIANA,261,10,Long,08/10/2026,,COSCO BRASIL S/A,EMB DESC,CONTEINERES CHEIOS CONTEINERES CHEIOS,9000 3600,4509-9 2026,459082026,B,TECON,09431769
HMM SKY,LIBERIANA,272,8,Long,08/10/2026,,UNIMAR AGENCIAMENTOS MARITIMOS LTDA,EMB DESC,CONTEINERES CHEIOS CONTEINERES CHEIOS,14310 14310,4435-5 2026,452592026,B,EPORT 1/TECON 1,09976599
ZIM BANGKOK,TAILANDESA,334,14,Long,08/10/2026 07:00:00,,ZIM DO BRASIL LTDA.,EMB DESC,CONTEINERES CHEIOS CONTEINERES CHEIOS,5400 5400,4473-4 2026,457182026,B,EPORT 1/TECON 1,09936525
MERCOSUL SANTOS,BRASILEIRA,211,10,Long,08/10/2026 13:00:00,,UNIMAR AGENCIAMENTOS MARITIMOS LTDA,EMB DESC,CONTEINERES CHEIOS CONTEINERES CHEIOS,16200 4500,4555-- 2026,462702026,B,TECON,09356153
MSC CAROLINA,PANAMENHA,275,13.5,Long,08/10/2026 17:00:00,,MSC MEDITERRANEAN SHIPPING DO BRASIL LTDA.,EMB DESC,CONTEINERES CHEIOS CONTEINERES CHEIOS,12600 1800,4482-3 2026,455972026,B,B.T.P. 1,09295397
MSC MAGNUM VII,LIBERIANA,300,10.1,Long,08/10/2026 17:00:00,,MSC MEDITERRANEAN SHIPPING DO BRASIL LTDA.,EMB DESC,CONTEINERES CHEIOS CONTEINERES CHEIOS,1800 18000,4485-2 2026,455822026,B,B.T.P. 1,09252541
VALOR,MALTESA,300,14.2,Long,08/10/2026 20:00:00,,MSC MEDITERRANEAN SHIPPING DO BRASIL LTDA.,EMB DESC,CONTEINERES CHEIOS CONTEINERES CHEIOS,18000 1800,4569-1 2026,462352026,B,B.T.P. 1,09628154
MSC STELLA M X,LIBERIANA,300,11.3,Long,08/10/2026 23:00:00,,MSC MEDITERRANEAN SHIPPING DO BRASIL LTDA.,EMB DESC,CONTEINERES CHEIOS CONTEINERES CHEIOS,1800 27000,4492-9 2026,454512026,B,TECON,01031185
NYK RUMINA,SINGAPURENSE,294,8,Long,09/10/2026,,UNIMAR AGENCIAMENTOS MARITIMOS LTDA,EMB DESC,CONTEINERES CHEIOS CONTEINERES CHEIOS,14310 4500,4453-3 2026,456372026,B,TECON,09416991
BARTOLOMEU DIAS,BRASILEIRA,255,9,Cabo,09/10/2026 05:00:00,,LACHMANN AGENCIA MARITIMA LTDA,EMB DESC,CONTEINERES CHEIOS CONTEINERES CHEIOS,3600 3600,4597-5 2026,442662026,B,B.T.P. 1,09625384
CMA CGM YUKON,MALTESA,300,10,Long,09/10/2026 17:00:00,,UNIMAR AGENCIAMENTOS MARITIMOS LTDA,EMB DESC,CONTEINERES CHEIOS CONTEINERES CHEIOS,16200 4500,4551-5 2026,462832026,B,TECON,09732606
COSCO SHIPPING CHILE,HONG KONG,336,12,Long,10/10/2026,,UNIMAR AGENCIAMENTOS MARITIMOS LTDA,EMB DESC,CONTEINERES CHEIOS CONTEINERES CHEIOS,9000 3600,4508-2 2026,458892026,B,TECON,09945887
SEATTLE BRIDGE,PANAMENHA,293,10,Long,10/10/2026,,UNIMAR AGENCIAMENTOS MARITIMOS LTDA,EMB DESC,CONTEINERES CHEIOS CONTEINERES CHEIOS,26910 9000,4548-4 2026,458372026,B,EPORT 1/TECON 1,09560352
NORWALK (EX: SEAMAX NORWA,LIBERIANA,300,9,Long,10/10/2026 08:00:00,,LACHMANN AGENCIA MARITIMA LTDA,EMB DESC,CONTEINERES CHEIOS CONTEINERES CHEIOS,1800 1800,4589-2 2026,415382026,B,TECON,09290464
MSC GRACE,LIBERIANA,366,13.8,Long,10/10/2026 22:00:00,,MSC MEDITERRANEAN SHIPPING DO BRASIL LTDA.,EMB,CONTEINERES CHEIOS CONTEINERES CHEIOS,54000,4477-0 2026,456152026,B,B.T.P. 1,09987366
JAZAN,LIBERIANA,306,9,Long,11/10/2026,,ROCHAMAR AGENCIA MARITIMA S/A,EMB DESC,CONTEINERES CHEIOS CONTEINERES CHEIOS,18666 126,4346-2 2026,440842026,B,EPORT 1/TECON 1,09349540
MAERSK FRANKFURT,PANAMENHA,255,9,Long,11/10/2026 02:01:00,,LACHMANN AGENCIA MARITIMA LTDA,EMB DESC,CONTEINERES CHEIOS CONTEINERES CHEIOS,1800 1800,4605-8 2026,409432026,B,EPORT 1/TECON 1,09969065
LOG-IN ENDURANCE (REB),BRASILEIRA,213,9.1,Cabo,11/10/2026 18:00:00,,MSC MEDITERRANEAN SHIPPING DO BR,EMB DESC,CONTEINERES CHEIOS CONTEINERES CHEIOS,7200 7200,4592-3 2026,468522026,B,TECON,09571296
PEDRO ÁLVARES CABRAL,BRASILEIRA,228,9,Cabo,11/10/2026 19:00:00,,LACHMANN AGENCIA MARITIMA LTDA,EMB DESC,CONTEINERES CHEIOS CONTEINERES CHEIOS,1800 1800,4604-1 2026,442612026,B,EPORT 1/TECON 1,09603219
MAERSK LA PAZ,DINAMARQUESA,300,9,Long,11/10/2026 20:01:00,,LACHMANN AGENCIA MARITIMA LTDA,EMB DESC,CONTEINERES CHEIOS CONTEINERES CHEIOS,1800 1800,4598-1 2026,406742026,B,B.T.P. 1,09526899
MAERSK FREEPORT,PANAMENHA,255,9,Long,12/10/2026 02:01:00,,LACHMANN AGENCIA MARITIMA LTDA,EMB DESC,CONTEINERES CHEIOS CONTEINERES CHEIOS,1800 1800,4606-4 2026,409452026,B,EPORT 1/TECON 1,09991202
MERCOSUL SUAPE,BRASILEIRA,211,10,Long,12/10/2026 19:00:00,,UNIMAR AGENCIAMENTOS MARITIMOS LTDA,EMB DESC,CONTEINERES CHEIOS CONTEINERES CHEIOS,16200 4500,4556-7 2026,462882026,B,TECON,09356141
BREMERHAVEN EXPRESS,LIBERIANA,300,5,Long,13/10/2026,,ROCHAMAR AGENCIA MARITIMA S/A,EMB DESC,CONTEINERES CHEIOS CONTEINERES CHEIOS,1080 26226,4333-8 2026,441002026,B,B.T.P. 1,09723253
MAERSK EVERGLADES,PANAMENHA,200,9,Long,13/10/2026 02:11:00,,LACHMANN AGENCIA MARITIMA LTDA,EMB DESC,CONTEINERES CHEIOS CONTEINERES CHEIOS,1800 1800,4603-5 2026,408332026,B,EPORT 1/TECON 1,09928205
CAP SAN MALEAS,PANAMENHA,333,9,Long,13/10/2026 20:00:00,,LACHMANN AGENCIA MARITIMA LTDA,EMB DESC,CONTEINERES CHEIOS CONTEINERES CHEIOS,1800 1800,4607-- 2026,414422026,B,EPORT 1/TECON 1,09633941
SEASPAN BELIEF,SINGAPURENSE,337,10,Long,14/10/2026,,UNIMAR AGENCIAMENTOS MARITIMOS LTDA,EMB DESC,CONTEINERES CHEIOS CONTEINERES CHEIOS,14310 4500,4495-8 2026,458402026,B,B.T.P. 1,09713351
MERCOSUL FORTALEZA (CNC L,BRASILEIRA,186,10,Cabo,14/10/2026 05:00:00,,UNIMAR AGENCIAMENTOS MARITIMOS LTDA,EMB DESC,CONTEINERES CHEIOS CONTEINERES CHEIOS,16200 4500,4554-4 2026,462922026,B,TECON,09784661
MSC GIULIA,PORTUGUESA,300,11.3,Long,14/10/2026 21:00:00,,MSC MEDITERRANEAN SHIPPING DO BRASIL LTDA.,EMB DESC,CONTEINERES CHEIOS CONTEINERES CHEIOS,1800 27000,4590-- 2026,467662026,B,TECON,09770737
CMA CGM FRANCOISE SAGAN,MALTESA,304,10,Long,15/10/2026,,UNIMAR AGENCIAMENTOS MARITIMOS LTDA,EMB DESC,CONTEINERES CHEIOS CONTEINERES CHEIOS,16200 4500,4552-1 2026,462942026,B,TECON,09356696
COSCO SHIPPING ARGENTINA,HONG KONG,336,12.3,Long,15/10/2026,,UNIMAR AGENCIAMENTOS MARITIMOS LTDA,EMB DESC,CONTEINERES CHEIOS CONTEINERES CHEIOS,9000 3600,4504-7 2026,458912026,B,TECON,09945849
COSCO SHIPPING BRAZIL,HONG KONG,336,12,Long,15/10/2026,,UNIMAR AGENCIAMENTOS MARITIMOS LTDA,EMB DESC,CONTEINERES CHEIOS CONTEINERES CHEIOS,9000 3600,4511-3 2026,459002026,B,TECON,09945837
HMM PLATINUM,LIBERIANA,255,8,Long,15/10/2026,,UNIMAR AGENCIAMENTOS MARITIMOS LTDA,EMB DESC,CONTEINERES CHEIOS CONTEINERES CHEIOS,14310 14310,4438-4 2026,452602026,B,EPORT 1/TECON 1,09637155
KOTA ELAN,SINGAPURENSE,335,8,Long,15/10/2026,,PACIFIC INTER LINES AG MAR BRAZIL,EMB DESC,CONTEINERES CHEIOS CONTEINERES CHEIOS,12600 12600,4395-3 2026,443462026,B,TECON,01081843
NC BRISA (REB S/L),BRASILEIRA,224,9,Cabo,15/10/2026,,ROCHAMAR AGENCIA MARITIMA S/A,EMB DESC,CONTEINERES CHEIOS CONTEINERES CHEIOS,4500 6300,4340-4 2026,441032026,B,EPORT 1/TECON 1,09612789
XIN WEI HAI,CHINESA,263,12,Long,15/10/2026,,UNIMAR AGENCIAMENTOS MARITIMOS LTDA,EMB DESC,CONTEINERES CHEIOS CONTEINERES CHEIOS,9000 3600,4512-0 2026,459042026,B,TECON,09312573
NAVIOS AMARILLO,ILHAS MARSHALL,260,11,Long,15/10/2026 07:00:00,,ZIM DO BRASIL LTDA.,EMB DESC,CONTEINERES CHEIOS CONTEINERES CHEIOS,1800 1800,4572-2 2026,465332026,B,TECON,09324849
MERCOSUL ITAJAÍ,BRASILEIRA,195,10,Long,15/10/2026 13:00:00,,UNIMAR AGENCIAMENTOS MARITIMOS LTDA,EMB DESC,CONTEINERES CHEIOS CONTEINERES CHEIOS,16200 4500,4553-8 2026,462952026,B,TECON,09697002
SAN FELIX,ILHAS MARSHALL,300,9,Long,16/10/2026 08:00:00,,LACHMANN AGENCIA MARITIMA LTDA,EMB DESC,CONTEINERES CHEIOS CONTEINERES CHEIOS,1800 1800,4568-5 2026,465232026,B,B.T.P. 1,09698630
CAPE PIONEER,CIPRIOTA,271,9,Long,17/10/2026,,ROCHAMAR AGENCIA MARITIMA S/A,EMB DESC,CONTEINERES CHEIOS CONTEINERES CHEIOS,1620 15300,4343-3 2026,441052026,B,EPORT 1/TECON 1,09719874
WIDE HOTEL,ILHAS MARSHALL,255,8,Long,18/10/2026,,UNIMAR AGENCIAMENTOS MARITIMOS LTDA,EMB,CONTEINERES CHEIOS CONTEINERES CHEIOS,14310,4549-- 2026,458422026,B,TECON,09694593
WIELAND,PORTUGUESA,255,5,Long,18/10/2026,,ROCHAMAR AGENCIA MARITIMA S/A,EMB DESC,CONTEINERES CHEIOS CONTEINERES CHEIOS,16956 486,4344-0 2026,441612026,B,EPORT 1/TECON 1,09654464
CMA CGM IRON,MALTESA,335,10,Long,18/10/2026 08:00:00,,UNIMAR AGENCIAMENTOS MARITIMOS LTDA,EMB DESC,CONTEINERES CHEIOS CONTEINERES CHEIOS,16200 4500,4579-7 2026,467302026,B,TECON,09996678
CMA CGM ATLANTIC,MALTESA,260,10,Long,19/10/2026 06:00:00,,UNIMAR AGENCIAMENTOS MARITIMOS LTDA,EMB DESC,CONTEINERES CHEIOS CONTEINERES CHEIOS,16200 4500,4580-5 2026,467202026,B,TECON,01093468
CZECH,LIBERIANA,300,9,Long,20/10/2026,,ROCHAMAR AGENCIA MARITIMA S/A,EMB DESC,CONTEINERES CHEIOS CONTEINERES CHEIOS,1080 26226,4332-1 2026,441692026,B,B.T.P. 1,09723241
HYUNDAI VOYAGER,ILHAS MARSHALL,294,8,Long,20/10/2026,,UNIMAR AGENCIAMENTOS MARITIMOS LTDA,EMB DESC,CONTEINERES CHEIOS CONTEINERES CHEIOS,14310 14310,4433-2 2026,452612026,B,EPORT 1/TECON 1,09347580
SEASPAN EMPIRE,SINGAPURENSE,294,5,Long,20/10/2026,,ROCHAMAR AGENCIA MARITIMA S/A,EMB DESC,CONTEINERES CHEIOS CONTEINERES CHEIOS,12834 4266,4378-1 2026,441902026,B,EPORT 1/TECON 1,09407160
COPIAPO,LIBERIANA,300,5,Long,21/10/2026,,ROCHAMAR AGENCIA MARITIMA S/A,EMB DESC,CONTEINERES CHEIOS CONTEINERES CHEIOS,108 14760,4375-2 2026,441982026,B,TECON,09687526
MERCOSUL GUARUJÁ (CMA CGM,BRASILEIRA,228,10,Cabo,21/10/2026 05:00:00,,UNIMAR AGENCIAMENTOS MARITIMOS LTDA,EMB DESC,CONTEINERES CHEIOS CONTEINERES CHEIOS,16200 4500,4577-4 2026,467342026,B,TECON,09539494
APL NEW JERSEY,LIBERIANA,293,10,Long,22/10/2026,,UNIMAR AGENCIAMENTOS MARITIMOS LTDA,EMB DESC,CONTEINERES CHEIOS CONTEINERES CHEIOS,16200 4500,4578-- 2026,467482026,B,TECON,09350020
SANTA VANESSA,LIBERIANA,275,9,Long,24/10/2026,,ROCHAMAR AGENCIA MARITIMA S/A,EMB DESC,CONTEINERES CHEIOS CONTEINERES CHEIOS,1620 15300,4472-8 2026,442132026,B,EPORT 1/TECON 1,09295361
DUSSELDORF EXPRESS,BERMUDAS,294,9,Long,26/10/2026,,ROCHAMAR AGENCIA MARITIMA S/A,EMB DESC,CONTEINERES CHEIOS CONTEINERES CHEIOS,12834 4266,4468-- 2026,442162026,B,EPORT 1/TECON 1,09143556
COPIAPO,LIBERIANA,300,5,Long,28/10/2026,,ROCHAMAR AGENCIA MARITIMA S/A,EMB DESC,CONTEINERES CHEIOS CONTEINERES CHEIOS,26298 180,4484-6 2026,442192026,B,B.T.P. 1,09687526
KOTA PAHLAWAN,SINGAPURENSE,330,8,Long,28/10/2026,,PACIFIC INTER LINES AG MAR BRAZIL,EMB DESC,CONTEINERES CHEIOS CONTEINERES CHEIOS,12600 12600,4422-- 2026,452572026,B,TECON,09786712
NC BRAVO (REB S/L),BRASILEIRA,224,5,Cabo,29/10/2026,,ROCHAMAR AGENCIA MARITIMA S/A,EMB DESC,CONTEINERES CHEIOS CONTEINERES CHEIOS,4500 6300,4470-5 2026,442112026,B,EPORT 1/TECON 1,09612791
HMM PRESTIGE,LIBERIANA,255,8,Long,30/10/2026,,UNIMAR AGENCIAMENTOS MARITIMOS LTDA,EMB DESC,CONTEINERES CHEIOS CONTEINERES CHEIOS,14310 14310,4434-9 2026,452632026,B,EPORT 1/TECON 1,09625528
XIAMEN EXPRESS,SINGAPURENSE,336,9,Long,30/10/2026,,ROCHAMAR AGENCIA MARITIMA S/A,EMB DESC,CONTEINERES CHEIOS CONTEINERES CHEIOS,17370 360,4334-4 2026,441662026,B,B.T.P. 1,09630420
PALENA,LIBERIANA,304,5,Long,31/10/2026,,ROCHAMAR AGENCIA MARITIMA S/A,EMB DESC,CONTEINERES CHEIOS CONTEINERES CHEIOS,1620 15300,4467-4 2026,442282026,B,EPORT 1/TECON 1,09306196
PARANA EXPRESS,SINGAPURENSE,330,5,Long,31/10/2026,,ROCHAMAR AGENCIA MARITIMA S/A,EMB DESC,CONTEINERES CHEIOS CONTEINERES CHEIOS,360 35802,4478-6 2026,442242026,B,B.T.P. 1,09793909
CAPE PIONEER,CIPRIOTA,271,9,Long,01/11/2026,,ROCHAMAR AGENCIA MARITIMA S/A,EMB DESC,CONTEINERES CHEIOS CONTEINERES CHEIOS,18666 126,4471-1 2026,442292026,B,EPORT 1/TECON 1,09719874
DALIDA,ILHAS MARSHALL,190,9.1,Long,07/09/2026 22:55:00,3984-5,ORION OPERACOES PORTUARIAS LTDA,EMB,ACUCAR,51200,4226-7 2026,430192026,C3,ULTRAFERTIL,09324148
APIRADEE NAREE,SINGAPURENSE,190,9.1,Long,09/09/2026 07:00:00,3982-9,ORION OPERACOES PORTUARIAS LTDA,EMB,ACUCAR,50170,4218-4 2026,423912026,C3,ULTRAFERTIL,09613410
MJ MASSA,BARBADOS,170,10,Long,15/09/2026 17:45:00,4081-9,WILLIAMS SERVICOS MARITIMOS LTDA.,EMB,ACUCAR,29500,4348-5 2026,435132026,C3,30/31,09224867
HOANH SON UNIVERSE,PANAMENHA,218,14,Long,18/09/2026 06:54:00,4120-3,"WILSON SONS S/A - COMERCIO, INDUSTRIA E AGENCIA DE NAVEGACAO",EMB,ACUCAR,74430,4320-3 2026,440072026,C3,16/17,09302774
DESERT LEOPARD,ILHAS MARSHALL,200,11,Long,23/09/2026 12:00:00,4198-0,"WILSON SONS S/A - COMERCIO, INDUSTRIA E AGENCIA DE NAVEGACAO",EMB,ACUCAR,50000,4443-8 2026,454052026,C3,ARM.13/14-15,01018016
SEA BRAVE,ILHAS MARSHALL,177,7.6,Long,25/09/2026 04:12:00,4220-0,"WILSON SONS S/A - COMERCIO, INDUSTRIA E AGENCIA DE NAVEGACAO",EMB,ACUCAR,20000,4525-4 2026,460972026,C3,ULTRAFERTIL,09279551
CARME,CIPRIOTA,180,10.2,Long,28/09/2026 13:30:00,4273--,"WILSON SONS S/A - COMERCIO, INDUSTRIA E AGENCIA DE NAVEGACAO",EMB,ACUCAR,33680,4251-1 2026,433952026,C3,20/21,09697961
ALPHA-CRUCIS,BRASILEIRA,62,3.9,Long,30/09/2026,,WORLD SHIPPING AGENCIAMENTOS LTDA,,,,2285-6 2026,213972026,C3,CAIS SABOO,07319008
SEA DIAMOND I,PANAMENHA,190,11.5,Long,30/09/2026,,ORION OPERACOES PORTUARIAS LTDA,EMB,ACUCAR,51400,4514-2 2026,456702026,C3,16/17,09364825
PHOENIX OCEAN,HONG KONG,225,14.1,Long,30/09/2026 09:00:00,,"WILSON SONS S/A - COMERCIO, INDUSTRIA E AGENCIA DE NAVEGACAO",EMB,ACUCAR,70000,4576-8 2026,466922026,C3,12A-13/14-20/21,09591997
BLUE OPAL,LIBERIANA,229,12.5,Long,03/10/2026,,ORION OPERACOES PORTUARIAS LTDA,EMB,ACUCAR,82000,4575-1 2026,463322026,C3,16/17,09474644
AFRICAN ARROW,PANAMENHA,200,12,Long,04/10/2026,,ORION OPERACOES PORTUARIAS LTDA,EMB,ACUCAR,44815,4540-3 2026,457112026,C3,16/17,09727297
TOXOTIS,LIBERIANA,190,12,Long,04/10/2026,,ORION OPERACOES PORTUARIAS LTDA,EMB,ACUCAR,50620,4562-7 2026,463292026,C3,ULTRAFERTIL,09563419
KABATAS,ILHAS MARSHALL,200,13,Long,05/10/2026 07:00:00,,WAYPOINT AGENCIA MARITIMA LTDA,EMB,ACUCAR,61000,4602-9 2026,467782026,C3,T.E.A.G.,09708174
PIAUI,BRASILEIRA,50,2.5,Long,23/09/2026 08:30:00,4200-5,RENASCIMENTO AGENCIAMENTOS & SHIPPING SERVICES LTDA,EMB,OUTROS,1,4430-3 2026,454542026,C5,CODESP-RUA,09999311
ALPHARD,BRASILEIRA,24,3.5,Long,30/09/2026,,"WILSON SONS S/A - COMERCIO, INDUSTRIA E AGENCIA DE NAVEGACAO",EMB,OUTROS,1,3642-7 2026,366782026,C5,SAIPEN,09573206
COMMANDER K,LIBERIANA,180,10,Long,30/09/2026,,SUL TRADE AG MARITIMOS LTDA,EMB,OUTROS,1,3801-8 2026,386002026,C5,CODESP.-35/37,09650494
TEMPESTADE C,BRASILEIRA,23,2.6,Long,30/09/2026,,PORT SUPPLY OPERAÇÕES PORTUARIAS LTDA,EMB,OUTROS,3,2642-3 2026,262882026,C5,SAIPEN,09999188
WS ZEUS,BRASILEIRA,24,3.5,Long,30/09/2026,,"WILSON SONS S/A - COMERCIO, INDUSTRIA E AGENCIA DE NAVEGACAO",EMB,OUTROS,1,4522-5 2026,442062026,C5,SAIPEN,08650473
HOEGH GIANT,SINGAPURENSE,294,9,Long,29/02/2024 05:30:00,0907-5,UNIMAR AGENCIAMENTOS MARITIMOS LTDA,EMB,GRAN.LIQUIDO NAO ESPECIF,1,2710-2 2024,263732024,B,TRSP,09762962
STAR MAJESTY,NORUEGUESA,190,7,Cabo,25/09/2026 14:24:00,4226-9,ORION OPERACOES PORTUARIAS LTDA,DESC,PRODUTOS SIDERURGICOS,32275,4292-0 2026,433962026,B,USIMINAS,09355525
CHEMROAD QUEEN,PANAMENHA,180,10,Long,27/09/2026 17:00:00,4252-8,ISS MARINE SERVICES LTDA.,EMB,ETHANOL,21918,4412-5 2026,419482026,B,ALA.-I.B.,09737151
HAM 316,PANAMENHA,128,6,Long,28/09/2026 06:30:00,4264-1,UNIMAR AGENCIAMENTOS MARITIMOS LTDA,EMB,CARGA GERAL,1,4451-- 2026,452552026,B,CODESP-RUA,09160449
COSCO SHIPPING PENG CHENG,CHINESA,202,9,Long,30/09/2026,,WILHELMSEN PORT SERVICES BRASIL LTDA,EMB,PAPEL E CELULOSE,28001,4363-4 2026,443732026,B,EPORT 1/TECON 1,09872195
FPMC 36,LIBERIANA,183,10.6,Long,30/09/2026,,CONE SUL AGENCIA DE NAVEGAÇÃO S/C LTDA.,EMB,GASOLINA COMUM,25000,3767-4 2026,383472026,B,ALAMOA,09845180
FPMC 36,LIBERIANA,183,10.6,Long,30/09/2026,,CONE SUL AGENCIA DE NAVEGAÇÃO S/C LTDA.,EMB,GASOLINA COMUM,25000,3667-0 2026,373442026,B,ALAMOA,09845180
HOEGH GIANT,SINGAPURENSE,294,9,Long,30/09/2026,,UNIMAR AGENCIAMENTOS MARITIMOS LTDA,EMB,GRAN.LIQUIDO NAO ESPECIF,1,5383-- 2025,529182025,B,TRSP,09762962
PHOENIX II,PANAMENHA,183,8,Long,30/09/2026,,NORTH STAR SUDESTE SERVICOS MARITIMOS LTDA-EPP,DESC,GASOLINA COMUM,19520,4466-8 2026,453632026,B,ALAMOA,09349203
UTRECHT,HOLANDESA,154,6,Long,30/09/2026,,UNIMAR AGENCIAMENTOS MARITIMOS LTDA,EMB,CARGA GERAL,1,3673-0 2026,375052026,B,CODESP-RUA,09125956
BRASILIA HIGHWAY,PANAMENHA,200,8,Long,30/09/2026 07:55:00,4300-1,UNIMAR AGENCIAMENTOS MARITIMOS LTDA,EMB DESC,VEICULO VEICULO,2888 8000,4303-1 2026,436592026,SP,TEVI,09519119
COSCO SHIPPING PENG BO,CHINESA,202,10,Long,01/10/2026,,WILHELMSEN PORT SERVICES BRASIL LTDA,EMB,PAPEL E CELULOSE,58604,4567-9 2026,460872026,B,EPORT 1/TECON 1,09928920
COSCO SHIPPING HONOR,HONG KONG,202,10,Long,02/10/2026,,WILHELMSEN PORT SERVICES BRASIL LTDA,EMB,PAPEL E CELULOSE,54046,4401-3 2026,448752026,B,TEVI,09881653
WINNIPEG,LIBERIANA,180,9.8,Long,02/10/2026,,CONE SUL AGENCIA DE NAVEGAÇÃO S/C LTDA.,DESC,GAS LIQUEFEITO,20000,4494-1 2026,458002026,B,ALAMOA,09852133
FRIO AEGEAN,CIPRIOTA,130,5.6,Long,03/10/2026,,ORION OPERACOES PORTUARIAS LTDA,EMB,BANKER,450,4564-0 2026,464732026,SP,CODESP-RUA,09172703
GREEN OSHIMA,PANAMENHA,210,13.5,Long,03/10/2026,,"WILSON SONS S/A - COMERCIO, INDUSTRIA E AGENCIA DE NAVEGACAO",EMB,PAPEL E CELULOSE,41150,4156-9 2026,412322026,B,35/37,01027354
COSCO SHIPPING HONOR,HONG KONG,202,13.3,Long,04/10/2026,,"WILSON SONS S/A - COMERCIO, INDUSTRIA E AGENCIA DE NAVEGACAO",EMB,PAPEL E CELULOSE,25850,4600-6 2026,466292026,B,35/37,09881653
TAKAO GALAXY,SINGAPURENSE,157,8,Long,08/10/2026 06:00:00,,AGENCIA MARITIMA GRANEL LTDA.,EMB,GRAN.LIQUIDO NAO ESPECIF,7776,4513-6 2026,457242026,B,ALAMOA,09920069
ORANGE SKY,LIBERIANA,172,6.8,Long,11/10/2026,,LACHMANN AGENCIA MARITIMA LTDA,EMB,SUCOS CITRICOS A GRANEL,18900,4570-0 2026,465982026,B,CUTRALE,09228370
GREEN OSHIMA,PANAMENHA,210,13.2,Long,11/10/2026 06:00:00,,"WILSON SONS S/A - COMERCIO, INDUSTRIA E AGENCIA DE NAVEGACAO",EMB,PAPEL E CELULOSE,29022,4601-2 2026,461042026,B,35/37,01027354
