"porto","calado_m","trecho_contexto","classe","local","nota"
"Itaqui","","ancoradouro","fundeio","Ancoradouros (manual EMAP)","limite de calado por ancoradouro; não é calado do canal"
"Itaqui","","ancoragem","fundeio","Ancoradouros (manual EMAP)","limite de calado por ancoradouro; não é calado do canal"
"Itaqui","","Ponto de embarque","outro","Ponto de embarque de prático","não é calado do canal"
"Itaqui","22.3","Calado Máximo Autorizado 22","canal_acesso","Canal de acesso (Itaqui)","página Infraestrutura da EMAP (02/10/2026); o canal interno (14,5 m, citado em busca) não foi capturado pela extração"
"Rio Grande","","Calado Proa","manobra","Manobra de giro área norte do TECON (item 8)","limite de manobra por tipo de navio; não é calado do canal"
"Rio Grande","","Navio Tipo","manobra","Manobra de giro área norte do TECON (item 8)","limite de manobra por tipo de navio; não é calado do canal"
"Rio Grande","","Atual 24h","manobra","Manobra de giro área norte do TECON (item 8)","limite de manobra por tipo de navio; não é calado do canal"
"Rio Grande","","boias nº","fundeio","Áreas de fundeio (item 6)","limite de calado para fundeio"
"Rio Grande","","comprimento e calado máximo","fundeio","Áreas de fundeio (item 6)","limite de calado para fundeio"
"Rio Grande","6.7","O calado máximo permitido para estas áreas","fundeio","Áreas de fundeio (item 6)","limite de calado para fundeio"
"Rio Grande","","Alteração de calado do Terminal","berco_terminal","Terminal YARA (8ª revisão da normativa 259)","alteração de calado de berço; o valor capturado é o 'de' (anterior)"
"Rio Grande","14.2","5.1) O calado vigente no canal externo","canal_acesso","Canal externo (item 5.1)","água doce 1.000 kg/m³; normativa 259 da Portos RS"
"Rio Grande","14.2","5.2.2) A segunda seção","canal_interno","Canal interno I (item 5.2.1)","água doce 1.000 kg/m³"
"Rio Grande","13.0","As coordenadas acima correspondem ao limite do terminal","canal_interno","Canal interno II (item 5.2.2)","água doce 1.000 kg/m³"
"Rio Grande","9.45","5.3) O calado vigente nos canal do Porto Novo","canal_interno","Canal do Porto Novo (item 5.3)",""
"Rio Grande","7.2","5.4) O calado vigente no canal de acesso a São José do Norte","canal_secundario","Canal de acesso a São José do Norte (item 5.4)",""
"São Francisco do Sul","12.8","calado máximo operacional de 12","porto_operacional","Porto (calado máximo operacional)","página Características da SCPar; não separa canal e berço"
"São Francisco do Sul","11.0","comprimento com um calado máximo de 11 metros","outro","Limite de navio (texto da página Características)","frase incompleta na captura; conferir a qual restrição se refere"
