data,cmr_demais,cmr_petroleo,faq_demais,faq_petroleo,previsao,publicado_em
2026-09-17,13.1,12.9,1.94,2.19,0,2026-09-30
2026-09-18,13.08,12.84,1.94,2.18,0,2026-09-30
2026-09-19,12.92,12.68,1.92,2.16,0,2026-09-30
2026-09-20,12.77,12.54,1.9,2.14,0,2026-09-30
2026-09-21,12.59,12.36,1.88,2.12,0,2026-09-30
2026-09-22,12.41,12.18,1.86,2.1,0,2026-09-30
2026-09-23,12.25,12.01,1.85,2.08,0,2026-09-30
2026-09-24,12.07,11.83,1.83,2.06,0,2026-09-30
2026-09-25,11.91,11.68,1.81,2.04,0,2026-09-30
2026-09-26,11.74,11.5,1.79,2.02,0,2026-09-30
2026-09-27,11.58,11.35,1.77,2.0,0,2026-09-30
2026-09-28,11.44,11.21,1.76,1.99,0,2026-09-30
2026-09-29,11.29,11.06,1.74,1.97,0,2026-09-30
2026-09-30,11.11,10.88,1.72,1.95,0,2026-09-30
2026-10-01,10.99,10.76,1.71,1.94,1,2026-09-30
2026-10-02,10.87,10.65,1.7,1.92,1,2026-09-30
2026-10-03,10.76,10.53,1.68,1.91,1,2026-09-30
2026-10-04,10.67,10.45,1.67,1.9,1,2026-09-30
