data,cota_m
2016-01-01,9.17
2016-01-02,9.32
2016-01-03,9.19
2016-01-04,9.25
2016-01-05,9.29
2016-01-06,9.57
2016-01-07,9.65
2016-01-08,9.82
2016-01-09,9.51
2016-01-10,9.7
2016-01-11,9.55
2016-01-12,9.23
2016-01-13,9.42
2016-01-14,9.48
2016-01-15,9.65
2016-01-16,10.14
2016-01-17,10.36
2016-01-18,10.81
2016-01-19,11
2016-01-20,11.05
2016-01-21,10.92
2016-01-22,11
2016-01-23,11.2
2016-01-24,11.4
2016-01-25,11.65
2016-01-26,11.56
2016-01-27,10.95
2016-01-28,10.38
2016-01-29,10.02
2016-01-30,9.74
2016-01-31,9.75
2016-02-01,10.01
2016-02-02,9.93
2016-02-03,10.05
2016-02-04,10.43
2016-02-05,11.21
2016-02-06,11.69
2016-02-07,12.08
2016-02-08,12.35
2016-02-09,12.58
2016-02-10,12.77
2016-02-11,13.13
2016-02-12,13.22
2016-02-13,13.2
2016-02-14,13.19
2016-02-15,13.06
2016-02-16,12.9
2016-02-17,13.01
2016-02-18,12.96
2016-02-19,12.69
2016-02-20,12.38
2016-02-21,12.33
2016-02-22,12.47
2016-02-23,12.71
2016-02-24,12.74
2016-02-25,12.75
2016-02-26,12.74
2016-02-27,13.31
2016-02-28,13.38
2016-02-29,13.95
2016-03-01,14.09
2016-03-02,14.35
2016-03-03,14.48
2016-03-04,14.64
2016-03-05,14.91
2016-03-06,14.99
2016-03-07,15.07
2016-03-08,15.14
2016-03-09,15.28
2016-03-10,15.44
2016-03-11,15.48
2016-03-12,15.35
2016-03-13,15.26
2016-03-14,15.17
2016-03-15,15.19
2016-03-16,15.16
2016-03-17,15.13
2016-03-18,15.12
2016-03-19,15.04
2016-03-20,15.06
2016-03-21,14.43
2016-03-22,14.12
2016-03-23,13.85
2016-03-24,13.81
2016-03-25,13.86
2016-03-26,13.82
2016-03-27,13.73
2016-03-28,13.83
2016-03-29,13.86
2016-03-30,14.18
2016-03-31,14.45
2016-04-01,14.59
2016-04-02,14.59
2016-04-03,14.43
2016-04-04,14.16
2016-04-05,14.07
2016-04-06,14.03
2016-04-07,13.91
2016-04-08,13.71
2016-04-09,13.44
2016-04-10,13.43
2016-04-11,13.36
2016-04-12,13.38
2016-04-13,13.34
2016-04-14,12.94
2016-04-15,12.96
2016-04-16,12.98
2016-04-17,13.06
2016-04-18,13.12
2016-04-19,13.1
2016-04-20,13.33
2016-04-21,13.3
2016-04-22,13.21
2016-04-23,13.12
2016-04-24,13.15
2016-04-25,13.2
2016-04-26,13.44
2016-04-27,13.45
2016-04-28,13.29
2016-04-29,13.21
2016-04-30,13.43
2016-05-01,13.81
2016-05-02,13.8
2016-05-03,13.56
2016-05-04,13.19
2016-05-05,12.88
2016-05-06,12.38
2016-05-07,12.41
2016-05-08,12.12
2016-05-09,11.61
2016-05-10,11.39
2016-05-11,11.17
2016-05-12,10.86
2016-05-13,10.72
2016-05-14,11.01
2016-05-15,11.09
2016-05-16,11.36
2016-05-17,11.54
2016-05-18,11.75
2016-05-19,11.92
2016-05-20,11.82
2016-05-21,11.71
2016-05-22,11.35
2016-05-23,11.03
2016-05-24,10.91
2016-05-25,10.6
2016-05-26,10.27
2016-05-27,10.04
2016-05-28,9.73
2016-05-29,9.52
2016-05-30,9.42
2016-05-31,9.32
2016-06-01,9.33
2016-06-02,9.05
2016-06-03,9
2016-06-04,9.06
2016-06-05,8.86
2016-06-06,8.58
2016-06-07,8.21
2016-06-08,7.99
2016-06-09,7.93
2016-06-10,8.28
2016-06-11,9
2016-06-12,9.55
2016-06-13,9.31
2016-06-14,8.97
2016-06-15,8.48
2016-06-16,8.23
2016-06-17,8.01
2016-06-18,7.43
2016-06-19,7.3
2016-06-20,6.98
2016-06-21,6.93
2016-06-22,6.53
2016-06-23,6.41
2016-06-24,6.43
2016-06-25,6.16
2016-06-26,5.97
2016-06-27,5.83
2016-06-28,5.71
2016-06-29,5.67
2016-06-30,5.41
2016-07-01,5.45
2016-07-02,5.16
2016-07-03,5.12
2016-07-04,5.32
2016-07-05,5.82
2016-07-06,5.76
2016-07-07,5.49
2016-07-08,5.48
2016-07-09,5.01
2016-07-10,5.01
2016-07-11,4.71
2016-07-12,4.45
2016-07-13,4.59
2016-07-14,4.79
2016-07-15,5.22
2016-07-16,5.12
2016-07-17,4.88
2016-07-18,4.74
2016-07-19,4.45
2016-07-20,4.33
2016-07-21,4.16
2016-07-22,4.2
2016-07-23,4.2
2016-07-24,4.15
2016-07-25,4.12
2016-07-26,4.04
2016-07-27,3.94
2016-07-28,3.85
2016-07-29,3.6
2016-07-30,3.56
2016-07-31,3.36
2016-08-01,3.3
2016-08-02,3.2
2016-08-03,3.04
2016-08-04,2.97
2016-08-05,2.85
2016-08-06,2.99
2016-08-07,2.94
2016-08-08,2.69
2016-08-09,2.85
2016-08-10,2.77
2016-08-11,2.67
2016-08-12,2.45
2016-08-13,2.52
2016-08-14,2.6
2016-08-15,2.22
2016-08-16,2.26
2016-08-17,2.56
2016-08-18,2.82
2016-08-19,3.18
2016-08-20,3.32
2016-08-21,3.15
2016-08-22,2.9
2016-08-23,2.87
2016-08-24,2.67
2016-08-25,2.53
2016-08-26,2.17
2016-08-27,2.33
2016-08-28,2.49
2016-08-29,2.41
2016-08-30,2.44
2016-08-31,2.33
2016-09-01,2.48
2016-09-02,2.23
2016-09-03,2.29
2016-09-04,2.12
2016-09-05,1.93
2016-09-06,2.2
2016-09-07,2.35
2016-09-08,2.56
2016-09-09,2.56
2016-09-10,2.54
2016-09-11,2.39
2016-09-12,2.37
2016-09-13,2.56
2016-09-14,2.52
2016-09-15,2.68
2016-09-16,2.64
2016-09-17,2.87
2016-09-18,2.62
2016-09-19,2.49
2016-09-20,2.41
2016-09-21,2.33
2016-09-22,2.27
2016-09-23,2.14
2016-09-24,2.16
2016-09-25,2.25
2016-09-26,2.2
2016-09-27,2.12
2016-09-28,2.15
2016-09-29,2.12
2016-09-30,1.95
2016-10-01,2.09
2016-10-02,2.16
2016-10-03,2.1
2016-10-04,2.09
2016-10-05,2.21
2016-10-06,2.4
2016-10-07,2.27
2016-10-08,2.48
2016-10-09,2.37
2016-10-10,2.42
2016-10-11,2.29
2016-10-12,2.65
2016-10-13,3.17
2016-10-14,2.82
2016-10-15,3.01
2016-10-16,2.77
2016-10-17,2.7
2016-10-18,2.73
2016-10-19,2.73
2016-10-20,2.71
2016-10-21,2.73
2016-10-22,2.83
2016-10-23,3.17
2016-10-24,3.14
2016-10-25,3.12
2016-10-26,3.07
2016-10-27,3.18
2016-10-28,3.33
2016-10-29,3.14
2016-10-30,3.19
2016-10-31,3.38
2016-11-01,3.38
2016-11-02,3.37
2016-11-03,3.53
2016-11-04,4.35
2016-11-05,4.52
2016-11-06,4.6
2016-11-07,4.3
2016-11-08,4.04
2016-11-09,3.82
2016-11-10,3.89
2016-11-11,3.92
2016-11-12,3.82
2016-11-13,3.63
2016-11-14,3.57
2016-11-15,3.4
2016-11-16,3.2
2016-11-17,3.17
2016-11-18,3.31
2016-11-19,3.33
2016-11-20,3.64
2016-11-21,4.08
2016-11-22,4.71
2016-11-23,5.08
2016-11-24,5.04
2016-11-25,5.04
2016-11-26,5.02
2016-11-27,4.97
2016-11-28,5.07
2016-11-29,5.26
2016-11-30,5.81
2016-12-01,5.65
2016-12-02,5.42
2016-12-03,5.39
2016-12-04,5.24
2016-12-05,5.37
2016-12-06,5.17
2016-12-07,5.21
2016-12-08,5.25
2016-12-09,5.63
2016-12-10,5.65
2016-12-11,5.5
2016-12-12,5.85
2016-12-13,6.36
2016-12-14,5.78
2016-12-15,6.08
2016-12-16,5.8
2016-12-17,6.74
2016-12-18,6.19
2016-12-19,6.4
2016-12-20,6.4
2016-12-21,7.04
2016-12-22,7.3
2016-12-23,7.06
2016-12-24,7.03
2016-12-25,6.76
2016-12-26,6.95
2016-12-27,7.06
2016-12-28,7.34
2016-12-29,7.62
2016-12-30,7.85
2016-12-31,7.95
2017-01-01,7.98
2017-01-02,8.77
2017-01-03,9.42
2017-01-04,9.97
2017-01-05,9.99
2017-01-06,10.23
2017-01-07,10.06
2017-01-08,10.07
2017-01-09,10.05
2017-01-10,9.99
2017-01-11,10.39
2017-01-12,11.22
2017-01-13,11.95
2017-01-14,12.36
2017-01-15,12.07
2017-01-16,12.31
2017-01-17,11.92
2017-01-18,11.88
2017-01-19,11.56
2017-01-20,11.6
2017-01-21,11.53
2017-01-22,11.35
2017-01-23,11.15
2017-01-24,10.95
2017-01-25,10.83
2017-01-26,10.45
2017-01-27,10.5
2017-01-28,10.62
2017-01-29,10.67
2017-01-30,10.77
2017-01-31,11.67
2017-02-01,11.44
2017-02-02,11.57
2017-02-03,11.59
2017-02-04,11.43
2017-02-05,11.07
2017-02-06,10.7
2017-02-07,10.58
2017-02-08,10.79
2017-02-09,10.99
2017-02-10,11.07
2017-02-11,11.15
2017-02-12,11.56
2017-02-13,11.53
2017-02-14,11.61
2017-02-15,11.53
2017-02-16,11.47
2017-02-17,11.94
2017-02-18,12.59
2017-02-19,12.91
2017-02-20,12.99
2017-02-21,13.12
2017-02-22,13.15
2017-02-23,13.01
2017-02-24,13.05
2017-02-25,13.2
2017-02-26,13.52
2017-02-27,13.86
2017-02-28,14.7
2017-03-01,14.25
2017-03-02,14.47
2017-03-03,14.59
2017-03-04,14.61
2017-03-05,14.51
2017-03-06,14.7
2017-03-07,14.77
2017-03-08,15
2017-03-09,14.92
2017-03-10,14.94
2017-03-11,14.73
2017-03-12,14.73
2017-03-13,14.62
2017-03-14,14.64
2017-03-15,14.57
2017-03-16,14.61
2017-03-17,14.62
2017-03-18,14.53
2017-03-19,14.43
2017-03-20,14.55
2017-03-21,14.68
2017-03-22,14.86
2017-03-23,15.03
2017-03-24,15.1
2017-03-25,15.06
2017-03-26,14.79
2017-03-27,14.6
2017-03-28,14.65
2017-03-29,14.52
2017-03-30,14.41
2017-03-31,14.33
2017-04-01,14.33
2017-04-02,14.3
2017-04-03,14.25
2017-04-04,14.67
2017-04-05,14.64
2017-04-06,14.65
2017-04-07,14.62
2017-04-08,14.6
2017-04-09,14.6
2017-04-10,14.52
2017-04-11,14.74
2017-04-12,14.66
2017-04-13,14.65
2017-04-14,14.58
2017-04-15,14.72
2017-04-16,14.84
2017-04-17,15.04
2017-04-18,15.05
2017-04-19,15.09
2017-04-20,14.89
2017-04-21,14.76
2017-04-22,14.65
2017-04-23,14.39
2017-04-24,14.16
2017-04-25,14.09
2017-04-26,14.09
2017-04-27,14.21
2017-04-28,14.42
2017-04-29,14.44
2017-04-30,14.47
2017-05-01,14.5
2017-05-02,14.32
2017-05-03,14.17
2017-05-04,14.07
2017-05-05,13.99
2017-05-06,13.69
2017-05-07,13.5
2017-05-08,13.17
2017-05-09,12.95
2017-05-10,12.86
2017-05-11,12.92
2017-05-12,12.72
2017-05-13,12.56
2017-05-14,12.45
2017-05-15,12.47
2017-05-16,12.58
2017-05-17,12.65
2017-05-18,12.78
2017-05-19,13.09
2017-05-20,13.22
2017-05-21,13.18
2017-05-22,13.05
2017-05-23,13.01
2017-05-24,12.94
2017-05-25,13.02
2017-05-26,13.23
2017-05-27,13.17
2017-05-28,12.93
2017-05-29,12.61
2017-05-30,12.33
2017-05-31,12.3
2017-06-01,12.13
2017-06-02,12.02
2017-06-03,11.98
2017-06-04,12.05
2017-06-05,11.9
2017-06-06,11.59
2017-06-07,11.53
2017-06-08,11.47
2017-06-09,11.3
2017-06-10,11.18
2017-06-11,11
2017-06-12,10.83
2017-06-13,10.72
2017-06-14,11.04
2017-06-15,11.4
2017-06-16,11.55
2017-06-17,11.3
2017-06-18,11.03
2017-06-19,10.77
2017-06-20,10.88
2017-06-21,10.7
2017-06-22,10.45
2017-06-23,10.18
2017-06-24,9.91
2017-06-25,9.95
2017-06-26,9.95
2017-06-27,9.83
2017-06-28,9.5
2017-06-29,9.15
2017-06-30,9.3
2017-07-01,8.72
2017-07-02,8.36
2017-07-03,8.33
2017-07-04,8.3
2017-07-05,8.46
2017-07-06,8.64
2017-07-07,8.73
2017-07-08,8.61
2017-07-09,8.34
2017-07-10,7.99
2017-07-11,7.66
2017-07-12,7.33
2017-07-13,7.16
2017-07-14,6.87
2017-07-15,6.75
2017-07-16,6.49
2017-07-17,6.47
2017-07-18,6.43
2017-07-19,6.32
2017-07-20,6.2
2017-07-21,5.98
2017-07-22,5.62
2017-07-23,5.52
2017-07-24,5.8
2017-07-25,5.91
2017-07-26,5.82
2017-07-27,5.52
2017-07-28,5.32
2017-07-29,5.19
2017-07-30,5.04
2017-07-31,4.82
2017-08-01,4.71
2017-08-02,4.63
2017-08-03,4.38
2017-08-04,4.36
2017-08-05,4.09
2017-08-06,3.94
2017-08-07,3.84
2017-08-08,3.76
2017-08-09,3.62
2017-08-10,3.5
2017-08-11,3.52
2017-08-12,3.53
2017-08-13,3.46
2017-08-14,3.48
2017-08-15,3.38
2017-08-16,3.21
2017-08-17,3.09
2017-08-18,3.08
2017-08-19,3.07
2017-08-20,3.33
2017-08-21,3.33
2017-08-22,3.33
2017-08-23,3.68
2017-08-24,4.45
2017-08-25,4.59
2017-08-26,4.5
2017-08-27,4.29
2017-08-28,4.28
2017-08-29,4.15
2017-08-30,3.98
2017-08-31,3.84
2017-09-01,3.79
2017-09-02,3.52
2017-09-03,3.51
2017-09-04,3.52
2017-09-05,3.37
2017-09-06,3.37
2017-09-07,3.17
2017-09-08,3.1
2017-09-09,2.99
2017-09-10,2.88
2017-09-11,2.79
2017-09-12,2.85
2017-09-13,2.8
2017-09-14,2.73
2017-09-15,2.69
2017-09-16,2.57
2017-09-17,2.59
2017-09-18,3.04
2017-09-19,4.04
2017-09-20,4.07
2017-09-21,3.97
2017-09-22,3.77
2017-09-23,3.51
2017-09-24,3.73
2017-09-25,3.52
2017-09-26,3.39
2017-09-27,3.3
2017-09-28,3.05
2017-09-29,2.96
2017-09-30,2.82
2017-10-01,2.68
2017-10-02,2.86
2017-10-03,2.73
2017-10-04,2.81
2017-10-05,2.78
2017-10-06,2.84
2017-10-07,3.01
2017-10-08,2.95
2017-10-09,2.76
2017-10-10,2.89
2017-10-11,2.71
2017-10-12,2.73
2017-10-13,2.65
2017-10-14,2.68
2017-10-15,2.72
2017-10-16,2.51
2017-10-17,2.35
2017-10-18,2.34
2017-10-19,2.2
2017-10-20,2.17
2017-10-21,2.1
2017-10-22,2.21
2017-10-23,2.71
2017-10-24,2.91
2017-10-25,2.75
2017-10-26,2.78
2017-10-27,2.61
2017-10-28,2.63
2017-10-29,2.69
2017-10-30,2.98
2017-10-31,2.97
2017-11-01,3.38
2017-11-02,3.52
2017-11-03,3.5
2017-11-04,4.44
2017-11-05,4.74
2017-11-06,4.7
2017-11-07,4.91
2017-11-08,4.91
2017-11-09,5.03
2017-11-10,4.99
2017-11-11,4.91
2017-11-12,4.67
2017-11-13,4.98
2017-11-14,5.29
2017-11-15,5.76
2017-11-16,5.93
2017-11-17,6.45
2017-11-18,6.51
2017-11-19,6.61
2017-11-20,6.85
2017-11-21,6.67
2017-11-22,6.41
2017-11-23,6.25
2017-11-24,6.17
2017-11-25,6.27
2017-11-26,6.39
2017-11-27,6.76
2017-11-28,7
2017-11-29,7.33
2017-11-30,7.5
2017-12-01,7.18
2017-12-02,7.06
2017-12-03,7
2017-12-04,7.09
2017-12-05,7.53
2017-12-06,8.07
2017-12-07,8.51
2017-12-08,8.67
2017-12-09,8.59
2017-12-10,8.77
2017-12-11,9.39
2017-12-12,9.63
2017-12-13,9.45
2017-12-14,9.34
2017-12-15,9.36
2017-12-16,9.35
2017-12-17,9.48
2017-12-18,9.47
2017-12-19,9.35
2017-12-20,9.4
2017-12-21,9.16
2017-12-22,9.1
2017-12-23,9.15
2017-12-24,9.05
2017-12-25,9.32
2017-12-26,9.54
2017-12-27,9.66
2017-12-28,10.21
2017-12-29,11.5
2017-12-30,12.33
2017-12-31,12.7
2018-01-01,13
2018-01-02,13.09
2018-01-03,12.9
2018-01-04,12.55
2018-01-05,12.47
2018-01-06,12.31
2018-01-07,12.24
2018-01-08,12.34
2018-01-09,12.87
2018-01-10,13.37
2018-01-11,13.61
2018-01-12,13.74
2018-01-13,13.73
2018-01-14,13.71
2018-01-15,13.65
2018-01-16,13.72
2018-01-17,13.95
2018-01-18,14.15
2018-01-19,14.43
2018-01-20,14.64
2018-01-21,14.71
2018-01-22,14.77
2018-01-23,14.9
2018-01-24,14.89
2018-01-25,14.95
2018-01-26,15.05
2018-01-27,14.96
2018-01-28,14.79
2018-01-29,14.59
2018-01-30,14.39
2018-01-31,14.17
2018-02-01,14.03
2018-02-02,14.11
2018-02-03,14.37
2018-02-04,14.58
2018-02-05,14.69
2018-02-06,14.83
2018-02-07,15.11
2018-02-08,15.31
2018-02-09,15.49
2018-02-10,15.62
2018-02-11,15.56
2018-02-12,15.51
2018-02-13,15.43
2018-02-14,15.58
2018-02-15,15.64
2018-02-16,15.74
2018-02-17,15.82
2018-02-18,15.85
2018-02-19,15.98
2018-02-20,16.04
2018-02-21,16.07
2018-02-22,16.18
2018-02-23,16.23
2018-02-24,16.26
2018-02-25,16.24
2018-02-26,16.22
2018-02-27,16.26
2018-02-28,16.21
2018-03-01,16.16
2018-03-02,16.11
2018-03-03,16.13
2018-03-04,16.08
2018-03-05,16.09
2018-03-06,16.06
2018-03-07,16.11
2018-03-08,16
2018-03-09,15.86
2018-03-10,15.71
2018-03-11,15.61
2018-03-12,15.84
2018-03-13,15.96
2018-03-14,16.04
2018-03-15,16.16
2018-03-16,16.21
2018-03-17,16.2
2018-03-18,16.11
2018-03-19,16.07
2018-03-20,16.03
2018-03-21,16.15
2018-03-22,16.27
2018-03-23,16.33
2018-03-24,16.39
2018-03-25,16.49
2018-03-26,16.53
2018-03-27,16.63
2018-03-28,16.58
2018-03-29,16.56
2018-03-30,16.59
2018-03-31,16.28
2018-04-01,16.7
2018-04-02,16.59
2018-04-03,16.42
2018-04-04,16.23
2018-04-05,16.17
2018-04-06,16.1
2018-04-07,16.13
2018-04-08,16.33
2018-04-09,16.72
2018-04-10,16.49
2018-04-11,16.45
2018-04-12,16.33
2018-04-13,16.2
2018-04-14,16.11
2018-04-15,15.97
2018-04-16,15.89
2018-04-17,15.8
2018-04-18,15.66
2018-04-19,15.63
2018-04-20,15.57
2018-04-21,15.46
2018-04-22,15.49
2018-04-23,15.3
2018-04-24,15.1
2018-04-25,14.93
2018-04-26,14.83
2018-04-27,14.72
2018-04-28,14.63
2018-04-29,14.54
2018-04-30,14.3
2018-05-01,14.24
2018-05-02,14.17
2018-05-03,14.05
2018-05-04,14.11
2018-05-05,14.06
2018-05-06,14.16
2018-05-07,13.88
2018-05-08,13.82
2018-05-09,13.8
2018-05-10,13.69
2018-05-11,13.88
2018-05-12,13.96
2018-05-13,14.23
2018-05-14,14.1
2018-05-15,13.95
2018-05-16,13.74
2018-05-17,13.64
2018-05-18,13.37
2018-05-19,13.44
2018-05-20,13.38
2018-05-21,13.23
2018-05-22,13.08
2018-05-23,12.95
2018-05-24,12.86
2018-05-25,12.81
2018-05-26,12.79
2018-05-27,12.7
2018-05-28,12.41
2018-05-29,12.38
2018-05-30,12.29
2018-05-31,12.19
2018-06-01,12.03
2018-06-02,11.56
2018-06-03,11.44
2018-06-04,10.96
2018-06-05,10.99
2018-06-06,11.18
2018-06-07,11.58
2018-06-08,11.89
2018-06-09,12.22
2018-06-10,12.14
2018-06-11,11.71
2018-06-12,11.45
2018-06-13,11.21
2018-06-14,11.16
2018-06-15,10.89
2018-06-16,10.65
2018-06-17,10.51
2018-06-18,10.27
2018-06-19,10.04
2018-06-20,9.8
2018-06-21,9.88
2018-06-22,9.64
2018-06-23,9.47
2018-06-24,9.39
2018-06-25,9.13
2018-06-26,8.83
2018-06-27,8.73
2018-06-28,8.52
2018-06-29,8.39
2018-06-30,8.21
2018-07-01,7.96
2018-07-02,7.7
2018-07-03,8.03
2018-07-04,8.22
2018-07-05,8
2018-07-06,7.82
2018-07-07,7.47
2018-07-08,7.36
2018-07-09,7.3
2018-07-10,7.54
2018-07-11,7.33
2018-07-12,7.05
2018-07-13,6.93
2018-07-14,6.68
2018-07-15,6.51
2018-07-16,6.28
2018-07-17,6.23
2018-07-18,5.9
2018-07-19,5.77
2018-07-20,5.55
2018-07-21,5.36
2018-07-22,5.26
2018-07-23,5.09
2018-07-24,4.81
2018-07-25,4.62
2018-07-26,4.51
2018-07-27,4.49
2018-07-28,4.2
2018-07-29,4.55
2018-07-30,4.76
2018-07-31,4.76
2018-08-01,4.39
2018-08-02,4.39
2018-08-03,4.23
2018-08-04,4.11
2018-08-05,3.95
2018-08-06,3.85
2018-08-07,3.72
2018-08-08,3.67
2018-08-09,3.73
2018-08-10,3.79
2018-08-11,4.56
2018-08-12,4.77
2018-08-13,4.99
2018-08-14,4.87
2018-08-15,4.74
2018-08-16,4.62
2018-08-17,4.45
2018-08-18,4.08
2018-08-19,4.25
2018-08-20,4.27
2018-08-21,4.11
2018-08-22,3.98
2018-08-23,3.97
2018-08-24,4.05
2018-08-25,4.02
2018-08-26,4.07
2018-08-27,3.95
2018-08-28,4.18
2018-08-29,4.2
2018-08-30,4.22
2018-08-31,4.07
2018-09-01,4.11
2018-09-02,4
2018-09-03,4.02
2018-09-04,3.98
2018-09-05,3.79
2018-09-06,3.68
2018-09-07,3.48
2018-09-08,3.31
2018-09-09,3.33
2018-09-10,3.3
2018-09-11,3.18
2018-09-12,3.29
2018-09-13,3.22
2018-09-14,3.03
2018-09-15,3.03
2018-09-16,2.99
2018-09-17,2.86
2018-09-18,2.91
2018-09-19,2.72
2018-09-20,2.77
2018-09-21,2.55
2018-09-22,2.69
2018-09-23,2.63
2018-09-24,2.5
2018-09-25,2.89
2018-09-26,3.18
2018-09-27,3.4
2018-09-28,3.32
2018-09-29,2.97
2018-09-30,3.19
2018-10-01,2.86
2018-10-02,3.03
2018-10-03,2.82
2018-10-04,2.7
2018-10-05,2.72
2018-10-06,2.88
2018-10-07,2.51
2018-10-08,2.49
2018-10-09,2.77
2018-10-10,2.64
2018-10-11,2.54
2018-10-12,2.73
2018-10-13,2.83
2018-10-14,2.96
2018-10-15,3.39
2018-10-16,3.88
2018-10-17,3.92
2018-10-18,3.75
2018-10-19,3.77
2018-10-20,3.57
2018-10-21,3.82
2018-10-22,4.45
2018-10-23,4.62
2018-10-24,4.45
2018-10-25,4.44
2018-10-26,4.31
2018-10-27,4.3
2018-10-28,4.37
2018-10-29,4.61
2018-10-30,4.89
2018-10-31,5.84
2018-11-01,6.57
2018-11-02,6.77
2018-11-03,6.77
2018-11-04,6.61
2018-11-05,6.34
2018-11-06,6.26
2018-11-07,6.14
2018-11-08,5.97
2018-11-09,6.01
2018-11-10,5.97
2018-11-11,6.22
2018-11-12,6.22
2018-11-13,6.67
2018-11-14,7.2
2018-11-15,7.62
2018-11-16,7.57
2018-11-17,7.54
2018-11-18,7.39
2018-11-19,7.22
2018-11-20,7.08
2018-11-21,7.74
2018-11-22,8.24
2018-11-23,8.58
2018-11-24,8.93
2018-11-25,9.52
2018-11-26,9.51
2018-11-27,9.72
2018-11-28,10.45
2018-11-29,11.04
2018-11-30,11.19
2018-12-01,11.28
2018-12-02,11.41
2018-12-03,11.84
2018-12-04,12
2018-12-05,11.77
2018-12-06,11.89
2018-12-07,12.49
2018-12-08,12.64
2018-12-09,12.88
2018-12-10,12.84
2018-12-11,12.77
2018-12-12,12.69
2018-12-13,12.49
2018-12-14,12.19
2018-12-15,12.03
2018-12-16,11.84
2018-12-17,11.69
2018-12-18,11.52
2018-12-19,11.67
2018-12-20,11.83
2018-12-21,11.79
2018-12-22,11.99
2018-12-23,13.13
2018-12-24,13.37
2018-12-25,13.72
2018-12-26,13.54
2018-12-27,13.67
2018-12-28,13.88
2018-12-29,13.86
2018-12-30,13.79
2018-12-31,13.77
2019-01-01,14.18
2019-01-02,13.89
2019-01-03,13.69
2019-01-04,13.64
2019-01-05,13.7
2019-01-06,13.41
2019-01-07,13.31
2019-01-08,13.31
2019-01-09,13.55
2019-01-10,13.68
2019-01-11,13.82
2019-01-12,13.84
2019-01-13,13.89
2019-01-14,14.13
2019-01-15,14.21
2019-01-16,14.28
2019-01-17,14.36
2019-01-18,14.43
2019-01-19,14.49
2019-01-20,14.53
2019-01-21,14.57
2019-01-22,14.61
2019-01-23,14.65
2019-01-24,14.51
2019-01-25,14.38
2019-01-26,14.28
2019-01-27,14.4
2019-01-28,14.49
2019-01-29,14.56
2019-01-30,14.63
2019-01-31,14.63
2019-02-01,14.82
2019-02-02,14.74
2019-02-03,15.05
2019-02-04,15.14
2019-02-05,15.43
2019-02-06,15.6
2019-02-07,15.87
2019-02-08,16.01
2019-02-09,16.07
2019-02-10,16.13
2019-02-11,16.41
2019-02-12,16.5
2019-02-13,16.4
2019-02-14,16.3
2019-02-15,16.24
2019-02-16,16.18
2019-02-17,16.2
2019-02-18,16.21
2019-02-19,16.26
2019-02-20,16.36
2019-02-21,16.64
2019-02-22,16.77
2019-02-23,16.79
2019-02-24,16.83
2019-02-25,16.86
2019-02-26,16.83
2019-02-27,16.5
2019-02-28,16.79
2019-03-01,16.89
2019-03-02,17.06
2019-03-03,17.18
2019-03-04,17.21
2019-03-05,17.2
2019-03-06,17.22
2019-03-07,17.23
2019-03-08,17.28
2019-03-09,17.23
2019-03-10,17.25
2019-03-11,17.22
2019-03-12,17.2
2019-03-13,17.14
2019-03-14,17.03
2019-03-15,16.94
2019-03-16,16.9
2019-03-17,16.94
2019-03-18,16.86
2019-03-19,16.85
2019-03-20,16.7
2019-03-21,16.73
2019-03-22,16.71
2019-03-23,16.66
2019-03-24,16.55
2019-03-25,16.57
2019-03-26,16.61
2019-03-27,16.56
2019-03-28,16.68
2019-03-29,16.79
2019-03-30,16.8
2019-03-31,16.78
2019-04-01,16.72
2019-04-02,16.75
2019-04-03,16.77
2019-04-04,16.83
2019-04-05,16.75
2019-04-06,16.62
2019-04-07,16.6
2019-04-08,16.49
2019-04-09,16.51
2019-04-10,16.6
2019-04-11,16.62
2019-04-12,16.65
2019-04-13,16.57
2019-04-14,16.46
2019-04-15,16.18
2019-04-16,15.93
2019-04-17,15.66
2019-04-18,15.52
2019-04-19,15.25
2019-04-20,15
2019-04-21,14.96
2019-04-22,14.75
2019-04-23,14.67
2019-04-24,14.7
2019-04-25,14.64
2019-04-26,14.48
2019-04-27,14.38
2019-04-28,14.4
2019-04-29,14.45
2019-04-30,14.58
2019-05-01,14.69
2019-05-02,14.7
2019-05-03,14.73
2019-05-04,14.72
2019-05-05,14.77
2019-05-06,14.73
2019-05-07,14.58
2019-05-08,14.47
2019-05-09,14.33
2019-05-10,14.23
2019-05-11,14.32
2019-05-12,14.38
2019-05-13,14.29
2019-05-14,14.05
2019-05-15,13.85
2019-05-16,13.89
2019-05-17,14.03
2019-05-18,14.27
2019-05-19,14.34
2019-05-20,14.27
2019-05-21,14.08
2019-05-22,13.8
2019-05-23,13.5
2019-05-24,13.31
2019-05-25,13.32
2019-05-26,13.12
2019-05-27,12.72
2019-05-28,12.42
2019-05-29,12.39
2019-05-30,12.76
2019-05-31,12.88
2019-06-01,12.84
2019-06-02,12.74
2019-06-03,12.41
2019-06-04,12.21
2019-06-05,12.02
2019-06-06,12.06
2019-06-07,11.9
2019-06-08,11.94
2019-06-09,12.22
2019-06-10,12.06
2019-06-11,12.12
2019-06-12,12.03
2019-06-13,11.94
2019-06-14,11.79
2019-06-15,11.39
2019-06-16,11.46
2019-06-17,11.35
2019-06-18,11.4
2019-06-19,10.92
2019-06-20,10.72
2019-06-21,11.21
2019-06-22,11.37
2019-06-23,11.11
2019-06-24,10.74
2019-06-25,10.66
2019-06-26,10.4
2019-06-27,10.29
2019-06-28,10.15
2019-06-29,9.8
2019-06-30,9.31
2019-07-01,9.01
2019-07-02,8.66
2019-07-03,8.51
2019-07-04,8.47
2019-07-05,8.36
2019-07-06,8.25
2019-07-07,8.05
2019-07-08,7.86
2019-07-09,8.1
2019-07-10,8.33
2019-07-11,8.57
2019-07-12,8.32
2019-07-13,8.05
2019-07-14,7.74
2019-07-15,7.41
2019-07-16,7.24
2019-07-17,6.8
2019-07-18,6.39
2019-07-19,6.26
2019-07-20,6.14
2019-07-21,5.87
2019-07-22,5.93
2019-07-23,6.34
2019-07-24,6.27
2019-07-25,6.23
2019-07-26,5.93
2019-07-27,5.6
2019-07-28,5.43
2019-07-29,5.28
2019-07-30,5.24
2019-07-31,5.24
2019-08-01,5.33
2019-08-02,5.48
2019-08-03,5.46
2019-08-04,5.36
2019-08-05,5.45
2019-08-06,5.28
2019-08-07,5.17
2019-08-08,4.54
2019-08-09,4.59
2019-08-10,4.54
2019-08-11,4.54
2019-08-12,4.56
2019-08-13,4.4
2019-08-14,4.34
2019-08-15,4.26
2019-08-16,4.03
2019-08-17,4.06
2019-08-18,3.84
2019-08-19,3.6
2019-08-20,3.53
2019-08-21,3.5
2019-08-22,3.56
2019-08-23,3.6
2019-08-24,3.53
2019-08-25,3.52
2019-08-26,3.38
2019-08-27,3.36
2019-08-28,3.15
2019-08-29,3.26
2019-08-30,3.27
2019-08-31,3.19
2019-09-01,3.03
2019-09-02,2.96
2019-09-03,2.89
2019-09-04,2.82
2019-09-05,2.76
2019-09-06,2.69
2019-09-07,2.62
2019-09-08,2.57
2019-09-09,2.49
2019-09-10,2.47
2019-09-11,2.37
2019-09-12,2.39
2019-09-13,2.38
2019-09-14,2.21
2019-09-15,2.38
2019-09-16,2.3
2019-09-17,2.28
2019-09-18,2.28
2019-09-19,2.32
2019-09-20,2.31
2019-09-21,2.43
2019-09-22,2.51
2019-09-23,2.86
2019-09-24,2.81
2019-09-25,2.63
2019-09-26,2.67
2019-09-27,2.43
2019-09-28,2.37
2019-09-29,2.33
2019-09-30,2.2
2019-10-01,2.61
2019-10-02,2.29
2019-10-03,2.28
2019-10-04,2.29
2019-10-05,2.39
2019-10-06,2.36
2019-10-07,2.46
2019-10-08,2.39
2019-10-09,2.34
2019-10-10,2.35
2019-10-11,3.09
2019-10-12,4.22
2019-10-13,4.71
2019-10-14,4.87
2019-10-15,4.66
2019-10-16,4.47
2019-10-17,4.11
2019-10-18,3.86
2019-10-19,3.68
2019-10-20,3.51
2019-10-21,3.27
2019-10-22,3.35
2019-10-23,3.35
2019-10-24,3.43
2019-10-25,3.82
2019-10-26,4.24
2019-10-27,4.45
2019-10-28,4.57
2019-10-29,4.82
2019-10-30,4.5
2019-10-31,4.43
2019-11-01,4.44
2019-11-02,4.11
2019-11-03,3.91
2019-11-04,3.92
2019-11-05,3.72
2019-11-06,3.63
2019-11-07,3.48
2019-11-08,3.5
2019-11-09,3.45
2019-11-10,3.53
2019-11-11,3.57
2019-11-12,3.66
2019-11-13,3.63
2019-11-14,4.13
2019-11-15,4.52
2019-11-16,5
2019-11-17,5.69
2019-11-18,6.19
2019-11-19,6.21
2019-11-20,6.9
2019-11-21,7.49
2019-11-22,7.49
2019-11-23,7.24
2019-11-24,6.83
2019-11-25,6.53
2019-11-26,6.44
2019-11-27,6.19
2019-11-28,6.13
2019-11-29,6.15
2019-11-30,5.98
2019-12-01,5.98
2019-12-02,5.99
2019-12-03,6.7
2019-12-04,7.21
2019-12-05,7.43
2019-12-06,7.25
2019-12-07,7.08
2019-12-08,7.35
2019-12-09,7.63
2019-12-10,7.77
2019-12-11,8.09
2019-12-12,8.55
2019-12-13,9.68
2019-12-14,10.02
2019-12-15,10.02
2019-12-16,10.41
2019-12-17,10.6
2019-12-18,10.84
2019-12-19,10.82
2019-12-20,10.74
2019-12-21,10.69
2019-12-22,11.12
2019-12-23,11.59
2019-12-24,11.77
2019-12-25,11.94
2019-12-26,12.04
2019-12-27,12.41
2019-12-28,12.63
2019-12-29,12.66
2019-12-30,12.75
2019-12-31,12.64
2020-01-01,12.84
2020-01-02,12.92
2020-01-03,13.15
2020-01-04,13.38
2020-01-05,13.83
2020-01-06,13.78
2020-01-07,13.93
2020-01-08,14.07
2020-01-09,14.13
2020-01-10,14.27
2020-01-11,14.3
2020-01-12,14.23
2020-01-13,14.37
2020-01-14,14.32
2020-01-15,14.13
2020-01-16,13.94
2020-01-17,13.75
2020-01-18,13.64
2020-01-19,13.66
2020-01-20,13.5
2020-01-21,13.38
2020-01-22,13.27
2020-01-23,13.49
2020-01-24,13.3
2020-01-25,13.12
2020-01-26,13
2020-01-27,12.9
2020-01-28,12.86
2020-01-29,13.08
2020-01-30,12.96
2020-01-31,12.79
2020-02-01,12.64
2020-02-02,12.68
2020-02-03,12.63
2020-02-04,12.69
2020-02-05,12.77
2020-02-06,13.33
2020-02-07,13.82
2020-02-08,14.17
2020-02-09,14.5
2020-02-10,14.63
2020-02-11,14.84
2020-02-12,15.03
2020-02-13,15.27
2020-02-14,15.3
2020-02-15,15.24
2020-02-16,15.4
2020-02-17,15.26
2020-02-18,15.29
2020-02-19,15.35
2020-02-20,15.36
2020-02-21,15.31
2020-02-22,15.33
2020-02-23,15.35
2020-02-24,15.45
2020-02-25,15.51
2020-02-26,15.45
2020-02-27,15.63
2020-02-28,15.74
2020-02-29,15.81
2020-03-01,15.91
2020-03-02,15.84
2020-03-03,15.86
2020-03-04,15.86
2020-03-05,15.8
2020-03-06,15.67
2020-03-07,15.55
2020-03-08,15.43
2020-03-09,15.24
2020-03-10,14.94
2020-03-11,14.79
2020-03-12,14.52
2020-03-13,14.29
2020-03-14,14.12
2020-03-15,13.91
2020-03-16,13.77
2020-03-17,13.66
2020-03-18,13.53
2020-03-19,13.45
2020-03-20,13.41
2020-03-21,13.42
2020-03-22,13.83
2020-03-23,13.87
2020-03-24,13.9
2020-03-25,13.98
2020-03-26,14.29
2020-03-27,14.62
2020-03-28,14.91
2020-03-29,14.87
2020-03-30,14.68
2020-03-31,14.58
2020-04-01,14.7
2020-04-02,14.96
2020-04-03,15.12
2020-04-04,15.21
2020-04-05,15.26
2020-04-06,15.15
2020-04-07,15.03
2020-04-08,14.93
2020-04-09,14.81
2020-04-10,14.56
2020-04-11,14.43
2020-04-12,14.48
2020-04-13,14.55
2020-04-14,14.66
2020-04-15,14.65
2020-04-16,14.64
2020-04-17,14.3
2020-04-18,14.1
2020-04-19,14.11
2020-04-20,14.22
2020-04-21,14.2
2020-04-22,14.06
2020-04-23,13.81
2020-04-24,13.43
2020-04-25,13.15
2020-04-26,12.75
2020-04-27,12.56
2020-04-28,12.33
2020-04-29,12.08
2020-04-30,11.86
2020-05-01,11.85
2020-05-02,11.94
2020-05-03,11.95
2020-05-04,12.08
2020-05-05,11.94
2020-05-06,11.89
2020-05-07,11.67
2020-05-08,11.68
2020-05-09,11.72
2020-05-10,11.47
2020-05-11,11.27
2020-05-12,11.3
2020-05-13,11.29
2020-05-14,11.34
2020-05-15,11.19
2020-05-16,11.07
2020-05-17,10.61
2020-05-18,10.52
2020-05-19,10.7
2020-05-20,10.87
2020-05-21,10.92
2020-05-22,10.84
2020-05-23,10.68
2020-05-24,10.42
2020-05-25,10.13
2020-05-26,9.88
2020-05-27,9.63
2020-05-28,9.64
2020-05-29,9.52
2020-05-30,9.26
2020-05-31,9.23
2020-06-01,9.11
2020-06-02,8.86
2020-06-03,8.71
2020-06-04,8.33
2020-06-05,8.07
2020-06-06,7.9
2020-06-07,7.68
2020-06-08,7.56
2020-06-09,7.71
2020-06-10,7.69
2020-06-11,7.65
2020-06-12,7.6
2020-06-13,7.43
2020-06-14,7.58
2020-06-15,7.47
2020-06-16,7.75
2020-06-17,7.76
2020-06-18,7.56
2020-06-19,7.2
2020-06-20,6.99
2020-06-21,6.91
2020-06-22,6.93
2020-06-23,6.68
2020-06-24,6.52
2020-06-25,6.42
2020-06-26,6.65
2020-06-27,7.39
2020-06-28,7.75
2020-06-29,7.53
2020-06-30,7.24
2020-07-01,7.2
2020-07-02,7.52
2020-07-03,7.69
2020-07-04,7.43
2020-07-05,7.19
2020-07-06,6.9
2020-07-07,6.52
2020-07-08,6.33
2020-07-09,6.33
2020-07-10,6.07
2020-07-11,5.9
2020-07-12,5.51
2020-07-13,5.55
2020-07-14,6.37
2020-07-15,6.86
2020-07-16,6.74
2020-07-17,6.44
2020-07-18,6.16
2020-07-19,5.75
2020-07-20,5.64
2020-07-21,5.69
2020-07-22,5.56
2020-07-23,5.61
2020-07-24,5.4
2020-07-25,5.14
2020-07-26,5
2020-07-27,4.8
2020-07-28,4.63
2020-07-29,4.47
2020-07-30,4.52
2020-07-31,4.64
2020-08-01,4.66
2020-08-02,4.63
2020-08-03,4.67
2020-08-04,4.55
2020-08-05,4.31
2020-08-06,4.24
2020-08-07,4.11
2020-08-08,4
2020-08-09,3.79
2020-08-10,4.1
2020-08-11,3.74
2020-08-12,3.6
2020-08-13,3.41
2020-08-14,3.28
2020-08-15,3.09
2020-08-16,3.08
2020-08-17,2.98
2020-08-18,2.89
2020-08-19,2.91
2020-08-20,2.85
2020-08-21,2.81
2020-08-22,2.88
2020-08-23,3.04
2020-08-24,3.17
2020-08-25,3.11
2020-08-26,2.92
2020-08-27,3.37
2020-08-28,3.88
2020-08-29,4.31
2020-08-30,4.49
2020-08-31,4.5
2020-09-01,4.54
2020-09-02,4.41
2020-09-03,4.34
2020-09-04,4.13
2020-09-05,3.98
2020-09-06,3.88
2020-09-07,3.86
2020-09-08,3.58
2020-09-09,3.43
2020-09-10,3.31
2020-09-11,3.33
2020-09-12,3.11
2020-09-13,3.04
2020-09-14,2.96
2020-09-15,2.89
2020-09-16,2.96
2020-09-17,2.94
2020-09-18,2.9
2020-09-19,2.84
2020-09-20,2.85
2020-09-21,2.71
2020-09-22,2.77
2020-09-23,2.54
2020-09-24,2.43
2020-09-25,2.38
2020-09-26,2.58
2020-09-27,2.47
2020-09-28,2.45
2020-09-29,2.45
2020-09-30,2.42
2020-10-01,2.52
2020-10-02,2.48
2020-10-03,2.5
2020-10-04,2.29
2020-10-05,2.39
2020-10-06,2.15
2020-10-07,2.21
2020-10-08,2.29
2020-10-09,2.34
2020-10-10,2.16
2020-10-11,2.03
2020-10-12,1.98
2020-10-13,1.91
2020-10-14,1.95
2020-10-15,1.97
2020-10-16,1.98
2020-10-17,1.81
2020-10-18,1.46
2020-10-19,1.61
2020-10-20,1.77
2020-10-21,1.47
2020-10-22,1.61
2020-10-23,1.57
2020-10-24,1.54
2020-10-25,1.52
2020-10-26,1.52
2020-10-27,1.56
2020-10-28,1.58
2020-10-29,1.6
2020-10-30,1.81
2020-10-31,1.97
2020-11-01,1.74
2020-11-02,1.93
2020-11-03,1.83
2020-11-04,1.82
2020-11-05,1.96
2020-11-06,2.37
2020-11-07,3.16
2020-11-08,3.43
2020-11-09,3.28
2020-11-10,3.25
2020-11-11,2.89
2020-11-12,2.65
2020-11-13,2.42
2020-11-14,2.14
2020-11-15,1.92
2020-11-16,1.87
2020-11-17,1.88
2020-11-18,1.62
2020-11-19,1.73
2020-11-20,2.01
2020-11-21,2.56
2020-11-22,3.31
2020-11-23,3.16
2020-11-24,3.3
2020-11-25,3.76
2020-11-26,3.9
2020-11-27,4.04
2020-11-28,3.8
2020-11-29,3.59
2020-11-30,3.53
2020-12-01,3.37
2020-12-02,3.33
2020-12-03,3.26
2020-12-04,3.16
2020-12-05,3.1
2020-12-06,3.19
2020-12-07,3.49
2020-12-08,3.63
2020-12-09,3.77
2020-12-10,4.83
2020-12-11,6.2
2020-12-12,6.78
2020-12-13,6.82
2020-12-14,7.39
2020-12-15,8.11
2020-12-16,8.13
2020-12-17,7.82
2020-12-18,7.51
2020-12-19,7.54
2020-12-20,7.51
2020-12-21,7.44
2020-12-22,7.18
2020-12-23,6.97
2020-12-24,6.94
2020-12-25,7.03
2020-12-26,7.26
2020-12-27,8.32
2020-12-28,8.86
2020-12-29,9.04
2020-12-30,9.16
2020-12-31,8.96
2021-01-01,8.86
2021-01-02,9.06
2021-01-03,9.48
2021-01-04,9.95
2021-01-05,10.13
2021-01-06,10.47
2021-01-07,10.42
2021-01-08,10.33
2021-01-09,10.35
2021-01-10,11.05
2021-01-11,11.3
2021-01-12,11.83
2021-01-13,12.2
2021-01-14,12.59
2021-01-15,12.51
2021-01-16,12.46
2021-01-17,12.1
2021-01-18,12.13
2021-01-19,12.43
2021-01-20,12.63
2021-01-21,12.88
2021-01-22,13.21
2021-01-23,13.43
2021-01-24,13.7
2021-01-25,13.61
2021-01-26,13.32
2021-01-27,13.07
2021-01-28,12.81
2021-01-29,12.77
2021-01-30,12.79
2021-01-31,12.95
2021-02-01,13.12
2021-02-02,13.68
2021-02-03,14.09
2021-02-04,13.98
2021-02-05,13.84
2021-02-06,13.72
2021-02-07,13.53
2021-02-08,13.61
2021-02-09,13.69
2021-02-10,13.86
2021-02-11,14.03
2021-02-12,14.15
2021-02-13,14.31
2021-02-14,14.23
2021-02-15,14.34
2021-02-16,14.74
2021-02-17,15.12
2021-02-18,15.38
2021-02-19,15.49
2021-02-20,15.56
2021-02-21,15.67
2021-02-22,15.68
2021-02-23,15.73
2021-02-24,15.79
2021-02-25,15.84
2021-02-26,15.93
2021-02-27,16.09
2021-02-28,16.21
2021-03-01,16.24
2021-03-02,16.56
2021-03-03,16.65
2021-03-04,16.66
2021-03-05,16.56
2021-03-06,16.22
2021-03-07,15.99
2021-03-08,15.77
2021-03-09,15.42
2021-03-10,15.41
2021-03-11,15.51
2021-03-12,15.63
2021-03-13,15.67
2021-03-14,15.74
2021-03-15,15.67
2021-03-16,15.41
2021-03-17,15.14
2021-03-18,14.87
2021-03-19,14.76
2021-03-20,14.74
2021-03-21,14.63
2021-03-22,14.54
2021-03-23,14.6
2021-03-24,14.79
2021-03-25,15.19
2021-03-26,15.47
2021-03-27,15.59
2021-03-28,15.79
2021-03-29,15.88
2021-03-30,15.84
2021-03-31,15.83
2021-04-01,15.78
2021-04-02,15.81
2021-04-03,15.88
2021-04-04,15.82
2021-04-05,15.92
2021-04-06,16.04
2021-04-07,16.13
2021-04-08,16.11
2021-04-09,16.09
2021-04-10,16.01
2021-04-11,16
2021-04-12,15.93
2021-04-13,15.78
2021-04-14,15.72
2021-04-15,15.68
2021-04-16,15.76
2021-04-17,15.75
2021-04-18,15.73
2021-04-19,15.71
2021-04-20,15.53
2021-04-21,15.3
2021-04-22,15.23
2021-04-23,15.21
2021-04-24,15.2
2021-04-25,15.22
2021-04-26,15.19
2021-04-27,15.11
2021-04-28,14.97
2021-04-29,14.73
2021-04-30,14.7
2021-05-01,14.73
2021-05-02,14.75
2021-05-03,14.65
2021-05-04,14.41
2021-05-05,14.05
2021-05-06,13.92
2021-05-07,13.66
2021-05-08,13.44
2021-05-09,13.22
2021-05-10,13.07
2021-05-11,13.04
2021-05-12,12.92
2021-05-13,13.01
2021-05-14,12.83
2021-05-15,12.72
2021-05-16,12.47
2021-05-17,12.32
2021-05-18,12.17
2021-05-19,11.91
2021-05-20,11.83
2021-05-21,11.68
2021-05-22,11.49
2021-05-23,11.57
2021-05-24,11.46
2021-05-25,11.43
2021-05-26,11.38
2021-05-27,11.28
2021-05-28,11.26
2021-05-29,11.58
2021-05-30,11.78
2021-05-31,11.64
2021-06-01,11.42
2021-06-02,11.33
2021-06-03,11.04
2021-06-04,10.81
2021-06-05,10.64
2021-06-06,10.59
2021-06-07,10.63
2021-06-08,10.7
2021-06-09,10.53
2021-06-10,10.31
2021-06-11,10.24
2021-06-12,10.4
2021-06-13,10.59
2021-06-14,10.92
2021-06-15,11.43
2021-06-16,12
2021-06-17,12.16
2021-06-18,12.13
2021-06-19,11.5
2021-06-20,10.86
2021-06-21,10.5
2021-06-22,10.22
2021-06-23,9.86
2021-06-24,9.53
2021-06-25,9.29
2021-06-26,9.02
2021-06-27,8.72
2021-06-28,8.57
2021-06-29,7.76
2021-06-30,7.63
2021-07-01,8.07
2021-07-02,8.86
2021-07-03,9.04
2021-07-04,8.88
2021-07-05,8.82
2021-07-06,8.5
2021-07-07,8.15
2021-07-08,7.76
2021-07-09,7.5
2021-07-10,7.23
2021-07-11,7.13
2021-07-12,7
2021-07-13,6.39
2021-07-14,6.17
2021-07-15,6.05
2021-07-16,5.78
2021-07-17,5.71
2021-07-18,5.55
2021-07-19,5.51
2021-07-20,5.34
2021-07-21,5.15
2021-07-22,5.07
2021-07-23,5.32
2021-07-24,6.23
2021-07-25,6.25
2021-07-26,6.11
2021-07-27,5.79
2021-07-28,5.58
2021-07-29,5.37
2021-07-30,5.11
2021-07-31,4.83
2021-08-01,4.67
2021-08-02,4.39
2021-08-03,4.33
2021-08-04,4.03
2021-08-05,4.12
2021-08-06,4.15
2021-08-07,3.99
2021-08-08,3.86
2021-08-09,3.75
2021-08-10,3.63
2021-08-11,3.6
2021-08-12,3.39
2021-08-13,3.26
2021-08-14,3.18
2021-08-15,3.15
2021-08-16,3.28
2021-08-17,3.21
2021-08-18,2.97
2021-08-19,2.86
2021-08-20,2.87
2021-08-21,2.9
2021-08-22,2.76
2021-08-23,2.66
2021-08-24,2.66
2021-08-25,2.55
2021-08-26,2.53
2021-08-27,2.5
2021-08-28,2.28
2021-08-29,2.16
2021-08-30,2.17
2021-08-31,2.18
2021-09-01,2.01
2021-09-02,1.92
2021-09-03,2.06
2021-09-04,1.91
2021-09-05,2.13
2021-09-06,1.98
2021-09-07,2.11
2021-09-08,2.24
2021-09-09,2.26
2021-09-10,2.52
2021-09-11,2.46
2021-09-12,2.45
2021-09-13,2.51
2021-09-14,2.44
2021-09-15,2.28
2021-09-16,2.31
2021-09-17,2.28
2021-09-18,2.27
2021-09-19,2.56
2021-09-20,2.78
2021-09-21,2.73
2021-09-22,2.55
2021-09-23,2.75
2021-09-24,2.35
2021-09-25,2.49
2021-09-26,2.59
2021-09-27,2.5
2021-09-28,2.41
2021-09-29,2.38
2021-09-30,2.26
2021-10-01,2.19
2021-10-02,2.17
2021-10-03,2.09
2021-10-04,2.11
2021-10-05,1.98
2021-10-06,2.2
2021-10-07,2.21
2021-10-08,2.27
2021-10-09,2.21
2021-10-10,2.29
2021-10-11,1.89
2021-10-12,1.8
2021-10-13,1.73
2021-10-14,1.71
2021-10-15,1.67
2021-10-16,1.76
2021-10-17,1.87
2021-10-18,1.82
2021-10-19,1.94
2021-10-20,2.05
2021-10-21,2
2021-10-22,2.02
2021-10-23,2.4
2021-10-24,2.35
2021-10-25,2.68
2021-10-26,2.94
2021-10-27,3.04
2021-10-28,3.1
2021-10-29,3.27
2021-10-30,3.22
2021-10-31,3.15
2021-11-01,3.12
2021-11-02,3.19
2021-11-03,3.23
2021-11-04,3.29
2021-11-05,3.33
2021-11-06,3.27
2021-11-07,3.34
2021-11-08,3.33
2021-11-09,3.25
2021-11-10,3.12
2021-11-11,3.26
2021-11-12,3.11
2021-11-13,3.34
2021-11-14,4.01
2021-11-15,4.38
2021-11-16,4.33
2021-11-17,4.36
2021-11-18,4.42
2021-11-19,4.83
2021-11-20,4.98
2021-11-21,5.14
2021-11-22,5.77
2021-11-23,6.17
2021-11-24,6.52
2021-11-25,6.65
2021-11-26,6.61
2021-11-27,6.74
2021-11-28,6.84
2021-11-29,6.92
2021-11-30,6.92
2021-12-01,6.88
2021-12-02,7.22
2021-12-03,7.8
2021-12-04,8.26
2021-12-05,8.89
2021-12-06,9.12
2021-12-07,9.15
2021-12-08,9.19
2021-12-09,9.17
2021-12-10,9.07
2021-12-11,9.13
2021-12-12,9.56
2021-12-13,9.81
2021-12-14,9.91
2021-12-15,9.95
2021-12-16,9.95
2021-12-17,10.01
2021-12-18,10.04
2021-12-19,9.96
2021-12-20,9.77
2021-12-21,9.91
2021-12-22,10.27
2021-12-23,10.53
2021-12-24,10.62
2021-12-25,10.7
2021-12-26,10.75
2021-12-27,11.07
2021-12-28,11.36
2021-12-29,11.7
2021-12-30,11.81
2021-12-31,11.97
2022-01-01,12.06
2022-01-02,11.93
2022-01-03,11.76
2022-01-04,11.53
2022-01-05,11.33
2022-01-06,11.14
2022-01-07,10.82
2022-01-08,10.58
2022-01-09,10.62
2022-01-10,10.84
2022-01-11,10.86
2022-01-12,10.94
2022-01-13,10.73
2022-01-14,10.32
2022-01-15,10.49
2022-01-16,10.05
2022-01-17,9.88
2022-01-18,9.8
2022-01-19,9.68
2022-01-20,9.8
2022-01-21,9.67
2022-01-22,9.63
2022-01-23,9.58
2022-01-24,9.8
2022-01-25,10.12
2022-01-26,10.14
2022-01-27,10.28
2022-01-28,10.7
2022-01-29,11.32
2022-01-30,11.76
2022-01-31,11.64
2022-02-01,11.52
2022-02-02,11.32
2022-02-03,11.48
2022-02-04,11.95
2022-02-05,12.18
2022-02-06,12.51
2022-02-07,12.59
2022-02-08,12.51
2022-02-09,12.42
2022-02-10,12.83
2022-02-11,13.03
2022-02-12,13.28
2022-02-13,13.4
2022-02-14,13.24
2022-02-15,12.9
2022-02-16,12.77
2022-02-17,12.78
2022-02-18,12.9
2022-02-19,12.92
2022-02-20,13.02
2022-02-21,13.11
2022-02-22,13.26
2022-02-23,13.26
2022-02-24,13.34
2022-02-25,13.48
2022-02-26,13.3
2022-02-27,13.38
2022-02-28,13.5
2022-03-01,13.66
2022-03-02,13.69
2022-03-03,14
2022-03-04,14.16
2022-03-05,14.18
2022-03-06,14.14
2022-03-07,13.92
2022-03-08,13.65
2022-03-09,13.46
2022-03-10,13.14
2022-03-11,13.24
2022-03-12,13.2
2022-03-13,13.32
2022-03-14,13.18
2022-03-15,13.16
2022-03-16,13.12
2022-03-17,13.37
2022-03-18,13.71
2022-03-19,14
2022-03-20,14.32
2022-03-21,14.56
2022-03-22,14.64
2022-03-23,14.53
2022-03-24,14.45
2022-03-25,14.44
2022-03-26,14.44
2022-03-27,14.4
2022-03-28,14.26
2022-03-29,14.18
2022-03-30,14.24
2022-03-31,14.48
2022-04-01,14.78
2022-04-02,14.96
2022-04-03,14.79
2022-04-04,14.7
2022-04-05,14.74
2022-04-06,14.7
2022-04-07,14.61
2022-04-08,14.51
2022-04-09,14.18
2022-04-10,13.92
2022-04-11,13.82
2022-04-12,13.73
2022-04-13,13.48
2022-04-14,13.42
2022-04-15,13.58
2022-04-16,13.4
2022-04-17,13.56
2022-04-18,13.41
2022-04-19,13.58
2022-04-20,13.73
2022-04-21,13.6
2022-04-22,13.35
2022-04-23,13.11
2022-04-24,12.88
2022-04-25,12.68
2022-04-26,12.39
2022-04-27,12.29
2022-04-28,12.1
2022-04-29,12.04
2022-04-30,11.83
2022-05-01,11.52
2022-05-02,11.32
2022-05-03,11.17
2022-05-04,11.12
2022-05-05,10.87
2022-05-06,10.72
2022-05-07,10.6
2022-05-08,10.34
2022-05-09,10.2
2022-05-10,10.36
2022-05-11,10.33
2022-05-12,10.1
2022-05-13,9.74
2022-05-14,9.58
2022-05-15,9.46
2022-05-16,9.42
2022-05-17,9.64
2022-05-18,9.45
2022-05-19,9.34
2022-05-20,9.34
2022-05-21,9.3
2022-05-22,9.4
2022-05-23,9.39
2022-05-24,9.34
2022-05-25,9.15
2022-05-26,9
2022-05-27,8.69
2022-05-28,8.36
2022-05-29,8.18
2022-05-30,7.97
2022-05-31,7.64
2022-06-01,7.5
2022-06-02,7.52
2022-06-03,7.42
2022-06-04,7.24
2022-06-05,7.61
2022-06-06,7.84
2022-06-07,7.82
2022-06-08,7.72
2022-06-09,7.62
2022-06-10,7.5
2022-06-11,7.84
2022-06-12,8.5
2022-06-13,8.85
2022-06-14,8.74
2022-06-15,8.74
2022-06-16,8.58
2022-06-17,8.32
2022-06-18,8.06
2022-06-19,7.7
2022-06-20,7.26
2022-06-21,7.32
2022-06-22,6.94
2022-06-23,6.69
2022-06-24,6.36
2022-06-25,6.27
2022-06-26,6.14
2022-06-27,5.97
2022-06-28,5.76
2022-06-29,5.84
2022-06-30,5.54
2022-07-01,5.4
2022-07-02,5.13
2022-07-03,4.88
2022-07-04,4.78
2022-07-05,4.55
2022-07-06,4.34
2022-07-07,3.93
2022-07-08,3.94
2022-07-09,3.92
2022-07-10,3.68
2022-07-11,3.63
2022-07-12,3.34
2022-07-13,3.36
2022-07-14,3.44
2022-07-15,3.37
2022-07-16,3.19
2022-07-17,3.17
2022-07-18,3.03
2022-07-19,3.53
2022-07-20,4.12
2022-07-21,4.14
2022-07-22,3.9
2022-07-23,3.68
2022-07-24,3.57
2022-07-25,3.41
2022-07-26,3.41
2022-07-27,3.5
2022-07-28,3.45
2022-07-29,3.37
2022-07-30,3.31
2022-07-31,3.21
2022-08-01,3.15
2022-08-02,3.34
2022-08-03,3.42
2022-08-04,3.42
2022-08-05,3.2
2022-08-06,3.13
2022-08-07,3
2022-08-08,3.16
2022-08-09,3.1
2022-08-10,2.96
2022-08-11,3.06
2022-08-12,3.96
2022-08-13,4.23
2022-08-14,4.13
2022-08-15,3.98
2022-08-16,3.93
2022-08-17,3.98
2022-08-18,3.88
2022-08-19,3.76
2022-08-20,3.59
2022-08-21,3.26
2022-08-22,3.12
2022-08-23,3.02
2022-08-24,3.04
2022-08-25,3.1
2022-08-26,3.24
2022-08-27,3.26
2022-08-28,3.38
2022-08-29,3.16
2022-08-30,2.86
2022-08-31,2.96
2022-09-01,2.73
2022-09-02,2.78
2022-09-03,2.44
2022-09-04,2.18
2022-09-05,2.08
2022-09-06,1.93
2022-09-07,1.89
2022-09-08,1.78
2022-09-09,1.8
2022-09-10,1.68
2022-09-11,1.76
2022-09-12,1.75
2022-09-13,1.6
2022-09-14,1.68
2022-09-15,1.58
2022-09-16,1.69
2022-09-17,1.5
2022-09-18,1.4
2022-09-19,1.49
2022-09-20,1.46
2022-09-21,1.99
2022-09-22,2.8
2022-09-23,3.26
2022-09-24,3.26
2022-09-25,3
2022-09-26,2.7
2022-09-27,2.55
2022-09-28,2.3
2022-09-29,2.2
2022-09-30,2.31
2022-10-01,2.07
2022-10-02,2.22
2022-10-03,2.27
2022-10-04,2.32
2022-10-05,2.26
2022-10-06,2.19
2022-10-07,2.28
2022-10-08,2.5
2022-10-09,2.56
2022-10-10,2.51
2022-10-11,2.42
2022-10-12,2.32
2022-10-13,2.32
2022-10-14,2.55
2022-10-15,2.37
2022-10-16,2.62
2022-10-17,2.54
2022-10-18,2.55
2022-10-19,2.92
2022-10-20,3.44
2022-10-21,3.6
2022-10-22,3.54
2022-10-23,3.59
2022-10-24,3.53
2022-10-25,3.42
2022-10-26,3.37
2022-10-27,3.34
2022-10-28,4.09
2022-10-29,4.28
2022-10-30,4.25
2022-10-31,4.12
2022-11-01,3.98
2022-11-02,3.96
2022-11-03,3.88
2022-11-04,3.83
2022-11-05,4.12
2022-11-06,4.21
2022-11-07,4.55
2022-11-08,4.42
2022-11-09,4.18
2022-11-10,3.98
2022-11-11,4.08
2022-11-12,3.72
2022-11-13,3.6
2022-11-14,3.34
2022-11-15,3.33
2022-11-16,3.08
2022-11-17,3.02
2022-11-18,2.96
2022-11-19,3.33
2022-11-20,3.9
2022-11-21,4.6
2022-11-22,4.65
2022-11-23,4.72
2022-11-24,4.3
2022-11-25,4.22
2022-11-26,3.79
2022-11-27,3.69
2022-11-28,4.26
2022-11-29,4.85
2022-11-30,5.02
2022-12-01,4.87
2022-12-02,4.64
2022-12-03,4.56
2022-12-04,4.34
2022-12-05,4.21
2022-12-06,4.27
2022-12-07,5.38
2022-12-08,6.02
2022-12-09,6.08
2022-12-10,5.93
2022-12-11,5.53
2022-12-12,5.2
2022-12-13,4.87
2022-12-14,4.7
2022-12-15,4.52
2022-12-16,4.36
2022-12-17,4.54
2022-12-18,5.25
2022-12-19,5.74
2022-12-20,5.89
2022-12-21,6.19
2022-12-22,6.23
2022-12-23,6.4
2022-12-24,6.4
2022-12-25,6.84
2022-12-26,7.44
2022-12-27,7.62
2022-12-28,7.39
2022-12-29,7.99
2022-12-30,8.8
2022-12-31,8.88
2023-01-01,8.94
2023-01-02,8.5
2023-01-03,8.41
2023-01-04,8.79
2023-01-05,9.24
2023-01-06,9.32
2023-01-07,9.25
2023-01-08,9.69
2023-01-09,10.28
2023-01-10,10.29
2023-01-11,10.4
2023-01-12,10.09
2023-01-13,9.72
2023-01-14,9.58
2023-01-15,9.23
2023-01-16,9
2023-01-17,8.88
2023-01-18,8.79
2023-01-19,9.28
2023-01-20,9.63
2023-01-21,9.69
2023-01-22,9.59
2023-01-23,9.55
2023-01-24,9.54
2023-01-25,9.71
2023-01-26,9.94
2023-01-27,9.8
2023-01-28,9.64
2023-01-29,9.6
2023-01-30,9.52
2023-01-31,9.5
2023-02-01,9.43
2023-02-02,9.37
2023-02-03,9.27
2023-02-04,9.36
2023-02-05,9.7
2023-02-06,10.2
2023-02-07,10.62
2023-02-08,11.2
2023-02-09,11.74
2023-02-10,12.36
2023-02-11,12.51
2023-02-12,12.67
2023-02-13,12.8
2023-02-14,12.96
2023-02-15,13
2023-02-16,12.98
2023-02-17,13.06
2023-02-18,13.1
2023-02-19,13.33
2023-02-20,13.49
2023-02-21,13.62
2023-02-22,13.72
2023-02-23,13.95
2023-02-24,14.12
2023-02-25,14.15
2023-02-26,13.96
2023-02-27,13.7
2023-02-28,13.5
2023-03-01,13.33
2023-03-02,13.12
2023-03-03,13.06
2023-03-04,13.16
2023-03-05,13.31
2023-03-06,13.38
2023-03-07,13.28
2023-03-08,13.2
2023-03-09,13.1
2023-03-10,13.14
2023-03-11,13.25
2023-03-12,13.28
2023-03-13,13.27
2023-03-14,13.36
2023-03-15,13.42
2023-03-16,13.48
2023-03-17,13.44
2023-03-18,13.45
2023-03-19,13.55
2023-03-20,13.66
2023-03-21,13.88
2023-03-22,14.02
2023-03-23,13.9
2023-03-24,13.84
2023-03-25,13.91
2023-03-26,14.06
2023-03-27,14.23
2023-03-28,14.34
2023-03-29,14.75
2023-03-30,15.1
2023-03-31,15.36
2023-04-01,15.57
2023-04-02,15.63
2023-04-03,15.55
2023-04-04,15.58
2023-04-05,15.48
2023-04-06,15.44
2023-04-07,15.27
2023-04-08,15.18
2023-04-09,15.16
2023-04-10,15.29
2023-04-11,15.34
2023-04-12,15.43
2023-04-13,15.53
2023-04-14,15.48
2023-04-15,15.38
2023-04-16,15.2
2023-04-17,15
2023-04-18,14.79
2023-04-19,14.65
2023-04-20,14.52
2023-04-21,14.47
2023-04-22,14.42
2023-04-23,14.3
2023-04-24,14.33
2023-04-25,14.45
2023-04-26,14.57
2023-04-27,14.73
2023-04-28,14.6
2023-04-29,14.38
2023-04-30,14.06
2023-05-01,13.8
2023-05-02,13.46
2023-05-03,13.13
2023-05-04,12.77
2023-05-05,12.68
2023-05-06,12.6
2023-05-07,12.45
2023-05-08,12.37
2023-05-09,12.31
2023-05-10,12.3
2023-05-11,12.33
2023-05-12,12.64
2023-05-13,13
2023-05-14,13.22
2023-05-15,13.24
2023-05-16,13.01
2023-05-17,12.64
2023-05-18,12.22
2023-05-19,11.87
2023-05-20,11.78
2023-05-21,11.5
2023-05-22,11.34
2023-05-23,10.98
2023-05-24,10.85
2023-05-25,10.51
2023-05-26,10.46
2023-05-27,10.44
2023-05-28,10.86
2023-05-29,11.09
2023-05-30,11.22
2023-05-31,11.06
2023-06-01,10.77
2023-06-02,10.57
2023-06-03,10.57
2023-06-04,10.64
2023-06-05,10.53
2023-06-06,10.5
2023-06-07,10.32
2023-06-08,9.93
2023-06-09,9.82
2023-06-10,9.55
2023-06-11,9.27
2023-06-12,9
2023-06-13,8.72
2023-06-14,8.63
2023-06-15,8.52
2023-06-16,8.32
2023-06-17,8.39
2023-06-18,8.96
2023-06-19,9.09
2023-06-20,9.1
2023-06-21,9.02
2023-06-22,8.78
2023-06-23,8.56
2023-06-24,8.39
2023-06-25,8.2
2023-06-26,7.91
2023-06-27,7.77
2023-06-28,7.66
2023-06-29,7.49
2023-06-30,7.41
2023-07-01,7.18
2023-07-02,7.02
2023-07-03,6.74
2023-07-04,6.66
2023-07-05,6.34
2023-07-06,6.35
2023-07-07,6.3
2023-07-08,6.59
2023-07-09,6.43
2023-07-10,6.32
2023-07-11,6.25
2023-07-12,6.04
2023-07-13,5.8
2023-07-14,5.54
2023-07-15,5.5
2023-07-16,5.19
2023-07-17,5.04
2023-07-18,5
2023-07-19,5.3
2023-07-20,5.65
2023-07-21,5.79
2023-07-22,5.62
2023-07-23,5.42
2023-07-24,5.27
2023-07-25,5.07
2023-07-26,5.01
2023-07-27,4.91
2023-07-28,4.86
2023-07-29,4.63
2023-07-30,4.36
2023-07-31,4.25
2023-08-01,3.96
2023-08-02,4.21
2023-08-03,4.59
2023-08-04,4.72
2023-08-05,4.98
2023-08-06,4.87
2023-08-07,4.7
2023-08-08,4.47
2023-08-09,4.31
2023-08-10,4.09
2023-08-11,3.82
2023-08-12,3.6
2023-08-13,3.31
2023-08-14,3.37
2023-08-15,3.04
2023-08-16,3.11
2023-08-17,2.88
2023-08-18,2.9
2023-08-19,3.1
2023-08-20,3.21
2023-08-21,3.27
2023-08-22,3.24
2023-08-23,3.18
2023-08-24,3.27
2023-08-25,3.14
2023-08-26,3.02
2023-08-27,2.84
2023-08-28,2.8
2023-08-29,2.57
2023-08-30,2.41
2023-08-31,2.15
2023-09-01,2.12
2023-09-02,2.02
2023-09-03,1.96
2023-09-04,1.84
2023-09-05,1.79
2023-09-06,1.76
2023-09-07,1.66
2023-09-08,1.55
2023-09-09,1.6
2023-09-10,1.6
2023-09-11,1.63
2023-09-12,1.78
2023-09-13,1.97
2023-09-14,2
2023-09-15,1.86
2023-09-16,1.9
2023-09-17,1.63
2023-09-18,1.65
2023-09-19,1.56
2023-09-20,1.55
2023-09-21,1.57
2023-09-22,1.63
2023-09-23,1.53
2023-09-24,1.48
2023-09-25,1.45
2023-09-26,1.42
2023-09-27,1.48
2023-09-28,1.48
2023-09-29,1.49
2023-09-30,1.52
2023-10-01,1.5
2023-10-02,1.31
2023-10-03,1.3
2023-10-04,1.27
2023-10-05,1.22
2023-10-06,1.18
2023-10-07,1.12
2023-10-08,1.14
2023-10-09,1.22
2023-10-10,1.26
2023-10-11,1.31
2023-10-12,1.28
2023-10-13,1.28
2023-10-14,1.23
2023-10-15,1.35
2023-10-16,1.63
2023-10-17,1.73
2023-10-18,1.81
2023-10-19,1.88
2023-10-20,1.86
2023-10-21,1.88
2023-10-22,1.64
2023-10-23,1.72
2023-10-24,1.67
2023-10-25,1.6
2023-10-26,1.58
2023-10-27,1.5
2023-10-28,1.47
2023-10-29,1.39
2023-10-30,1.35
2023-10-31,1.37
2023-11-01,1.28
2023-11-02,1.29
2023-11-03,1.2
2023-11-04,1.15
2023-11-05,1.24
2023-11-06,2.06
2023-11-07,2.78
2023-11-08,3.13
2023-11-09,3.02
2023-11-10,2.76
2023-11-11,2.61
2023-11-12,2.57
2023-11-13,2.62
2023-11-14,2.56
2023-11-15,2.46
2023-11-16,2.5
2023-11-17,2.47
2023-11-18,2.51
2023-11-19,2.54
2023-11-20,2.36
2023-11-21,2.29
2023-11-22,2.28
2023-11-23,2.29
2023-11-24,2.34
2023-11-25,2.53
2023-11-26,2.75
2023-11-27,2.94
2023-11-28,3.21
2023-11-29,3.33
2023-11-30,3.53
2023-12-01,4.16
2023-12-02,4.47
2023-12-03,4.85
2023-12-04,5.31
2023-12-05,5.7
2023-12-06,6.06
2023-12-07,6.17
2023-12-08,6.12
2023-12-09,6.87
2023-12-10,7.69
2023-12-11,7.9
2023-12-12,7.76
2023-12-13,7.77
2023-12-14,7.78
2023-12-15,7.6
2023-12-16,7.47
2023-12-17,7.44
2023-12-18,7.31
2023-12-19,6.97
2023-12-20,6.85
2023-12-21,6.92
2023-12-22,7.4
2023-12-23,7.62
2023-12-24,7.45
2023-12-25,7.26
2023-12-26,7.11
2023-12-27,7.42
2023-12-28,7.41
2023-12-29,7.46
2023-12-30,7.4
2023-12-31,7.58
2024-01-01,7.78
2024-01-02,7.73
2024-01-03,7.52
2024-01-04,7.42
2024-01-05,7.4
2024-01-06,7.71
2024-01-07,7.89
2024-01-08,8.24
2024-01-09,8.42
2024-01-10,8.72
2024-01-11,8.71
2024-01-12,8.5
2024-01-13,8.19
2024-01-14,7.85
2024-01-15,7.52
2024-01-16,7.73
2024-01-17,7.54
2024-01-18,7.44
2024-01-19,7.39
2024-01-20,7.41
2024-01-21,7.76
2024-01-22,8.09
2024-01-23,8.43
2024-01-24,8.66
2024-01-25,8.93
2024-01-26,8.97
2024-01-27,8.91
2024-01-28,8.98
2024-01-29,9.5
2024-01-30,10.2
2024-01-31,10.45
2024-02-01,10.76
2024-02-02,10.6
2024-02-03,10.58
2024-02-04,10.62
2024-02-05,10.63
2024-02-06,10.5
2024-02-07,10.35
2024-02-08,10.25
2024-02-09,10.06
2024-02-10,10.03
2024-02-11,9.66
2024-02-12,9.43
2024-02-13,9.06
2024-02-14,9
2024-02-15,9.1
2024-02-16,9.64
2024-02-17,10.07
2024-02-18,10.9
2024-02-19,11.38
2024-02-20,11.52
2024-02-21,11.71
2024-02-22,11.76
2024-02-23,11.65
2024-02-24,12.01
2024-02-25,12.58
2024-02-26,13.1
2024-02-27,13.42
2024-02-28,13.75
2024-02-29,13.96
2024-03-01,14.08
2024-03-02,14.23
2024-03-03,14.29
2024-03-04,14.44
2024-03-05,14.46
2024-03-06,14.54
2024-03-07,14.6
2024-03-08,14.52
2024-03-09,14.55
2024-03-10,14.41
2024-03-11,14.33
2024-03-12,14.06
2024-03-13,13.8
2024-03-14,13.63
2024-03-15,13.47
2024-03-16,13.42
2024-03-17,13.27
2024-03-18,13.13
2024-03-19,12.87
2024-03-20,12.72
2024-03-21,12.6
2024-03-22,12.69
2024-03-23,12.79
2024-03-24,12.95
2024-03-25,12.96
2024-03-26,13.09
2024-03-27,13.29
2024-03-28,13.41
2024-03-29,13.48
2024-03-30,13.51
2024-03-31,13.59
2024-04-01,13.43
2024-04-02,13.15
2024-04-03,12.9
2024-04-04,12.69
2024-04-05,12.52
2024-04-06,12.37
2024-04-07,12.43
2024-04-08,12.42
2024-04-09,12.24
2024-04-10,11.98
2024-04-11,11.79
2024-04-12,11.6
2024-04-13,11.4
2024-04-14,11.35
2024-04-15,11.21
2024-04-16,11.45
2024-04-17,11.51
2024-04-18,11.67
2024-04-19,11.93
2024-04-20,11.89
2024-04-21,11.69
2024-04-22,11.41
2024-04-23,11.5
2024-04-24,11.47
2024-04-25,11.43
2024-04-26,11.25
2024-04-27,10.94
2024-04-28,10.56
2024-04-29,10.49
2024-04-30,10.22
2024-05-01,10.05
2024-05-02,9.95
2024-05-03,10.01
2024-05-04,9.86
2024-05-05,9.72
2024-05-06,9.47
2024-05-07,9.18
2024-05-08,9.25
2024-05-09,9.35
2024-05-10,9.37
2024-05-11,9.25
2024-05-12,9.08
2024-05-13,9.1
2024-05-14,9.28
2024-05-15,9.22
2024-05-16,9.23
2024-05-17,9
2024-05-18,9.48
2024-05-19,9.4
2024-05-20,9.45
2024-05-21,9.64
2024-05-22,9.48
2024-05-23,9.01
2024-05-24,8.93
2024-05-25,9.05
2024-05-26,9.08
2024-05-27,8.93
2024-05-28,8.86
2024-05-29,8.5
2024-05-30,8.29
2024-05-31,8.32
2024-06-01,8.22
2024-06-02,8.07
2024-06-03,7.69
2024-06-04,7.36
2024-06-05,7.14
2024-06-06,6.88
2024-06-07,6.86
2024-06-08,6.56
2024-06-09,6.56
2024-06-10,6.13
2024-06-11,5.78
2024-06-12,5.63
2024-06-13,5.27
2024-06-14,5.03
2024-06-15,4.92
2024-06-16,4.65
2024-06-17,4.57
2024-06-18,4.24
2024-06-19,4.18
2024-06-20,5.39
2024-06-21,6.76
2024-06-22,6.85
2024-06-23,6.66
2024-06-24,6.41
2024-06-25,6.41
2024-06-26,6.16
2024-06-27,5.73
2024-06-28,5.29
2024-06-29,4.98
2024-06-30,4.87
2024-07-01,4.21
2024-07-02,4.22
2024-07-03,3.95
2024-07-04,4.04
2024-07-05,3.94
2024-07-06,4.18
2024-07-07,4.31
2024-07-08,4.2
2024-07-09,4.14
2024-07-10,3.87
2024-07-11,3.65
2024-07-12,3.38
2024-07-13,3.34
2024-07-14,3.2
2024-07-15,3.27
2024-07-16,3.43
2024-07-17,3.3
2024-07-18,3.24
2024-07-19,3.06
2024-07-20,3.01
2024-07-21,2.79
2024-07-22,2.93
2024-07-23,2.87
2024-07-24,2.82
2024-07-25,2.8
2024-07-26,2.71
2024-07-27,2.54
2024-07-28,2.51
2024-07-29,2.38
2024-07-30,2.5
2024-07-31,2.44
2024-08-01,2.31
2024-08-02,2.25
2024-08-03,2.16
2024-08-04,2.07
2024-08-05,2.01
2024-08-06,2.11
2024-08-07,2.31
2024-08-08,2.36
2024-08-09,2.32
2024-08-10,2.19
2024-08-11,2.14
2024-08-12,2.14
2024-08-13,2.11
2024-08-14,2.11
2024-08-15,2.12
2024-08-16,2.32
2024-08-17,2.42
2024-08-18,2.43
2024-08-19,2.29
2024-08-20,2.12
2024-08-21,2.04
2024-08-22,1.91
2024-08-23,1.84
2024-08-24,1.82
2024-08-25,1.7
2024-08-26,1.61
2024-08-27,1.45
2024-08-28,1.43
2024-08-29,1.31
2024-08-30,1.37
2024-08-31,1.3
2024-09-01,1.31
2024-09-02,1.21
2024-09-03,1.15
2024-09-04,1.08
2024-09-05,1.01
2024-09-06,0.98
2024-09-07,0.88
2024-09-08,0.87
2024-09-09,0.78
2024-09-10,0.75
2024-09-11,0.7
2024-09-12,0.66
2024-09-13,0.73
2024-09-14,0.49
2024-09-15,0.68
2024-09-16,0.55
2024-09-17,0.51
2024-09-18,0.52
2024-09-19,0.46
2024-09-20,0.45
2024-09-21,0.49
2024-09-22,0.38
2024-09-23,0.35
2024-09-24,0.41
2024-09-25,0.35
2024-09-26,0.38
2024-09-27,0.4
2024-09-28,0.52
2024-09-29,0.48
2024-09-30,0.52
2024-10-01,0.45
2024-10-02,0.49
2024-10-03,0.4
2024-10-04,0.32
2024-10-05,0.46
2024-10-06,0.42
2024-10-07,0.35
2024-10-08,0.34
2024-10-09,0.39
2024-10-10,0.35
2024-10-11,0.28
2024-10-12,0.27
2024-10-13,0.29
2024-10-14,0.54
2024-10-15,0.53
2024-10-16,0.5
2024-10-17,0.53
2024-10-18,0.45
2024-10-19,0.42
2024-10-20,0.45
2024-10-21,0.75
2024-10-22,0.83
2024-10-23,0.91
2024-10-24,0.9
2024-10-25,0.85
2024-10-26,0.81
2024-10-27,0.87
2024-10-28,0.82
2024-10-29,0.87
2024-10-30,0.74
2024-10-31,0.79
2024-11-01,0.84
2024-11-02,0.92
2024-11-03,1.14
2024-11-04,1.4
2024-11-05,1.61
2024-11-06,1.71
2024-11-07,1.8
2024-11-08,1.7
2024-11-09,1.66
2024-11-10,1.59
2024-11-11,1.57
2024-11-12,1.65
2024-11-13,1.93
2024-11-14,1.97
2024-11-15,2.47
2024-11-16,2.8
2024-11-17,3.12
2024-11-18,3.27
2024-11-19,3.36
2024-11-20,3.72
2024-11-21,3.87
2024-11-22,3.86
2024-11-23,3.89
2024-11-24,3.8
2024-11-25,3.99
2024-11-26,4.2
2024-11-27,4.94
2024-11-28,5.72
2024-11-29,6.01
2024-11-30,5.99
2024-12-01,5.69
2024-12-02,5.6
2024-12-03,5.72
2024-12-04,5.79
2024-12-05,5.76
2024-12-06,5.76
2024-12-07,5.68
2024-12-08,6.3
2024-12-09,6.92
2024-12-10,7.44
2024-12-11,7.65
2024-12-12,7.94
2024-12-13,8.28
2024-12-14,8.49
2024-12-15,8.49
2024-12-16,8.43
2024-12-17,8.37
2024-12-18,8.46
2024-12-19,8.69
2024-12-20,8.94
2024-12-21,9.06
2024-12-22,9.12
2024-12-23,9.26
2024-12-24,9.11
2024-12-25,9.09
2024-12-26,8.89
2024-12-27,8.79
2024-12-28,9.09
2024-12-29,9.51
2024-12-30,9.66
2024-12-31,9.8
2025-01-01,9.98
2025-01-02,9.65
2025-01-03,9.36
2025-01-04,9.16
2025-01-05,8.78
2025-01-06,8.42
2025-01-07,8.66
2025-01-08,8.43
2025-01-09,8.58
2025-01-10,9.65
2025-01-11,10.79
2025-01-12,11.25
2025-01-13,11.59
2025-01-14,12.03
2025-01-15,12.25
2025-01-16,12.36
2025-01-17,12.58
2025-01-18,12.67
2025-01-19,12.9
2025-01-20,13.26
2025-01-21,13.31
2025-01-22,13.25
2025-01-23,13.18
2025-01-24,13.11
2025-01-25,13.06
2025-01-26,13.13
2025-01-27,13.07
2025-01-28,13.01
2025-01-29,12.99
2025-01-30,12.91
2025-01-31,12.96
2025-02-01,12.84
2025-02-02,12.87
2025-02-03,12.79
2025-02-04,12.75
2025-02-05,12.81
2025-02-06,12.85
2025-02-07,12.89
2025-02-08,13.04
2025-02-09,13.22
2025-02-10,13.28
2025-02-11,13.29
2025-02-12,13.41
2025-02-13,13.33
2025-02-14,13.43
2025-02-15,13.37
2025-02-16,13.5
2025-02-17,13.55
2025-02-18,13.7
2025-02-19,13.85
2025-02-20,14.03
2025-02-21,14.34
2025-02-22,14.55
2025-02-23,14.58
2025-02-24,14.74
2025-02-25,14.87
2025-02-26,15.13
2025-02-27,15.17
2025-02-28,15.15
2025-03-01,15.16
2025-03-02,15.09
2025-03-03,15.05
2025-03-04,15
2025-03-05,15.08
2025-03-06,15.1
2025-03-07,15.23
2025-03-08,15.28
2025-03-09,15.36
2025-03-10,15.39
2025-03-11,15.53
2025-03-12,15.59
2025-03-13,15.72
2025-03-14,15.75
2025-03-15,15.73
2025-03-16,15.79
2025-03-17,15.9
2025-03-18,16
2025-03-19,16.07
2025-03-20,16.17
2025-03-21,16.23
2025-03-22,16.3
2025-03-23,16.33
2025-03-24,16.37
2025-03-25,16.38
2025-03-26,16.44
2025-03-27,16.49
2025-03-28,16.45
2025-03-29,16.52
2025-03-30,16.54
2025-03-31,16.54
2025-04-01,16.6
2025-04-02,16.58
2025-04-03,16.65
2025-04-04,16.72
2025-04-05,16.79
2025-04-06,16.76
2025-04-07,16.73
2025-04-08,16.76
2025-04-09,16.74
2025-04-10,16.76
2025-04-11,16.75
2025-04-12,16.81
2025-04-13,16.75
2025-04-14,16.69
2025-04-15,16.62
2025-04-16,16.59
2025-04-17,16.5
2025-04-18,16.43
2025-04-19,16.39
2025-04-20,16.29
2025-04-21,16.25
2025-04-22,16.26
2025-04-23,16.19
2025-04-24,16.11
2025-04-25,16.03
2025-04-26,16
2025-04-27,15.86
2025-04-28,15.76
2025-04-29,15.63
2025-04-30,15.6
2025-05-01,15.54
2025-05-02,15.47
2025-05-03,15.38
2025-05-04,15.33
2025-05-05,15.16
2025-05-06,15.03
2025-05-07,14.93
2025-05-08,14.64
2025-05-09,14.46
2025-05-10,14.3
2025-05-11,14.11
2025-05-12,13.9
2025-05-13,13.83
2025-05-14,13.68
2025-05-15,13.63
2025-05-16,13.65
2025-05-17,13.47
2025-05-18,13.39
2025-05-19,13.18
2025-05-20,12.9
2025-05-21,12.62
2025-05-22,12.34
2025-05-23,12.1
2025-05-24,11.91
2025-05-25,11.77
2025-05-26,11.63
2025-05-27,11.55
2025-05-28,11.52
2025-05-29,11.56
2025-05-30,11.6
2025-05-31,11.57
2025-06-01,11.74
2025-06-02,11.7
2025-06-03,11.74
2025-06-04,11.7
2025-06-05,11.58
2025-06-06,11.52
2025-06-07,11.36
2025-06-08,11.19
2025-06-09,11.01
2025-06-10,10.87
2025-06-11,10.68
2025-06-12,10.54
2025-06-13,10.51
2025-06-14,10.38
2025-06-15,10.32
2025-06-16,10.38
2025-06-17,10.42
2025-06-18,10.46
2025-06-19,10.42
2025-06-20,10.41
2025-06-21,10.64
2025-06-22,10.75
2025-06-23,10.8
2025-06-24,10.74
2025-06-25,10.65
2025-06-26,10.61
2025-06-27,10.73
2025-06-28,10.92
2025-06-29,11.31
2025-06-30,11.45
2025-07-01,11.28
2025-07-08,10.03
2025-07-09,9.84
2025-07-10,9.58
2025-07-15,8.3
2025-07-16,8.06
2025-07-21,6.94
2025-07-22,6.83
2025-07-23,6.71
2025-07-24,6.64
2025-07-25,6.61
2025-07-26,6.64
2025-07-27,6.67
2025-07-28,6.36
2025-07-29,6.29
2025-07-30,6.15
2025-07-31,6.09
2025-08-01,5.96
2025-08-02,5.08
2025-08-03,5.05
2025-08-04,4.7
2025-08-05,4.61
2025-08-06,4.74
2025-08-07,4.64
2025-08-08,4.62
2025-08-09,4.51
2025-08-10,4.57
2025-08-11,4.68
2025-08-12,4.63
2025-08-13,4.59
2025-08-14,4.53
2025-08-15,4.62
2025-08-16,4.82
2025-08-17,4.87
2025-08-18,4.71
2025-08-19,4.47
2025-08-20,4.17
2025-08-21,3.92
2025-08-22,3.68
2025-08-23,3.57
2025-08-24,3.46
2025-08-25,3.33
2025-08-26,3.24
2025-08-27,3.12
2025-08-28,3.04
2025-08-29,3.12
2025-08-30,3.06
2025-08-31,3.03
2025-09-01,3.02
2025-09-02,3.21
2025-09-03,3.17
2025-09-04,3.17
2025-09-05,3.11
2025-09-06,3.01
2025-09-07,2.92
2025-09-08,2.81
2025-09-09,2.89
2025-09-10,2.82
2025-09-11,2.7
2025-09-12,2.86
2025-09-13,2.94
2025-09-14,3.14
2025-09-15,3.22
2025-09-16,3.18
2025-09-17,3.23
2025-09-18,3.1
2025-09-19,2.9
2025-09-20,2.86
2025-09-21,2.71
2025-09-22,2.67
2025-09-23,2.65
2025-09-24,2.68
2025-09-25,2.61
2025-09-26,2.55
2025-09-27,2.45
2025-09-28,2.35
2025-09-29,2.3
2025-09-30,2.31
2025-10-01,2.24
2025-10-02,2.3
2025-10-03,2.29
2025-10-04,2.41
2025-10-05,2.29
2025-10-06,2.21
2025-10-07,2.13
2025-10-08,2.15
2025-10-09,2.16
2025-10-10,2.68
2025-10-11,3.27
2025-10-12,3.43
2025-10-13,3.27
2025-10-14,3.08
2025-10-15,3.35
2025-10-16,3.5
2025-10-17,3.52
2025-10-18,3.46
2025-10-19,3.36
2025-10-20,3.29
2025-10-21,3.38
2025-10-22,3.81
2025-10-23,4.14
2025-10-24,4.2
2025-10-25,4.14
2025-10-26,4.27
2025-10-27,4.37
2025-10-28,4.51
2025-10-29,4.45
2025-10-30,4.39
2025-10-31,4.41
2025-11-01,4.59
2025-11-02,5
2025-11-03,5.5
2025-11-04,6.17
2025-11-05,6.43
2025-11-06,6.27
2025-11-07,5.86
2025-11-08,5.67
2025-11-09,5.73
2025-11-10,5.98
2025-11-11,6.02
2025-11-12,5.78
2025-11-13,5.54
2025-11-14,5.82
2025-11-15,6.3
2025-11-16,6.47
2025-11-17,6.41
2025-11-18,6.28
2025-11-19,6.39
2025-11-20,6.52
2025-11-21,6.8
2025-11-22,6.96
2025-11-23,7.4
2025-11-24,7.96
2025-11-25,8.19
2025-11-26,7.91
2025-11-27,7.75
2025-11-28,7.72
2025-11-29,7.75
2025-11-30,7.82
2025-12-01,7.85
2025-12-02,7.77
2025-12-03,7.68
2025-12-04,7.4
2025-12-05,7.16
2025-12-06,6.99
2025-12-07,7.04
2025-12-08,7.69
2025-12-09,8.09
2025-12-10,8.52
2025-12-11,8.53
2025-12-12,8.68
2025-12-13,8.45
2025-12-14,8.66
2025-12-15,8.65
2025-12-16,8.6
2025-12-17,8.74
2025-12-18,8.92
2025-12-19,9.01
2025-12-20,8.96
2025-12-21,9.17
2025-12-22,9.44
2025-12-23,9.61
2025-12-24,9.66
2025-12-25,9.52
2025-12-26,9.6
2025-12-27,9.73
2025-12-28,9.81
2025-12-29,9.85
2025-12-30,10.24
2025-12-31,11.03
2026-01-01,11.71
2026-01-02,12.08
2026-01-03,12.22
2026-01-04,12.39
2026-01-05,12.51
2026-01-06,12.52
2026-01-07,12.51
2026-01-08,12.37
2026-01-09,12.06
2026-01-10,11.89
2026-01-11,11.75
2026-01-12,11.52
2026-01-13,11.56
2026-01-14,11.68
2026-01-15,11.78
2026-01-16,12.02
2026-01-17,12.4
2026-01-18,12.62
2026-01-19,12.65
2026-01-20,12.66
2026-01-21,12.69
2026-01-22,12.6
2026-01-23,12.55
2026-01-24,12.46
2026-01-25,12.5
2026-01-26,12.72
2026-01-27,12.98
2026-01-28,13.26
2026-01-29,13.32
2026-01-30,13.37
2026-01-31,13.48
2026-02-01,13.53
2026-02-02,13.61
2026-02-03,13.63
2026-02-04,13.79
2026-02-05,13.95
2026-02-06,14.01
2026-02-07,14.01
2026-02-08,13.88
2026-02-09,13.64
2026-02-10,13.44
2026-02-11,13.15
2026-02-12,12.85
2026-02-13,12.67
2026-02-14,12.48
2026-02-15,12.43
2026-02-16,12.55
2026-02-17,12.68
2026-02-18,12.66
2026-02-19,12.82
2026-02-20,12.91
2026-02-21,13.04
2026-02-22,13.33
2026-02-23,13.39
2026-02-24,13.55
2026-02-25,13.46
2026-02-26,13.62
2026-02-27,13.55
2026-02-28,13.47
