data,vazao_m3s
2016-01-01,8181.06
2016-01-02,8785.01
2016-01-03,9205.21
2016-01-04,9513.29
2016-01-05,9551.94
2016-01-06,9551.94
2016-01-07,9551.94
2016-01-08,9551.94
2016-01-09,9629.34
2016-01-10,9629.34
2016-01-11,9629.34
2016-01-12,9551.94
2016-01-13,9397.51
2016-01-14,9205.21
2016-01-15,8899.21
2016-01-16,8519.71
2016-01-17,7994.14
2016-01-18,7438.73
2016-01-19,6927.84
2016-01-20,6531.7
2016-01-21,6175.75
2016-01-22,5893.96
2016-01-23,5476.38
2016-01-24,5201.51
2016-01-25,4963.4
2016-01-26,4727.58
2016-01-27,4427.88
2016-01-28,4132.24
2016-01-29,3776.69
2016-01-30,3396.44
2016-01-31,3209.46
2016-02-01,3055.31
2016-02-02,2994.08
2016-02-03,2902.72
2016-02-04,2811.94
2016-02-05,2842.13
2016-02-06,2994.08
2016-02-07,3024.66
2016-02-08,2994.08
2016-02-09,2842.13
2016-02-10,2721.75
2016-02-11,2602.44
2016-02-12,2513.68
2016-02-13,2513.68
2016-02-14,2602.44
2016-02-15,2691.82
2016-02-16,2811.94
2016-02-17,2963.56
2016-02-18,3147.61
2016-02-19,3302.68
2016-02-20,3459.24
2016-02-21,3617.26
2016-02-22,3680.86
2016-02-23,3744.69
2016-02-24,4132.24
2016-02-25,4394.83
2016-02-26,4862.05
2016-02-27,5441.86
2016-02-28,6140.38
2016-02-29,6819.33
2016-03-01,7549.16
2016-03-02,7696.91
2016-03-03,8293.63
2016-03-04,9013.71
2016-03-05,9745.68
2016-03-06,10331.6
2016-03-07,10528.4
2016-03-08,10489
2016-03-09,10528.4
2016-03-10,10253.1
2016-03-11,10057.3
2016-03-12,9745.68
2016-03-13,9823.4
2016-03-14,9668.09
2016-03-15,9436.07
2016-03-16,9128.51
2016-03-17,9128.51
2016-03-18,9358.99
2016-03-19,9474.66
2016-03-20,9590.63
2016-03-21,9706.87
2016-03-22,9862.31
2016-03-23,10057.3
2016-03-24,10213.9
2016-03-25,10292.3
2016-03-26,10213.9
2016-03-27,10057.3
2016-03-28,9940.21
2016-03-29,10135.5
2016-03-30,10331.6
2016-03-31,10805.3
2016-04-01,11163.3
2016-04-02,11604.1
2016-04-03,12129.5
2016-04-04,12536.8
2016-04-05,12823.5
2016-04-06,13152.8
2016-04-07,13608.3
2016-04-08,14150.7
2016-04-09,14697.3
2016-04-10,15236.7
2016-04-11,15895.3
2016-04-12,16526.1
2016-04-13,17083.1
2016-04-14,17826.2
2016-04-15,18450.6
2016-04-16,18994.8
2016-04-17,19269.9
2016-04-18,19593.6
2016-04-19,19686.6
2016-04-20,19686.6
2016-04-21,19686.6
2016-04-22,19640.1
2016-04-23,19733.2
2016-04-24,19686.6
2016-04-25,19686.6
2016-04-26,19733.2
2016-04-27,20108
2016-04-28,20629.3
2016-04-29,20964.7
2016-04-30,21497.5
2016-05-01,22037.2
2016-05-02,22534
2016-05-03,22834.9
2016-05-04,23341
2016-05-05,23750
2016-05-06,24214.7
2016-05-07,24736.5
2016-05-08,25158.1
2016-05-09,25583.5
2016-05-10,25690.4
2016-05-11,25851.2
2016-05-12,26120.4
2016-05-13,26336.9
2016-05-14,26608.7
2016-05-15,26882
2016-05-16,26991.8
2016-05-17,27101.7
2016-05-18,27211.9
2016-05-19,27377.7
2016-05-20,27433
2016-05-21,27543.9
2016-05-22,27655.1
2016-05-23,27766.5
2016-05-24,27989.9
2016-05-25,28270.5
2016-05-26,28439.6
2016-05-27,28552.6
2016-05-28,28665.9
2016-05-29,28836.2
2016-05-30,29007
2016-05-31,29350.3
2016-06-01,29753.5
2016-06-02,30043.2
2016-06-03,30276.1
2016-06-04,30509.9
2016-06-05,30685.8
2016-06-06,30685.8
2016-06-07,30803.4
2016-06-08,30862.3
2016-06-09,30862.3
2016-06-10,30921.3
2016-06-11,31098.5
2016-06-12,31573.6
2016-06-13,31633.2
2016-06-14,31872.5
2016-06-15,32112.6
2016-06-16,32474.6
2016-06-17,32717.1
2016-06-18,32960.6
2016-06-19,33143.8
2016-06-20,33143.8
2016-06-21,33082.7
2016-06-22,33082.7
2016-06-23,32960.6
2016-06-24,32838.8
2016-06-25,32656.4
2016-06-26,32535.2
2016-06-27,32293.3
2016-06-28,32233
2016-06-29,32414.1
2016-06-30,32112.6
2016-07-01,31454.5
2016-07-02,31098.5
2016-07-03,30862.3
2016-07-04,30568.5
2016-07-05,30509.9
2016-07-06,30627.1
2016-07-07,30744.6
2016-07-08,31039.3
2016-07-09,31276.2
2016-07-10,31693
2016-07-11,32052.5
2016-07-12,32595.8
2016-07-13,33021.6
2016-07-14,33327.6
2016-07-15,33635
2016-07-16,33882
2016-07-17,34005.9
2016-07-18,34192.1
2016-07-19,34378.9
2016-07-20,34503.7
2016-07-21,34628.7
2016-07-22,34628.7
2016-07-23,34754
2016-07-24,34754
2016-07-25,34691.4
2016-07-26,34566.2
2016-07-27,34378.9
2016-07-28,34130
2016-07-29,33882
2016-07-30,33696.7
2016-07-31,33511.9
2016-08-01,33388.9
2016-08-02,33205
2016-08-03,33082.7
2016-08-04,32899.7
2016-08-05,32656.4
2016-08-06,32414.1
2016-08-07,32112.6
2016-08-08,31812.6
2016-08-09,31395
2016-08-10,31039.3
2016-08-11,30568.5
2016-08-12,30159.5
2016-08-13,29638
2016-08-14,29064.1
2016-08-15,28552.6
2016-08-16,28102
2016-08-17,27488.5
2016-08-18,26882
2016-08-19,26391.1
2016-08-20,25797.6
2016-08-21,25317.2
2016-08-22,24736.5
2016-08-23,24111
2016-08-24,23493.9
2016-08-25,22834.9
2016-08-26,22235.3
2016-08-27,21741.9
2016-08-28,21351.5
2016-08-29,21109.3
2016-08-30,20868.6
2016-08-31,20486.4
2016-09-01,20060.9
2016-09-02,19640.1
2016-09-03,18949.1
2016-09-04,18585.9
2016-09-05,18047.9
2016-09-06,17562.1
2016-09-07,17040
2016-09-08,16611.2
2016-09-09,16146.1
2016-09-10,15688
2016-09-11,15318.2
2016-09-12,15033.9
2016-09-13,14781.7
2016-09-14,14655.1
2016-09-15,14655.1
2016-09-16,14866.3
2016-09-17,15114.8
2016-09-18,15400
2016-09-19,15770.7
2016-09-20,16020.5
2016-09-21,16188.1
2016-09-22,16272.3
2016-09-23,16272.3
2016-09-24,16146.1
2016-09-25,15895.3
2016-09-26,15564.2
2016-09-27,15236.7
2016-09-28,14908.6
2016-09-29,14612.9
2016-09-30,14402.4
2016-10-01,14192.6
2016-10-02,14150.7
2016-10-03,14108.8
2016-10-04,14066.9
2016-10-05,13983.3
2016-10-06,13941.6
2016-10-07,13983.3
2016-10-08,14025.1
2016-10-09,14025.1
2016-10-10,14066.9
2016-10-11,14150.7
2016-10-12,14318.4
2016-10-13,14570.8
2016-10-14,14908.6
2016-10-15,15196
2016-10-16,15523.1
2016-10-17,15688
2016-10-18,15853.8
2016-10-19,15853.8
2016-10-20,15812.2
2016-10-21,15688
2016-10-22,15482
2016-10-23,15155.4
2016-10-24,14824
2016-10-25,14486.5
2016-10-26,14234.5
2016-10-27,14108.8
2016-10-28,13983.3
2016-10-29,13816.4
2016-10-30,13899.8
2016-10-31,14150.7
2016-11-01,14318.4
2016-11-02,14444.5
2016-11-03,14570.8
2016-11-04,14739.5
2016-11-05,14697.3
2016-11-06,14360.4
2016-11-07,14108.8
2016-11-08,14150.7
2016-11-09,14276.4
2016-11-10,14402.4
2016-11-11,14402.4
2016-11-12,14192.6
2016-11-13,13858.1
2016-11-14,13525.3
2016-11-15,13194.1
2016-11-16,12864.6
2016-11-17,12577.7
2016-11-18,12332.8
2016-11-19,11644.4
2016-11-20,11283.2
2016-11-21,10964.1
2016-11-22,10646.9
2016-11-23,10331.6
2016-11-24,10018.2
2016-11-25,9979.22
2016-11-26,10018.2
2016-11-27,10331.6
2016-11-28,10964.1
2016-11-29,11805.6
2016-11-30,12659.5
2016-12-01,13235.4
2016-12-02,13442.3
2016-12-03,13483.8
2016-12-04,13359.5
2016-12-05,13111.5
2016-12-06,12905.7
2016-12-07,12741.4
2016-12-08,12577.7
2016-12-09,12455.1
2016-12-10,12210.7
2016-12-11,12048.3
2016-12-12,11926.8
2016-12-13,11644.4
2016-12-14,11604.1
2016-12-15,11724.9
2016-12-16,12088.9
2016-12-17,12495.9
2016-12-18,12987.9
2016-12-19,13649.9
2016-12-20,14066.9
2016-12-21,14655.1
2016-12-22,15074.3
2016-12-23,15523.1
2016-12-24,16020.5
2016-12-25,16739.2
2016-12-26,17605.9
2016-12-27,18495.6
2016-12-28,19362.1
2016-12-29,20155.1
2016-12-30,20486.4
2016-12-31,20868.6
2017-01-01,21012.8
2017-01-02,21206
2017-01-03,21302.9
2017-01-04,21741.9
2017-01-05,22235.3
2017-01-06,22584
2017-01-07,22986.1
2017-01-08,23341
2017-01-09,23596.2
2017-01-10,23852.9
2017-01-11,24059.3
2017-01-12,24214.7
2017-01-13,24266.6
2017-01-14,24318.6
2017-01-15,24318.6
2017-01-16,24422.7
2017-01-17,24474.8
2017-01-18,24527.1
2017-01-19,24579.3
2017-01-20,24631.6
2017-01-21,24474.8
2017-01-22,24266.6
2017-01-23,23852.9
2017-01-24,23442.9
2017-01-25,22885.2
2017-01-26,22136.1
2017-01-27,21254.4
2017-01-28,20155.1
2017-01-29,19132.1
2017-01-30,18047.9
2017-01-31,17169.7
2017-02-01,16782
2017-02-02,16782
2017-02-03,17256.5
2017-02-04,17870.4
2017-02-05,18226.3
2017-02-06,18903.5
2017-02-07,19362.1
2017-02-08,19873.3
2017-02-09,20344.1
2017-02-10,20820.6
2017-02-11,21157.6
2017-02-12,21302.9
2017-02-13,21302.9
2017-02-14,21157.6
2017-02-15,20724.8
2017-02-16,20202.2
2017-02-17,19640.1
2017-02-18,18994.8
2017-02-19,18676.3
2017-02-20,18271.1
2017-02-21,17649.9
2017-02-22,17083.1
2017-02-23,16653.8
2017-02-24,16398.9
2017-02-25,15770.7
2017-02-26,15359.1
2017-02-27,15074.3
2017-02-28,14781.7
2017-03-01,14655.1
2017-03-02,14697.3
2017-03-03,14908.6
2017-03-04,15236.7
2017-03-05,15482
2017-03-06,15770.7
2017-03-07,16062.3
2017-03-08,16611.2
2017-03-09,16996.8
2017-03-10,17693.9
2017-03-11,18495.6
2017-03-12,19547.2
2017-03-13,20534
2017-03-14,21448.7
2017-03-15,22185.7
2017-03-16,22784.6
2017-03-17,23341
2017-03-18,23801.4
2017-03-19,24422.7
2017-03-20,24999.6
2017-03-21,25744
2017-03-22,26336.9
2017-03-23,26663.3
2017-03-24,26663.3
2017-03-25,26499.8
2017-03-26,26120.4
2017-03-27,25583.5
2017-03-28,25105.2
2017-03-29,24841.5
2017-03-30,24579.3
2017-03-31,24059.3
2017-04-01,23442.9
2017-04-02,22734.4
2017-04-03,22284.9
2017-04-04,21840.1
2017-04-05,21448.7
2017-04-06,21157.6
2017-04-07,20916.6
2017-04-08,20296.7
2017-04-09,20060.9
2017-04-10,19686.6
2017-04-11,18994.8
2017-04-12,18495.6
2017-04-13,18181.6
2017-04-14,17914.7
2017-04-15,17914.7
2017-04-16,18226.3
2017-04-17,18857.9
2017-04-18,19779.8
2017-04-19,20344.1
2017-04-20,20581.6
2017-04-21,21302.9
2017-04-22,22037.2
2017-04-23,22634.1
2017-04-24,23087.2
2017-04-25,23341
2017-04-26,23442.9
2017-04-27,23391.9
2017-04-28,23341
2017-04-29,23442.9
2017-04-30,22986.1
2017-05-01,22634.1
2017-05-02,22334.6
2017-05-03,22136.1
2017-05-04,22284.9
2017-05-05,22534
2017-05-06,22935.6
2017-05-07,23341
2017-05-08,24059.3
2017-05-09,25052.3
2017-05-10,26228.5
2017-05-11,27599.5
2017-05-12,28836.2
2017-05-13,29869.2
2017-05-14,30334.4
2017-05-15,30627.1
2017-05-16,31039.3
2017-05-17,31276.2
2017-05-18,31276.2
2017-05-19,31276.2
2017-05-20,31039.3
2017-05-21,30744.6
2017-05-22,30276.1
2017-05-23,29869.2
2017-05-24,29580.3
2017-05-25,29407.7
2017-05-26,29235.7
2017-05-27,29064.1
2017-05-28,28779.4
2017-05-29,28552.6
2017-05-30,28383.2
2017-05-31,28102
2017-06-01,27655.1
2017-06-02,27101.7
2017-06-03,26882
2017-06-04,26936.9
2017-06-05,26991.8
2017-06-06,27101.7
2017-06-07,27101.7
2017-06-08,27101.7
2017-06-09,26936.9
2017-06-10,26827.3
2017-06-11,26608.7
2017-06-12,26717.9
2017-06-13,26772.5
2017-06-14,26608.7
2017-06-15,26282.7
2017-06-16,25851.2
2017-06-17,25530.1
2017-06-18,25370.3
2017-06-19,25211.1
2017-06-20,25052.3
2017-06-21,24841.5
2017-06-22,24684
2017-06-23,24527.1
2017-06-24,24370.6
2017-06-25,24318.6
2017-06-26,24318.6
2017-06-27,24266.6
2017-06-28,24266.6
2017-06-29,24370.6
2017-06-30,24474.8
2017-07-01,24579.3
2017-07-02,24684
2017-07-03,24841.5
2017-07-04,25158.1
2017-07-05,25636.9
2017-07-06,26012.6
2017-07-07,26499.8
2017-07-08,26772.5
2017-07-09,26991.8
2017-07-10,27211.9
2017-07-11,27433
2017-07-12,27655.1
2017-07-13,27766.5
2017-07-14,27710.7
2017-07-15,27710.7
2017-07-16,27599.5
2017-07-17,27488.5
2017-07-18,27488.5
2017-07-19,27433
2017-07-20,27267.1
2017-07-21,27046.7
2017-07-22,26772.5
2017-07-23,26554.2
2017-07-24,26174.5
2017-07-25,25744
2017-07-26,25423.5
2017-07-27,25317.2
2017-07-28,25158.1
2017-07-29,25052.3
2017-07-30,24999.6
2017-07-31,25105.2
2017-08-01,25211.1
2017-08-02,25370.3
2017-08-03,25476.8
2017-08-04,25583.5
2017-08-05,25636.9
2017-08-06,25583.5
2017-08-07,25423.5
2017-08-08,25317.2
2017-08-09,25052.3
2017-08-10,24736.5
2017-08-11,24266.6
2017-08-12,23801.4
2017-08-13,23137.8
2017-08-14,22784.6
2017-08-15,22384.4
2017-08-16,21889.3
2017-08-17,21497.5
2017-08-18,21109.3
2017-08-19,20677
2017-08-20,20296.7
2017-08-21,20060.9
2017-08-22,19826.5
2017-08-23,19547.2
2017-08-24,19178
2017-08-25,18812.5
2017-08-26,18360.7
2017-08-27,17870.4
2017-08-28,17474.5
2017-08-29,17300
2017-08-30,17083.1
2017-08-31,16739.2
2017-09-01,16653.8
2017-09-02,16739.2
2017-09-03,16910.7
2017-09-04,17083.1
2017-09-05,17213.1
2017-09-06,17213.1
2017-09-07,17083.1
2017-09-08,17040
2017-09-09,16824.8
2017-09-10,16526.1
2017-09-11,16272.3
2017-09-12,16062.3
2017-09-13,15770.7
2017-09-14,15523.1
2017-09-15,15236.7
2017-09-16,14781.7
2017-09-17,14360.4
2017-09-18,13774.7
2017-09-19,13276.7
2017-09-20,13029.1
2017-09-21,12987.9
2017-09-22,12987.9
2017-09-23,13070.3
2017-09-24,13152.8
2017-09-25,13152.8
2017-09-26,13194.1
2017-09-27,13194.1
2017-09-28,13194.1
2017-09-29,13194.1
2017-09-30,13235.4
2017-10-01,13400.9
2017-10-02,13566.8
2017-10-03,13774.7
2017-10-04,14025.1
2017-10-05,14234.5
2017-10-06,14528.6
2017-10-07,14697.3
2017-10-08,14908.6
2017-10-09,15114.8
2017-10-10,15359.1
2017-10-11,15688
2017-10-12,15895.3
2017-10-13,16104.2
2017-10-14,16104.2
2017-10-15,16146.1
2017-10-16,16188.1
2017-10-17,16356.6
2017-10-18,16568.6
2017-10-19,16611.2
2017-10-20,16696.5
2017-10-21,16653.8
2017-10-22,16526.1
2017-10-23,16272.3
2017-10-24,16104.2
2017-10-25,15895.3
2017-10-26,15770.7
2017-10-27,15729.3
2017-10-28,15770.7
2017-10-29,15770.7
2017-10-30,15729.3
2017-10-31,15688
2017-11-01,15646.6
2017-11-02,15646.6
2017-11-03,15564.2
2017-11-04,15359.1
2017-11-05,15277.4
2017-11-06,15277.4
2017-11-07,15236.7
2017-11-08,15114.8
2017-11-09,14951
2017-11-10,14781.7
2017-11-11,14486.5
2017-11-12,14150.7
2017-11-13,13858.1
2017-11-14,13608.3
2017-11-15,13608.3
2017-11-16,13566.8
2017-11-17,13608.3
2017-11-18,13649.9
2017-11-19,13649.9
2017-11-20,13525.3
2017-11-21,13359.5
2017-11-22,13152.8
2017-11-23,12782.5
2017-11-24,12373.5
2017-11-25,11765.3
2017-11-26,11323.2
2017-11-27,11003.9
2017-11-28,10805.3
2017-11-29,10686.4
2017-11-30,10370.9
2017-12-01,9940.21
2017-12-02,9668.09
2017-12-03,9397.51
2017-12-04,9128.51
2017-12-05,8785.01
2017-12-06,8557.5
2017-12-07,8481.94
2017-12-08,8368.85
2017-12-09,8256.07
2017-12-10,8218.55
2017-12-11,8256.07
2017-12-12,8406.51
2017-12-13,8557.5
2017-12-14,8671.1
2017-12-15,8709.04
2017-12-16,8709.04
2017-12-17,8709.04
2017-12-18,8747
2017-12-19,8747
2017-12-20,8861.11
2017-12-21,8975.51
2017-12-22,9282.03
2017-12-23,9706.87
2017-12-24,10253.1
2017-12-25,10646.9
2017-12-26,10884.6
2017-12-27,11123.4
2017-12-28,11563.9
2017-12-29,12048.3
2017-12-30,12495.9
2017-12-31,12864.6
2018-01-01,13152.8
2018-01-02,13400.9
2018-01-03,13608.3
2018-01-04,13483.8
2018-01-05,13359.5
2018-01-06,13442.3
2018-01-07,13608.3
2018-01-08,13691.5
2018-01-09,13691.5
2018-01-10,13774.7
2018-01-11,13691.5
2018-01-12,13483.8
2018-01-13,13235.4
2018-01-14,13029.1
2018-01-15,12864.6
2018-01-16,12700.5
2018-01-17,12536.8
2018-01-18,12332.8
2018-01-19,12659.5
2018-01-20,13152.8
2018-01-21,13483.8
2018-01-22,13858.1
2018-01-23,14025.1
2018-01-24,14486.5
2018-01-25,14951
2018-01-26,15236.7
2018-01-27,15564.2
2018-01-28,15853.8
2018-01-29,15853.8
2018-01-30,15853.8
2018-01-31,15895.3
2018-02-01,15895.3
2018-02-02,15978.7
2018-02-03,15937
2018-02-04,15523.1
2018-02-05,15196
2018-02-06,14866.3
2018-02-07,14528.6
2018-02-08,14150.7
2018-02-09,13733.1
2018-02-10,13276.7
2018-02-11,13111.5
2018-02-12,12700.5
2018-02-13,12292.1
2018-02-14,11403.3
2018-02-15,11163.3
2018-02-16,11243.2
2018-02-17,11283.2
2018-02-18,11323.2
2018-02-19,11323.2
2018-02-20,11483.5
2018-02-21,11846
2018-02-22,12251.4
2018-02-23,12536.8
2018-02-24,12618.6
2018-02-25,12536.8
2018-02-26,12129.5
2018-02-27,11684.6
2018-02-28,11163.3
2018-03-01,10449.6
2018-03-02,9668.09
2018-03-03,9051.95
2018-03-04,8785.01
2018-03-05,8671.1
2018-03-06,8368.85
2018-03-07,8293.63
2018-03-08,8068.8
2018-03-09,7919.62
2018-03-10,7771
2018-03-11,7586.04
2018-03-12,7475.51
2018-03-13,7402
2018-03-14,7109.45
2018-03-15,6855.46
2018-03-16,6495.92
2018-03-17,6211.16
2018-03-18,5823.93
2018-03-19,5476.38
2018-03-20,5099.18
2018-03-21,4460.98
2018-03-22,4099.65
2018-03-23,3712.75
2018-03-24,3490.73
2018-03-25,3522.28
2018-03-26,3649.03
2018-03-27,3617.26
2018-03-28,4361.83
2018-03-29,5065.17
2018-03-30,5614.88
2018-03-31,6747.19
2018-04-01,8481.94
2018-04-02,10370.9
2018-04-03,12048.3
2018-04-04,13070.3
2018-04-05,13400.9
2018-04-06,13733.1
2018-04-07,14066.9
2018-04-08,14444.5
2018-04-09,14781.7
2018-04-10,15033.9
2018-04-11,15359.1
2018-04-12,15523.1
2018-04-13,15605.4
2018-04-14,15564.2
2018-04-15,15688
2018-04-16,15895.3
2018-04-17,16314.4
2018-04-18,16824.8
2018-04-19,17169.7
2018-04-20,17605.9
2018-04-21,18047.9
2018-04-22,18585.9
2018-04-23,19132.1
2018-04-24,19640.1
2018-04-25,20060.9
2018-04-26,20534
2018-04-27,21109.3
2018-04-28,21741.9
2018-04-29,22334.6
2018-04-30,22935.6
2018-05-01,23545
2018-05-02,24266.6
2018-05-03,25211.1
2018-05-04,26445.4
2018-05-05,26991.8
2018-05-06,27322.4
2018-05-07,27599.5
2018-05-08,27710.7
2018-05-09,28214.3
2018-05-10,28609.2
2018-05-11,29064.1
2018-05-12,29465.2
2018-05-13,29927.2
2018-05-14,30159.5
2018-05-15,30627.1
2018-05-16,30980.3
2018-05-17,31395
2018-05-18,31514
2018-05-19,31573.6
2018-05-20,31693
2018-05-21,31812.6
2018-05-22,31872.5
2018-05-23,31932.4
2018-05-24,32112.6
2018-05-25,32535.2
2018-05-26,33082.7
2018-05-27,33327.6
2018-05-28,33758.4
2018-05-29,34067.9
2018-05-30,34378.9
2018-05-31,34566.2
2018-06-01,34816.8
2018-06-02,34879.5
2018-06-03,34942.4
2018-06-04,34942.4
2018-06-05,34879.5
2018-06-06,34754
2018-06-07,34691.4
2018-06-08,34566.2
2018-06-09,34816.8
2018-06-10,34754
2018-06-11,34754
2018-06-12,34691.4
2018-06-13,34566.2
2018-06-14,34441.3
2018-06-15,34316.6
2018-06-16,34316.6
2018-06-17,34566.2
2018-06-18,34691.4
2018-06-19,34816.8
2018-06-20,34942.4
2018-06-21,35068.3
2018-06-22,35194.4
2018-06-23,35320.7
2018-06-24,35447.3
2018-06-25,35574.1
2018-06-26,35637.6
2018-06-27,35764.8
2018-06-28,35956
2018-06-29,36083.8
2018-06-30,36083.8
2018-07-01,35956
2018-07-02,35828.5
2018-07-03,35701.2
2018-07-04,35637.6
2018-07-05,35574.1
2018-07-06,35637.6
2018-07-07,35510.7
2018-07-08,35384
2018-07-09,35320.7
2018-07-10,35257.5
2018-07-11,35194.4
2018-07-12,35194.4
2018-07-13,35068.3
2018-07-14,35005.3
2018-07-15,35005.3
2018-07-16,35068.3
2018-07-17,35068.3
2018-07-18,34942.4
2018-07-19,34879.5
2018-07-20,34879.5
2018-07-21,34816.8
2018-07-22,34628.7
2018-07-23,34566.2
2018-07-24,34441.3
2018-07-25,34503.7
2018-07-26,34503.7
2018-07-27,34441.3
2018-07-28,34441.3
2018-07-29,34503.7
2018-07-30,34754
2018-07-31,34879.5
2018-08-01,35005.3
2018-08-02,35068.3
2018-08-03,35194.4
2018-08-04,35320.7
2018-08-05,35384
2018-08-06,35384
2018-08-07,35384
2018-08-08,35384
2018-08-09,35257.5
2018-08-10,35005.3
2018-08-11,34754
2018-08-12,34441.3
2018-08-13,34067.9
2018-08-14,33696.7
2018-08-15,33450.4
2018-08-16,33205
2018-08-17,32899.7
2018-08-18,32595.8
2018-08-19,32233
2018-08-20,31872.5
2018-08-21,31454.5
2018-08-22,31098.5
2018-08-23,30627.1
2018-08-24,30101.3
2018-08-25,29522.8
2018-08-26,29007
2018-08-27,28496.1
2018-08-28,28045.9
2018-08-29,27599.5
2018-08-30,27211.9
2018-08-31,26882
2018-09-01,26991.8
2018-09-02,26336.9
2018-09-03,26282.7
2018-09-04,26282.7
2018-09-05,26228.5
2018-09-06,26120.4
2018-09-07,26120.4
2018-09-08,26066.5
2018-09-09,25905
2018-09-10,25690.4
2018-09-11,25583.5
2018-09-12,25423.5
2018-09-13,25317.2
2018-09-14,25105.2
2018-09-15,24789
2018-09-16,24318.6
2018-09-17,23852.9
2018-09-18,23290.1
2018-09-19,22734.4
2018-09-20,22235.3
2018-09-21,21791
2018-09-22,21448.7
2018-09-23,21157.6
2018-09-24,20916.6
2018-09-25,20629.3
2018-09-26,20296.7
2018-09-27,19920.1
2018-09-28,19408.3
2018-09-29,18949.1
2018-09-30,18315.9
2018-10-01,17870.4
2018-10-02,17562.1
2018-10-03,17126.4
2018-10-04,16653.8
2018-10-05,16146.1
2018-10-06,15482
2018-10-07,14781.7
2018-10-08,14025.1
2018-10-09,13691.5
2018-10-10,13483.8
2018-10-11,13152.8
2018-10-12,12659.5
2018-10-13,12210.7
2018-10-14,11846
2018-10-15,11563.9
2018-10-16,11323.2
2018-10-17,11163.3
2018-10-18,11003.9
2018-10-19,10805.3
2018-10-20,10646.9
2018-10-21,10567.9
2018-10-22,10686.4
2018-10-23,10805.3
2018-10-24,10844.9
2018-10-25,10805.3
2018-10-26,10884.6
2018-10-27,10964.1
2018-10-28,11043.7
2018-10-29,11123.4
2018-10-30,11243.2
2018-10-31,11283.2
2018-11-01,11203.2
2018-11-02,11083.5
2018-11-03,11003.9
2018-11-04,10924.3
2018-11-05,10844.9
2018-11-06,10765.6
2018-11-07,10726
2018-11-08,10646.9
2018-11-09,10528.4
2018-11-10,10528.4
2018-11-11,10489
2018-11-12,10410.2
2018-11-13,10331.6
2018-11-14,10292.3
2018-11-15,10292.3
2018-11-16,10331.6
2018-11-17,10331.6
2018-11-18,10292.3
2018-11-19,10292.3
2018-11-20,10292.3
2018-11-21,10331.6
2018-11-22,10410.2
2018-11-23,10844.9
2018-11-24,11283.2
2018-11-25,11886.4
2018-11-26,12373.5
2018-11-27,12905.7
2018-11-28,13400.9
2018-11-29,13816.4
2018-11-30,14192.6
2018-12-01,14612.9
2018-12-02,15033.9
2018-12-03,15318.2
2018-12-04,15564.2
2018-12-05,15937
2018-12-06,16483.6
2018-12-07,16996.8
2018-12-08,17430.8
2018-12-09,17737.9
2018-12-10,17782
2018-12-11,17649.9
2018-12-12,17430.8
2018-12-13,17126.4
2018-12-14,16867.8
2018-12-15,16739.2
2018-12-16,16611.2
2018-12-17,16611.2
2018-12-18,16568.6
2018-12-19,16398.9
2018-12-20,16188.1
2018-12-21,16020.5
2018-12-22,16020.5
2018-12-23,15853.8
2018-12-24,15605.4
2018-12-25,15400
2018-12-26,15277.4
2018-12-27,15114.8
2018-12-28,14951
2018-12-29,14697.3
2018-12-30,14444.5
2018-12-31,14234.5
2019-01-01,14150.7
2019-01-02,14108.8
2019-01-03,14108.8
2019-01-04,14025.1
2019-01-05,13941.6
2019-01-06,13816.4
2019-01-07,13318.1
2019-01-08,12905.7
2019-01-09,12741.4
2019-01-10,12700.5
2019-01-11,12823.5
2019-01-12,12987.9
2019-01-13,13111.5
2019-01-14,13318.1
2019-01-15,13359.5
2019-01-16,13318.1
2019-01-17,13194.1
2019-01-18,13111.5
2019-01-19,13029.1
2019-01-20,13029.1
2019-01-21,13608.3
2019-01-22,13983.3
2019-01-23,14192.6
2019-01-24,14655.1
2019-01-25,15033.9
2019-01-26,15359.1
2019-01-27,15605.4
2019-01-28,15812.2
2019-01-29,15978.7
2019-01-30,16020.5
2019-01-31,15895.3
2019-02-01,15688
2019-02-02,15523.1
2019-02-03,15359.1
2019-02-04,15359.1
2019-02-05,15236.7
2019-02-06,15236.7
2019-02-07,15318.2
2019-02-08,15400
2019-02-09,15646.6
2019-02-10,15937
2019-02-11,16272.3
2019-02-12,16483.6
2019-02-13,16568.6
2019-02-14,16696.5
2019-02-15,16782
2019-02-16,16867.8
2019-02-17,16953.7
2019-02-18,16824.8
2019-02-19,16611.2
2019-02-20,16356.6
2019-02-21,15937
2019-02-22,15482
2019-02-23,14866.3
2019-02-24,14150.7
2019-02-25,13442.3
2019-02-26,12864.6
2019-02-27,12455.1
2019-02-28,12088.9
2019-03-01,11523.7
2019-03-02,11003.9
2019-03-03,10528.4
2019-03-04,10096.4
2019-03-05,9629.34
2019-03-06,9205.21
2019-03-07,9051.95
2019-03-08,8785.01
2019-03-09,8481.94
2019-03-10,8218.55
2019-03-11,8218.55
2019-03-12,8406.51
2019-03-13,8331.22
2019-03-14,8331.22
2019-03-15,8368.85
2019-03-16,8481.94
2019-03-17,8671.1
2019-03-18,8785.01
2019-03-19,8937.34
2019-03-20,9051.95
2019-03-21,9205.21
2019-03-22,9282.03
2019-03-23,9282.03
2019-03-24,9243.6
2019-03-25,9205.21
2019-03-26,9166.84
2019-03-27,9013.71
2019-03-28,8899.21
2019-03-29,8975.51
2019-03-30,9051.95
2019-03-31,9090.21
2019-04-01,9320.49
2019-04-02,9436.07
2019-04-03,9784.53
2019-04-04,9940.21
2019-04-05,10096.4
2019-04-06,10331.6
2019-04-07,10528.4
2019-04-08,10607.4
2019-04-09,10567.9
2019-04-10,10567.9
2019-04-11,10489
2019-04-12,10646.9
2019-04-13,10765.6
2019-04-14,10964.1
2019-04-15,11123.4
2019-04-16,11203.2
2019-04-17,11443.4
2019-04-18,11765.3
2019-04-19,12251.4
2019-04-20,12946.8
2019-04-21,13899.8
2019-04-22,14528.6
2019-04-23,15114.8
2019-04-24,15729.3
2019-04-25,16272.3
2019-04-26,16867.8
2019-04-27,17518.2
2019-04-28,18450.6
2019-04-29,19316
2019-04-30,20013.9
2019-05-01,20249.4
2019-05-02,20296.7
2019-05-03,20581.6
2019-05-04,21012.8
2019-05-05,21644
2019-05-06,22434.2
2019-05-07,23188.5
2019-05-08,24007.6
2019-05-09,24894.2
2019-05-10,25744
2019-05-11,26499.8
2019-05-12,26936.9
2019-05-13,27377.7
2019-05-14,27822.2
2019-05-15,28102
2019-05-16,28496.1
2019-05-17,28950
2019-05-18,29407.7
2019-05-19,29927.2
2019-05-20,30627.1
2019-05-21,31335.6
2019-05-22,32052.5
2019-05-23,32777.9
2019-05-24,33511.9
2019-05-25,34254.3
2019-05-26,34754
2019-05-27,35257.5
2019-05-28,35637.6
2019-05-29,35892.2
2019-05-30,35956
2019-05-31,36147.8
2019-06-01,36404.3
2019-06-02,36597.3
2019-06-03,36661.7
2019-06-04,36726.2
2019-06-05,36726.2
2019-06-06,36532.9
2019-06-07,36275.9
2019-06-08,36083.8
2019-06-09,35892.2
2019-06-10,35637.6
2019-06-11,35384
2019-06-12,35131.3
2019-06-13,35005.3
2019-06-14,34879.5
2019-06-15,34754
2019-06-16,34628.7
2019-06-17,34503.7
2019-06-18,34254.3
2019-06-19,34130
2019-06-20,33943.9
2019-06-21,33943.9
2019-06-22,33943.9
2019-06-23,33882
2019-06-24,33758.4
2019-06-25,33635
2019-06-26,33511.9
2019-06-27,33388.9
2019-06-28,33266.3
2019-06-29,33205
2019-06-30,33205
2019-07-01,33143.8
2019-07-02,32960.6
2019-07-03,32899.7
2019-07-04,32838.8
2019-07-05,32838.8
2019-07-06,32838.8
2019-07-07,32899.7
2019-07-08,32899.7
2019-07-09,32960.6
2019-07-10,33021.6
2019-07-11,33082.7
2019-07-12,33205
2019-07-13,33205
2019-07-14,33266.3
2019-07-15,33205
2019-07-16,33082.7
2019-07-17,32838.8
2019-07-18,32656.4
2019-07-19,32414.1
2019-07-20,32112.6
2019-07-21,31872.5
2019-07-22,31633.2
2019-07-23,31157.6
2019-07-24,30744.6
2019-07-25,30276.1
2019-07-26,29927.2
2019-07-27,29580.3
2019-07-28,29465.2
2019-07-29,29293
2019-07-30,29121.2
2019-07-31,29064.1
2019-08-01,28950
2019-08-02,28950
2019-08-03,28950
2019-08-04,29064.1
2019-08-05,29007
2019-08-06,28950
2019-08-07,28779.4
2019-08-08,28496.1
2019-08-09,28045.9
2019-08-10,27599.5
2019-08-11,27156.8
2019-08-12,26717.9
2019-08-13,26282.7
2019-08-14,25851.2
2019-08-15,25317.2
2019-08-16,24789
2019-08-17,24736.5
2019-08-18,24736.5
2019-08-19,24841.5
2019-08-20,24999.6
2019-08-21,25105.2
2019-08-22,25264.1
2019-08-23,25211.1
2019-08-24,24999.6
2019-08-25,24789
2019-08-26,24579.3
2019-08-27,24474.8
2019-08-28,24318.6
2019-08-29,24162.8
2019-08-30,23904.4
2019-08-31,23442.9
2019-09-01,23087.2
2019-09-02,22784.6
2019-09-03,22384.4
2019-09-04,21987.9
2019-09-05,21595.1
2019-09-06,21351.5
2019-09-07,21061
2019-09-08,20677
2019-09-09,20202.2
2019-09-10,19779.8
2019-09-11,19362.1
2019-09-12,18994.8
2019-09-13,18676.3
2019-09-14,18360.7
2019-09-15,18092.4
2019-09-16,17826.2
2019-09-17,17562.1
2019-09-18,17126.4
2019-09-19,16696.5
2019-09-20,16398.9
2019-09-21,16188.1
2019-09-22,15937
2019-09-23,15812.2
2019-09-24,15564.2
2019-09-25,15359.1
2019-09-26,15155.4
2019-09-27,15114.8
2019-09-28,15114.8
2019-09-29,15033.9
2019-09-30,14993.3
2019-10-01,14993.3
2019-10-02,15114.8
2019-10-03,15155.4
2019-10-04,15155.4
2019-10-05,15114.8
2019-10-06,14993.3
2019-10-07,14739.5
2019-10-08,14655.1
2019-10-09,14570.8
2019-10-10,14402.4
2019-10-11,14234.5
2019-10-12,14192.6
2019-10-13,14402.4
2019-10-14,14697.3
2019-10-15,15196
2019-10-16,15482
2019-10-17,15729.3
2019-10-18,15978.7
2019-10-19,16398.9
2019-10-20,16611.2
2019-10-21,16782
2019-10-22,16953.7
2019-10-23,16996.8
2019-10-24,17040
2019-10-25,16996.8
2019-10-26,16910.7
2019-10-27,16739.2
2019-10-28,16526.1
2019-10-29,16314.4
2019-10-30,16230.1
2019-10-31,15978.7
2019-11-01,15688
2019-11-02,15359.1
2019-11-03,15033.9
2019-11-04,14697.3
2019-11-05,14360.4
2019-11-06,14150.7
2019-11-07,13774.7
2019-11-08,13442.3
2019-11-09,13235.4
2019-11-10,13235.4
2019-11-11,13359.5
2019-11-12,13649.9
2019-11-13,14108.8
2019-11-14,14528.6
2019-11-15,14993.3
2019-11-16,15523.1
2019-11-17,16104.2
2019-11-18,16611.2
2019-11-19,17083.1
2019-11-20,17474.5
2019-11-21,17693.9
2019-11-22,17782
2019-11-23,17693.9
2019-11-24,17343.5
2019-11-25,16824.8
2019-11-26,16653.8
2019-11-27,16230.1
2019-11-28,15812.2
2019-11-29,15400
2019-11-30,15074.3
2019-12-01,14739.5
2019-12-02,14570.8
2019-12-03,14402.4
2019-12-04,14192.6
2019-12-05,13899.8
2019-12-06,13483.8
2019-12-07,13152.8
2019-12-08,12864.6
2019-12-09,12618.6
2019-12-10,12618.6
2019-12-11,12741.4
2019-12-12,12946.8
2019-12-13,13194.1
2019-12-14,13483.8
2019-12-15,13649.9
2019-12-16,13816.4
2019-12-17,14025.1
2019-12-18,14234.5
2019-12-19,14360.4
2019-12-20,14612.9
2019-12-21,14866.3
2019-12-22,15155.4
2019-12-23,15482
2019-12-24,15770.7
2019-12-25,16230.1
2019-12-26,16653.8
2019-12-27,16996.8
2019-12-28,17343.5
2019-12-29,17649.9
2019-12-30,17914.7
2019-12-31,18181.6
2020-01-01,18450.6
2020-01-02,18721.6
2020-01-03,18903.5
2020-01-04,18994.8
2020-01-05,18994.8
2020-01-06,18767
2020-01-07,18360.7
2020-01-08,17870.4
2020-01-09,17256.5
2020-01-10,16526.1
2020-01-11,15688
2020-01-12,14866.3
2020-01-13,13941.6
2020-01-14,13029.1
2020-01-15,12251.4
2020-01-16,11724.9
2020-01-17,11443.4
2020-01-18,11203.2
2020-01-19,11083.5
2020-01-20,11083.5
2020-01-21,11363.2
2020-01-22,11926.8
2020-01-23,12210.7
2020-01-24,12292.1
2020-01-25,12414.3
2020-01-26,12495.9
2020-01-27,12577.7
2020-01-28,12659.5
2020-01-29,12741.4
2020-01-30,12659.5
2020-01-31,12455.1
2020-02-01,12170.1
2020-02-02,11805.6
2020-02-03,11363.2
2020-02-04,10924.3
2020-02-05,10528.4
2020-02-06,10135.5
2020-02-07,9745.68
2020-02-08,9436.07
2020-02-09,9166.84
2020-02-10,8937.34
2020-02-11,8671.1
2020-02-12,8368.85
2020-02-13,8068.8
2020-02-14,7771
2020-02-15,7475.51
2020-02-16,7255.42
2020-02-17,7109.45
2020-02-18,6891.63
2020-02-19,6603.37
2020-02-20,6317.65
2020-02-21,6034.52
2020-02-22,5858.92
2020-02-23,5929.04
2020-02-24,5999.32
2020-02-25,6140.38
2020-02-26,6282.11
2020-02-27,6424.49
2020-02-28,6495.92
2020-02-29,6639.27
2020-03-01,6711.17
2020-03-02,7073.05
2020-03-03,7328.64
2020-03-04,7586.04
2020-03-05,7882.41
2020-03-06,8218.55
2020-03-07,8557.5
2020-03-08,8975.51
2020-03-09,9436.07
2020-03-10,9784.53
2020-03-11,9940.21
2020-03-12,9940.21
2020-03-13,9862.31
2020-03-14,9823.4
2020-03-15,9668.09
2020-03-16,9590.63
2020-03-17,9474.66
2020-03-18,9436.07
2020-03-19,9590.63
2020-03-20,9979.22
2020-03-21,10528.4
2020-03-22,10924.3
2020-03-23,10924.3
2020-03-24,10765.6
2020-03-25,10370.9
2020-03-26,9979.22
2020-03-27,9629.34
2020-03-28,9320.49
2020-03-29,9090.21
2020-03-30,8937.34
2020-03-31,8861.11
2020-04-01,8709.04
2020-04-02,8823.04
2020-04-03,9590.63
2020-04-04,10607.4
2020-04-05,11846
2020-04-06,12864.6
2020-04-07,13649.9
2020-04-08,14528.6
2020-04-09,15033.9
2020-04-10,15646.6
2020-04-11,16188.1
2020-04-12,16824.8
2020-04-13,17474.5
2020-04-14,18137
2020-04-15,18721.6
2020-04-16,19454.6
2020-04-17,19873.3
2020-04-18,20155.1
2020-04-19,20249.4
2020-04-20,20249.4
2020-04-21,20249.4
2020-04-22,20391.5
2020-04-23,20581.6
2020-04-24,20820.6
2020-04-25,21157.6
2020-04-26,21351.5
2020-04-27,21595.1
2020-04-28,21741.9
2020-04-29,21791
2020-04-30,21692.9
2020-05-01,21546.2
2020-05-02,21254.4
2020-05-03,20964.7
2020-05-04,20772.7
2020-05-05,20820.6
2020-05-06,21061
2020-05-07,21400.1
2020-05-08,21938.6
2020-05-09,22434.2
2020-05-10,22834.9
2020-05-11,23137.8
2020-05-12,23750
2020-05-13,24059.3
2020-05-14,24527.1
2020-05-15,25158.1
2020-05-16,25958.7
2020-05-17,26608.7
2020-05-18,27267.1
2020-05-19,27822.2
2020-05-20,28383.2
2020-05-21,28836.2
2020-05-22,29064.1
2020-05-23,29350.3
2020-05-24,29580.3
2020-05-25,29811.3
2020-05-26,30043.2
2020-05-27,30334.4
2020-05-28,30392.8
2020-05-29,30509.9
2020-05-30,30803.4
2020-05-31,31098.5
2020-06-01,31395
2020-06-02,31633.2
2020-06-03,31633.2
2020-06-04,31573.6
2020-06-05,31395
2020-06-06,31216.9
2020-06-07,31039.3
2020-06-08,30685.8
2020-06-09,30334.4
2020-06-10,29927.2
2020-06-11,29580.3
2020-06-12,29293
2020-06-13,29121.2
2020-06-14,29007
2020-06-15,28893.1
2020-06-16,28836.2
2020-06-17,28779.4
2020-06-18,28722.6
2020-06-19,28836.2
2020-06-20,28950
2020-06-21,29064.1
2020-06-22,29178.4
2020-06-23,29293
2020-06-24,29293
2020-06-25,29064.1
2020-06-26,28779.4
2020-06-27,28665.9
2020-06-28,28496.1
2020-06-29,28439.6
2020-06-30,28722.6
2020-07-01,29007
2020-07-02,29235.7
2020-07-03,29350.3
2020-07-04,29407.7
2020-07-05,29522.8
2020-07-06,29638
2020-07-07,29811.3
2020-07-08,30101.3
2020-07-09,30334.4
2020-07-10,30568.5
2020-07-11,30744.6
2020-07-12,30862.3
2020-07-13,30862.3
2020-07-14,30862.3
2020-07-15,30744.6
2020-07-16,30568.5
2020-07-17,30276.1
2020-07-18,30043.2
2020-07-19,29811.3
2020-07-20,29580.3
2020-07-21,29407.7
2020-07-22,29350.3
2020-07-23,29293
2020-07-24,29293
2020-07-25,29293
2020-07-26,29293
2020-07-27,29235.7
2020-07-28,29235.7
2020-07-29,29235.7
2020-07-30,29178.4
2020-07-31,29178.4
2020-08-01,29121.2
2020-08-02,28836.2
2020-08-03,28552.6
2020-08-04,28158.1
2020-08-05,27655.1
2020-08-06,27101.7
2020-08-07,26499.8
2020-08-08,25905
2020-08-09,25158.1
2020-08-10,24527.1
2020-08-11,24007.6
2020-08-12,23596.2
2020-08-13,23290.1
2020-08-14,22986.1
2020-08-15,22784.6
2020-08-16,22634.1
2020-08-17,22484.1
2020-08-18,22235.3
2020-08-19,22086.6
2020-08-20,21840.1
2020-08-21,21595.1
2020-08-22,21254.4
2020-08-23,20868.6
2020-08-24,20391.5
2020-08-25,19873.3
2020-08-26,19362.1
2020-08-27,18721.6
2020-08-28,18047.9
2020-08-29,17562.1
2020-08-30,17169.7
2020-08-31,16824.8
2020-09-01,16611.2
2020-09-02,16483.6
2020-09-03,16314.4
2020-09-04,16062.3
2020-09-05,15812.2
2020-09-06,15564.2
2020-09-07,15277.4
2020-09-08,14993.3
2020-09-09,14824
2020-09-10,14528.6
2020-09-11,14318.4
2020-09-12,14066.9
2020-09-13,13983.3
2020-09-14,13816.4
2020-09-15,13566.8
2020-09-16,13194.1
2020-09-17,12864.6
2020-09-18,12577.7
2020-09-19,12332.8
2020-09-20,12170.1
2020-09-21,11926.8
2020-09-22,11684.6
2020-09-23,11523.7
2020-09-24,11363.2
2020-09-25,11163.3
2020-09-26,11243.2
2020-09-27,11363.2
2020-09-28,11363.2
2020-09-29,11403.3
2020-09-30,11483.5
2020-10-01,11724.9
2020-10-02,11926.8
2020-10-03,12007.8
2020-10-04,12007.8
2020-10-05,12088.9
2020-10-06,12129.5
2020-10-07,12292.1
2020-10-08,12536.8
2020-10-09,12741.4
2020-10-10,12782.5
2020-10-11,12946.8
2020-10-12,13235.4
2020-10-13,13442.3
2020-10-14,13525.3
2020-10-15,13525.3
2020-10-16,13400.9
2020-10-17,13235.4
2020-10-18,13029.1
2020-10-19,12700.5
2020-10-20,12495.9
2020-10-21,12292.1
2020-10-22,11967.3
2020-10-23,11724.9
2020-10-24,11443.4
2020-10-25,11203.2
2020-10-26,11003.9
2020-10-27,10765.6
2020-10-28,10686.4
2020-10-29,10646.9
2020-10-30,10765.6
2020-10-31,10924.3
2020-11-01,11043.7
2020-11-02,11043.7
2020-11-03,11123.4
2020-11-04,11323.2
2020-11-05,11644.4
2020-11-06,11926.8
2020-11-07,12210.7
2020-11-08,12414.3
2020-11-09,12782.5
2020-11-10,13194.1
2020-11-11,13566.8
2020-11-12,13941.6
2020-11-13,14360.4
2020-11-14,14697.3
2020-11-15,14866.3
2020-11-16,15033.9
2020-11-17,15236.7
2020-11-18,15318.2
2020-11-19,14993.3
2020-11-20,14739.5
2020-11-21,14570.8
2020-11-22,14234.5
2020-11-23,13983.3
2020-11-24,13691.5
2020-11-25,13483.8
2020-11-26,13483.8
2020-11-27,13400.9
2020-11-28,13566.8
2020-11-29,13733.1
2020-11-30,13858.1
2020-12-01,13941.6
2020-12-02,14066.9
2020-12-03,14276.4
2020-12-04,14739.5
2020-12-05,15236.7
2020-12-06,15688
2020-12-07,16104.2
2020-12-08,16398.9
2020-12-09,16526.1
2020-12-10,16611.2
2020-12-11,16568.6
2020-12-12,16441.3
2020-12-13,16314.4
2020-12-14,16104.2
2020-12-15,15978.7
2020-12-16,15812.2
2020-12-17,15646.6
2020-12-18,15441
2020-12-19,15236.7
2020-12-20,15074.3
2020-12-21,14908.6
2020-12-22,14908.6
2020-12-23,14739.5
2020-12-24,14612.9
2020-12-25,14739.5
2020-12-26,14993.3
2020-12-27,15318.2
2020-12-28,15729.3
2020-12-29,16104.2
2020-12-30,16653.8
2020-12-31,17126.4
2021-01-01,17562.1
2021-01-02,17870.4
2021-01-03,18092.4
2021-01-04,18226.3
2021-01-05,18315.9
2021-01-06,18495.6
2021-01-07,18857.9
2021-01-08,19269.9
2021-01-09,19593.6
2021-01-10,19873.3
2021-01-11,20296.7
2021-01-12,20820.6
2021-01-13,21254.4
2021-01-14,21595.1
2021-01-15,21741.9
2021-01-16,21791
2021-01-17,21692.9
2021-01-18,21644
2021-01-19,21595.1
2021-01-20,21644
2021-01-21,21741.9
2021-01-22,21938.6
2021-01-23,22284.9
2021-01-24,22584
2021-01-25,22885.2
2021-01-26,23188.5
2021-01-27,23493.9
2021-01-28,23698.7
2021-01-29,23904.4
2021-01-30,24111
2021-01-31,24162.8
2021-02-01,24059.3
2021-02-02,24007.6
2021-02-03,23801.4
2021-02-04,23493.9
2021-02-05,23137.8
2021-02-06,22834.9
2021-02-07,22534
2021-02-08,22284.9
2021-02-09,22136.1
2021-02-10,22086.6
2021-02-11,22037.2
2021-02-12,22037.2
2021-02-13,21938.6
2021-02-14,21791
2021-02-15,21448.7
2021-02-16,21012.8
2021-02-17,20581.6
2021-02-18,20155.1
2021-02-19,19873.3
2021-02-20,19500.9
2021-02-21,19040.5
2021-02-22,18405.6
2021-02-23,17914.7
2021-02-24,17518.2
2021-02-25,16867.8
2021-02-26,16272.3
2021-02-27,15770.7
2021-02-28,15441
2021-03-01,15277.4
2021-03-02,15277.4
2021-03-03,15441
2021-03-04,15812.2
2021-03-05,15978.7
2021-03-06,16062.3
2021-03-07,16062.3
2021-03-08,16230.1
2021-03-09,16483.6
2021-03-10,16526.1
2021-03-11,16398.9
2021-03-12,16568.6
2021-03-13,16996.8
2021-03-14,17387.1
2021-03-15,17826.2
2021-03-16,18226.3
2021-03-17,18585.9
2021-03-18,18903.5
2021-03-19,19132.1
2021-03-20,19362.1
2021-03-21,19547.2
2021-03-22,19640.1
2021-03-23,19920.1
2021-03-24,20013.9
2021-03-25,19967
2021-03-26,19920.1
2021-03-27,19873.3
2021-03-28,19873.3
2021-03-29,19779.8
2021-03-30,19826.5
2021-03-31,20060.9
2021-04-01,20534
2021-04-02,21157.6
2021-04-03,21840.1
2021-04-04,22634.1
2021-04-05,23290.1
2021-04-06,23852.9
2021-04-07,24422.7
2021-04-08,24894.2
2021-04-09,25370.3
2021-04-10,25958.7
2021-04-11,26554.2
2021-04-12,27101.7
2021-04-13,27433
2021-04-14,27822.2
2021-04-15,28158.1
2021-04-16,28496.1
2021-04-17,28609.2
2021-04-18,28722.6
2021-04-19,28722.6
2021-04-20,28836.2
2021-04-21,28950
2021-04-22,29121.2
2021-04-23,29178.4
2021-04-24,29235.7
2021-04-25,29235.7
2021-04-26,29178.4
2021-04-27,29121.2
2021-04-28,29064.1
2021-04-29,28893.1
2021-04-30,28722.6
2021-05-01,28609.2
2021-05-02,28893.1
2021-05-03,29178.4
2021-05-04,29580.3
2021-05-05,29753.5
2021-05-06,29927.2
2021-05-07,30334.4
2021-05-08,30685.8
2021-05-09,31157.6
2021-05-10,31395
2021-05-11,31573.6
2021-05-12,31693
2021-05-13,31812.6
2021-05-14,31812.6
2021-05-15,31872.5
2021-05-16,31872.5
2021-05-17,31872.5
2021-05-18,31812.6
2021-05-19,31932.4
2021-05-20,32052.5
2021-05-21,32172.8
2021-05-22,32353.7
2021-05-23,32535.2
2021-05-24,32838.8
2021-05-25,32960.6
2021-05-26,33635
2021-05-27,34005.9
2021-05-28,34130
2021-05-29,34130
2021-05-30,34130
2021-05-31,34130
2021-06-01,34254.3
2021-06-02,34254.3
2021-06-03,34254.3
2021-06-04,34441.3
2021-06-05,34566.2
2021-06-06,34503.7
2021-06-07,34566.2
2021-06-08,34503.7
2021-06-09,34879.5
2021-06-10,34942.4
2021-06-11,35068.3
2021-06-12,35131.3
2021-06-13,35257.5
2021-06-14,35257.5
2021-06-15,35447.3
2021-06-16,35510.7
2021-06-17,35574.1
2021-06-18,35510.7
2021-06-19,35510.7
2021-06-20,35510.7
2021-06-21,35384
2021-06-22,35257.5
2021-06-23,35131.3
2021-06-24,35131.3
2021-06-25,35068.3
2021-06-26,35005.3
2021-06-27,34879.5
2021-06-28,34691.4
2021-06-29,34503.7
2021-06-30,34254.3
2021-07-01,34067.9
2021-07-02,33882
2021-07-03,33635
2021-07-04,33573.4
2021-07-05,33327.6
2021-07-06,33143.8
2021-07-07,33021.6
2021-07-08,32960.6
2021-07-09,32838.8
2021-07-10,32656.4
2021-07-11,32474.6
2021-07-12,32172.8
2021-07-13,31872.5
2021-07-14,31454.5
2021-07-15,31039.3
2021-07-16,30685.8
2021-07-17,30334.4
2021-07-18,29985.2
2021-07-19,29753.5
2021-07-20,29407.7
2021-07-21,29235.7
2021-07-22,29007
2021-07-23,28779.4
2021-07-24,28609.2
2021-07-25,28383.2
2021-07-26,28383.2
2021-07-27,28552.6
2021-07-28,28779.4
2021-07-29,28950
2021-07-30,29064.1
2021-07-31,29178.4
2021-08-01,29350.3
2021-08-02,29407.7
2021-08-03,29465.2
2021-08-04,29465.2
2021-08-05,29235.7
2021-08-06,28836.2
2021-08-07,28496.1
2021-08-08,28158.1
2021-08-09,27822.2
2021-08-10,27599.5
2021-08-11,27433
2021-08-12,27267.1
2021-08-13,27156.8
2021-08-14,27156.8
2021-08-15,27046.7
2021-08-16,26882
2021-08-17,26717.9
2021-08-18,26499.8
2021-08-19,26282.7
2021-08-20,26012.6
2021-08-21,25744
2021-08-22,25423.5
2021-08-23,25264.1
2021-08-24,25052.3
2021-08-25,24736.5
2021-08-26,24474.8
2021-08-27,24162.8
2021-08-28,23904.4
2021-08-29,23852.9
2021-08-30,23801.4
2021-08-31,23647.4
2021-09-01,23493.9
2021-09-02,23647.4
2021-09-03,23852.9
2021-09-04,24007.6
2021-09-05,24007.6
2021-09-06,24007.6
2021-09-07,24007.6
2021-09-08,24111
2021-09-09,24214.7
2021-09-10,24318.6
2021-09-11,24422.7
2021-09-12,24370.6
2021-09-13,24111
2021-09-14,23750
2021-09-15,23391.9
2021-09-16,23087.2
2021-09-17,22834.9
2021-09-18,22584
2021-09-19,22484.1
2021-09-20,22384.4
2021-09-21,22235.3
2021-09-22,21938.6
2021-09-23,21741.9
2021-09-24,21791
2021-09-25,21889.3
2021-09-26,22136.1
2021-09-27,22484.1
2021-09-28,22784.6
2021-09-29,22986.1
2021-09-30,23137.8
2021-10-01,23188.5
2021-10-02,23087.2
2021-10-03,22986.1
2021-10-04,22784.6
2021-10-05,22434.2
2021-10-06,21987.9
2021-10-07,21644
2021-10-08,21206
2021-10-09,20677
2021-10-10,20391.5
2021-10-11,20202.2
2021-10-12,20108
2021-10-13,20060.9
2021-10-14,19967
2021-10-15,19779.8
2021-10-16,19779.8
2021-10-17,19686.6
2021-10-18,19500.9
2021-10-19,19362.1
2021-10-20,19040.5
2021-10-21,18812.5
2021-10-22,18540.7
2021-10-23,18226.3
2021-10-24,17914.7
2021-10-25,17693.9
2021-10-26,17474.5
2021-10-27,17256.5
2021-10-28,17256.5
2021-10-29,17343.5
2021-10-30,17430.8
2021-10-31,17430.8
2021-11-01,17518.2
2021-11-02,17649.9
2021-11-03,17826.2
2021-11-04,18003.5
2021-11-05,18003.5
2021-11-06,17737.9
2021-11-07,17605.9
2021-11-08,17605.9
2021-11-09,17826.2
2021-11-10,18226.3
2021-11-11,18676.3
2021-11-12,19086.3
2021-11-13,19500.9
2021-11-14,19733.2
2021-11-15,19873.3
2021-11-16,20060.9
2021-11-17,20155.1
2021-11-18,20202.2
2021-11-19,20296.7
2021-11-20,20344.1
2021-11-21,20344.1
2021-11-22,20344.1
2021-11-23,20344.1
2021-11-24,20296.7
2021-11-25,20202.2
2021-11-26,20155.1
2021-11-27,20155.1
2021-11-28,20060.9
2021-11-29,19873.3
2021-11-30,19733.2
2021-12-01,19640.1
2021-12-02,19362.1
2021-12-03,18994.8
2021-12-04,18631.1
2021-12-05,18585.9
2021-12-06,18676.3
2021-12-07,18857.9
2021-12-08,19178
2021-12-09,19454.6
2021-12-10,19686.6
2021-12-11,20013.9
2021-12-12,19873.3
2021-12-13,19873.3
2021-12-14,19920.1
2021-12-15,20060.9
2021-12-16,20108
2021-12-17,20202.2
2021-12-18,20344.1
2021-12-19,20534
2021-12-20,20772.7
2021-12-21,20868.6
2021-12-22,21109.3
2021-12-23,21400.1
2021-12-24,21546.2
2021-12-25,21644
2021-12-26,21840.1
2021-12-27,22037.2
2021-12-28,22037.2
2021-12-29,21791
2021-12-30,21497.5
2021-12-31,21157.6
2022-01-01,21109.3
2022-01-02,20581.6
2022-01-03,20249.4
2022-01-04,20060.9
2022-01-05,19967
2022-01-06,19500.9
2022-01-07,19040.5
2022-01-08,18857.9
2022-01-09,18181.6
2022-01-10,17430.8
2022-01-11,16568.6
2022-01-12,15564.2
2022-01-13,14528.6
2022-01-14,13525.3
2022-01-15,12577.7
2022-01-16,11886.4
2022-01-17,11283.2
2022-01-18,10726
2022-01-19,10489
2022-01-20,10174.7
2022-01-21,10018.2
2022-01-22,9823.4
2022-01-23,9862.31
2022-01-24,10174.7
2022-01-25,10567.9
2022-01-26,11003.9
2022-01-27,11563.9
2022-01-28,12129.5
2022-01-29,12946.8
2022-01-30,13194.1
2022-01-31,14234.5
2022-02-01,14234.5
2022-02-02,13858.1
2022-02-03,13442.3
2022-02-04,12864.6
2022-02-05,12292.1
2022-02-06,11886.4
2022-02-07,11523.7
2022-02-08,11243.2
2022-02-09,10924.3
2022-02-10,10726
2022-02-11,10805.3
2022-02-12,11043.7
2022-02-13,11443.4
2022-02-14,12088.9
2022-02-15,12659.5
2022-02-16,13359.5
2022-02-17,14150.7
2022-02-18,14866.3
2022-02-19,15441
2022-02-20,15937
2022-02-21,16398.9
2022-02-22,16568.6
2022-02-23,16483.6
2022-02-24,16272.3
2022-02-25,16020.5
2022-02-26,15853.8
2022-02-27,15770.7
2022-02-28,15937
2022-03-01,16611.2
2022-03-02,17387.1
2022-03-03,17693.9
2022-03-04,17914.7
2022-03-05,18226.3
2022-03-06,18857.9
2022-03-07,19454.6
2022-03-08,20013.9
2022-03-09,20486.4
2022-03-10,20916.6
2022-03-11,21254.4
2022-03-12,21351.5
2022-03-13,21546.2
2022-03-14,21644
2022-03-15,21741.9
2022-03-16,21889.3
2022-03-17,22037.2
2022-03-18,22086.6
2022-03-19,22086.6
2022-03-20,22136.1
2022-03-21,22384.4
2022-03-22,22534
2022-03-23,22834.9
2022-03-24,23290.1
2022-03-25,24214.7
2022-03-26,24946.8
2022-03-27,25690.4
2022-03-28,26445.4
2022-03-29,26991.8
2022-03-30,27377.7
2022-03-31,27655.1
2022-04-01,27878.1
2022-04-02,28045.9
2022-04-03,28270.5
2022-04-04,28722.6
2022-04-05,29007
2022-04-06,29064.1
2022-04-07,29007
2022-04-08,28665.9
2022-04-09,28383.2
2022-04-10,28158.1
2022-04-11,27989.9
2022-04-12,27766.5
2022-04-13,27488.5
2022-04-14,27211.9
2022-04-15,27101.7
2022-04-16,26991.8
2022-04-17,26991.8
2022-04-18,27101.7
2022-04-19,27211.9
2022-04-20,27267.1
2022-04-21,27211.9
2022-04-22,27156.8
2022-04-23,27156.8
2022-04-24,27211.9
2022-04-25,27267.1
2022-04-26,27377.7
2022-04-27,27267.1
2022-04-28,27211.9
2022-04-29,27211.9
2022-04-30,27156.8
2022-05-01,27156.8
2022-05-02,27101.7
2022-05-03,27211.9
2022-05-04,27322.4
2022-05-05,27267.1
2022-05-06,27211.9
2022-05-07,27101.7
2022-05-08,27046.7
2022-05-09,26991.8
2022-05-10,26936.9
2022-05-11,27156.8
2022-05-12,27433
2022-05-13,27655.1
2022-05-14,27766.5
2022-05-15,27822.2
2022-05-16,27934
2022-05-17,28214.3
2022-05-18,28665.9
2022-05-19,29064.1
2022-05-20,29638
2022-05-21,30334.4
2022-05-22,31039.3
2022-05-23,31992.4
2022-05-24,32656.4
2022-05-25,33205
2022-05-26,33635
2022-05-27,34005.9
2022-05-28,34254.3
2022-05-29,34441.3
2022-05-30,34628.7
2022-05-31,34816.8
2022-06-01,34942.4
2022-06-02,35068.3
2022-06-03,35194.4
2022-06-04,35194.4
2022-06-05,35194.4
2022-06-06,35257.5
2022-06-07,35257.5
2022-06-08,35257.5
2022-06-09,35131.3
2022-06-10,35131.3
2022-06-11,35131.3
2022-06-12,35131.3
2022-06-13,35068.3
2022-06-14,35068.3
2022-06-15,35005.3
2022-06-16,34879.5
2022-06-17,34691.4
2022-06-18,34503.7
2022-06-19,34378.9
2022-06-20,34192.1
2022-06-21,34067.9
2022-06-22,33758.4
2022-06-23,33388.9
2022-06-24,33082.7
2022-06-25,32717.1
2022-06-26,32474.6
2022-06-27,32293.3
2022-06-28,32172.8
2022-06-29,31752.7
2022-06-30,31335.6
2022-07-01,30980.3
2022-07-02,30217.8
2022-07-03,30101.3
2022-07-04,30101.3
2022-07-05,29985.2
2022-07-06,29695.7
2022-07-07,29580.3
2022-07-08,29350.3
2022-07-09,29235.7
2022-07-10,29121.2
2022-07-11,29064.1
2022-07-12,29064.1
2022-07-13,28893.1
2022-07-14,28836.2
2022-07-15,28893.1
2022-07-16,28950
2022-07-17,29064.1
2022-07-18,29178.4
2022-07-19,29235.7
2022-07-20,29407.7
2022-07-21,29407.7
2022-07-22,29407.7
2022-07-23,29522.8
2022-07-24,29638
2022-07-25,29869.2
2022-07-26,30101.3
2022-07-27,30276.1
2022-07-28,30627.1
2022-07-29,30744.6
2022-07-30,30803.4
2022-07-31,30921.3
2022-08-01,30921.3
2022-08-02,30744.6
2022-08-03,30451.3
2022-08-04,30159.5
2022-08-05,29811.3
2022-08-06,29465.2
2022-08-07,29121.2
2022-08-08,28722.6
2022-08-09,28383.2
2022-08-10,27934
2022-08-11,27433
2022-08-12,26991.8
2022-08-13,26663.3
2022-08-14,26282.7
2022-08-15,25958.7
2022-08-16,25636.9
2022-08-17,25423.5
2022-08-18,25158.1
2022-08-19,24841.5
2022-08-20,24527.1
2022-08-21,24162.8
2022-08-22,23852.9
2022-08-23,23596.2
2022-08-24,23341
2022-08-25,23036.6
2022-08-26,22734.4
2022-08-27,22334.6
2022-08-28,21938.6
2022-08-29,21692.9
2022-08-30,21595.1
2022-08-31,21400.1
2022-09-01,21302.9
2022-09-02,21302.9
2022-09-03,21400.1
2022-09-04,21497.5
2022-09-05,21546.2
2022-09-06,21497.5
2022-09-07,21400.1
2022-09-08,21157.6
2022-09-09,21061
2022-09-10,21061
2022-09-11,21012.8
2022-09-12,20964.7
2022-09-13,20916.6
2022-09-14,20820.6
2022-09-15,20820.6
2022-09-16,20820.6
2022-09-17,20724.8
2022-09-18,20677
2022-09-19,20534
2022-09-20,20249.4
2022-09-21,19920.1
2022-09-22,19362.1
2022-09-23,18812.5
2022-09-24,18181.6
2022-09-25,17562.1
2022-09-26,16910.7
2022-09-27,16441.3
2022-09-28,15605.4
2022-09-29,14951
2022-09-30,14318.4
2022-10-01,13649.9
2022-10-02,13152.8
2022-10-03,12823.5
2022-10-04,12495.9
2022-10-05,12129.5
2022-10-06,11805.6
2022-10-07,11483.5
2022-10-08,11283.2
2022-10-09,11123.4
2022-10-10,10964.1
2022-10-11,10884.6
2022-10-12,10726
2022-10-13,10567.9
2022-10-14,10726
2022-10-15,10253.1
2022-10-16,10135.5
2022-10-17,10135.5
2022-10-18,10292.3
2022-10-19,10449.6
2022-10-20,10726
2022-10-21,11003.9
2022-10-22,11203.2
2022-10-23,11443.4
2022-10-24,11604.1
2022-10-25,11644.4
2022-10-26,11724.9
2022-10-27,11846
2022-10-28,12048.3
2022-10-29,12373.5
2022-10-30,12864.6
2022-10-31,13400.9
2022-11-01,14108.8
2022-11-02,14781.7
2022-11-03,15196
2022-11-04,15523.1
2022-11-05,15729.3
2022-11-06,15937
2022-11-07,16526.1
2022-11-08,16568.6
2022-11-09,16314.4
2022-11-10,15937
2022-11-11,16314.4
2022-11-12,15937
2022-11-13,15523.1
2022-11-14,15074.3
2022-11-15,14570.8
2022-11-16,14066.9
2022-11-17,13816.4
2022-11-18,13733.1
2022-11-19,13774.7
2022-11-20,13941.6
2022-11-21,14108.8
2022-11-22,14318.4
2022-11-23,14993.3
2022-11-24,15605.4
2022-11-25,16230.1
2022-11-26,16867.8
2022-11-27,17474.5
2022-11-28,17782
2022-11-29,17959.1
2022-11-30,18092.4
2022-12-01,18271.1
2022-12-02,18405.6
2022-12-03,18315.9
2022-12-04,18137
2022-12-05,17914.7
2022-12-06,17649.9
2022-12-07,17387.1
2022-12-08,16782
2022-12-09,16398.9
2022-12-10,16188.1
2022-12-11,16020.5
2022-12-12,15770.7
2022-12-13,15729.3
2022-12-14,15646.6
2022-12-15,15564.2
2022-12-16,15441
2022-12-17,15236.7
2022-12-18,15155.4
2022-12-19,15155.4
2022-12-20,15114.8
2022-12-21,15033.9
2022-12-22,14824
2022-12-23,14612.9
2022-12-24,14360.4
2022-12-25,13899.8
2022-12-26,13483.8
2022-12-27,13318.1
2022-12-28,13194.1
2022-12-29,12946.8
2022-12-30,12741.4
2022-12-31,12373.5
2023-01-01,12007.8
2023-01-02,11644.4
2023-01-03,11403.3
2023-01-04,11283.2
2023-01-05,11243.2
2023-01-06,11243.2
2023-01-07,11323.2
2023-01-08,11443.4
2023-01-09,11563.9
2023-01-10,11644.4
2023-01-11,11926.8
2023-01-12,12455.1
2023-01-13,13111.5
2023-01-14,13691.5
2023-01-15,14192.6
2023-01-16,14570.8
2023-01-17,14993.3
2023-01-18,15359.1
2023-01-19,15688
2023-01-20,16104.2
2023-01-21,16483.6
2023-01-22,16824.8
2023-01-23,17040
2023-01-24,17256.5
2023-01-25,17430.8
2023-01-26,17649.9
2023-01-27,17737.9
2023-01-28,17737.9
2023-01-29,17693.9
2023-01-30,17605.9
2023-01-31,17474.5
2023-02-01,17213.1
2023-02-02,16996.8
2023-02-03,16611.2
2023-02-04,16146.1
2023-02-05,15688
2023-02-06,15277.4
2023-02-07,14866.3
2023-02-08,14570.8
2023-02-09,14276.4
2023-02-10,14234.5
2023-02-11,14402.4
2023-02-12,14655.1
2023-02-13,14908.6
2023-02-14,15196
2023-02-15,15482
2023-02-16,15770.7
2023-02-17,16020.5
2023-02-18,16398.9
2023-02-19,16867.8
2023-02-20,17387.1
2023-02-21,18003.5
2023-02-22,18721.6
2023-02-23,19223.9
2023-02-24,19779.8
2023-02-25,20249.4
2023-02-26,20916.6
2023-02-27,21206
2023-02-28,21302.9
2023-03-01,20916.6
2023-03-02,21061
2023-03-03,21061
2023-03-04,20964.7
2023-03-05,20772.7
2023-03-06,20438.9
2023-03-07,19967
2023-03-08,19454.6
2023-03-09,19223.9
2023-03-10,19040.5
2023-03-11,18903.5
2023-03-12,19086.3
2023-03-13,19593.6
2023-03-14,19779.8
2023-03-15,20344.1
2023-03-16,20581.6
2023-03-17,21061
2023-03-18,21595.1
2023-03-19,21889.3
2023-03-20,21938.6
2023-03-21,21791
2023-03-22,21497.5
2023-03-23,20964.7
2023-03-24,20438.9
2023-03-25,19967
2023-03-26,19362.1
2023-03-27,18676.3
2023-03-28,18137
2023-03-29,17605.9
2023-03-30,17213.1
2023-03-31,16910.7
2023-04-01,16824.8
2023-04-02,16996.8
2023-04-03,17169.7
2023-04-04,17343.5
2023-04-05,17387.1
2023-04-06,17430.8
2023-04-07,17518.2
2023-04-08,17605.9
2023-04-09,17782
2023-04-10,17914.7
2023-04-11,17959.1
2023-04-12,17959.1
2023-04-13,17826.2
2023-04-14,17649.9
2023-04-15,17562.1
2023-04-16,17562.1
2023-04-17,17649.9
2023-04-18,17737.9
2023-04-19,17959.1
2023-04-20,18226.3
2023-04-21,18450.6
2023-04-22,18721.6
2023-04-23,18994.8
2023-04-24,19454.6
2023-04-25,19826.5
2023-04-26,20296.7
2023-04-27,21012.8
2023-04-28,21595.1
2023-04-29,22136.1
2023-04-30,22584
2023-05-01,22986.1
2023-05-02,22986.1
2023-05-03,22834.9
2023-05-04,22784.6
2023-05-05,22684.2
2023-05-06,22534
2023-05-07,22334.6
2023-05-08,22185.7
2023-05-09,22235.3
2023-05-10,22334.6
2023-05-11,22484.1
2023-05-12,22634.1
2023-05-13,22684.2
2023-05-14,22885.2
2023-05-15,22986.1
2023-05-16,23239.3
2023-05-17,23596.2
2023-05-18,24266.6
2023-05-19,24684
2023-05-20,25105.2
2023-05-21,25370.3
2023-05-22,25583.5
2023-05-23,25690.4
2023-05-24,25905
2023-05-25,26012.6
2023-05-26,26066.5
2023-05-27,26120.4
2023-05-28,26120.4
2023-05-29,26066.5
2023-05-30,26066.5
2023-05-31,25958.7
2023-06-01,25958.7
2023-06-02,25905
2023-06-03,25851.2
2023-06-04,25797.6
2023-06-05,25636.9
2023-06-06,25530.1
2023-06-07,25264.1
2023-06-08,25052.3
2023-06-09,24841.5
2023-06-10,24631.6
2023-06-11,24631.6
2023-06-12,24631.6
2023-06-13,24631.6
2023-06-14,24631.6
2023-06-15,24684
2023-06-16,24736.5
2023-06-17,24736.5
2023-06-18,24789
2023-06-19,24894.2
2023-06-20,24841.5
2023-06-21,24736.5
2023-06-22,24579.3
2023-06-23,24370.6
2023-06-24,24059.3
2023-06-25,23596.2
2023-06-26,23290.1
2023-06-27,22986.1
2023-06-28,22734.4
2023-06-29,22384.4
2023-06-30,21840.1
2023-07-01,21595.1
2023-07-02,21400.1
2023-07-03,21254.4
2023-07-04,21206
2023-07-05,20868.6
2023-07-06,20677
2023-07-07,20581.6
2023-07-08,20629.3
2023-07-09,20772.7
2023-07-10,20916.6
2023-07-11,21012.8
2023-07-12,21109.3
2023-07-13,21302.9
2023-07-14,21497.5
2023-07-15,21692.9
2023-07-16,21889.3
2023-07-17,22037.2
2023-07-18,22136.1
2023-07-19,22284.9
2023-07-20,22384.4
2023-07-21,22584
2023-07-22,22784.6
2023-07-23,23036.6
2023-07-24,23188.5
2023-07-25,23391.9
2023-07-26,23596.2
2023-07-27,23956
2023-07-28,24370.6
2023-07-29,24789
2023-07-30,25158.1
2023-07-31,25370.3
2023-08-01,25370.3
2023-08-02,25423.5
2023-08-03,25583.5
2023-08-04,25690.4
2023-08-05,25690.4
2023-08-06,25690.4
2023-08-07,25636.9
2023-08-08,25530.1
2023-08-09,25423.5
2023-08-10,25264.1
2023-08-11,25158.1
2023-08-12,24841.5
2023-08-13,24579.3
2023-08-14,24527.1
2023-08-15,24318.6
2023-08-16,24111
2023-08-17,23801.4
2023-08-18,23442.9
2023-08-19,23137.8
2023-08-20,22734.4
2023-08-21,22384.4
2023-08-22,22086.6
2023-08-23,21840.1
2023-08-24,21497.5
2023-08-25,21012.8
2023-08-26,20534
2023-08-27,19826.5
2023-08-28,18903.5
2023-08-29,18631.1
2023-08-30,18092.4
2023-08-31,17430.8
2023-09-01,16824.8
2023-09-02,16104.2
2023-09-03,15196
2023-09-04,14192.6
2023-09-05,13359.5
2023-09-06,12700.5
2023-09-07,12332.8
2023-09-08,12129.5
2023-09-09,11846
2023-09-10,11203.2
2023-09-11,10607.4
2023-09-12,10292.3
2023-09-13,9979.22
2023-09-14,9629.34
2023-09-15,9397.51
2023-09-16,9205.21
2023-09-17,9013.71
2023-09-18,8899.21
2023-09-19,8861.11
2023-09-20,8785.01
2023-09-21,8747
2023-09-22,8861.11
2023-09-23,8823.04
2023-09-24,8861.11
2023-09-25,8861.11
2023-09-26,8709.04
2023-09-27,8481.94
2023-09-28,8181.06
2023-09-29,7882.41
2023-09-30,7659.92
2023-10-01,7586.04
2023-10-02,7512.31
2023-10-03,7438.73
2023-10-04,7402
2023-10-05,7292.01
2023-10-06,7218.87
2023-10-07,7000.37
2023-10-08,6747.19
2023-10-09,6460.19
2023-10-10,6175.75
2023-10-11,5858.92
2023-10-12,5510.93
2023-10-13,5167.36
2023-10-14,4828.36
2023-10-15,4627.24
2023-10-16,4560.59
2023-10-17,4427.88
2023-10-18,4361.83
2023-10-19,4427.88
2023-10-20,4494.13
2023-10-21,4627.24
2023-10-22,4862.05
2023-10-23,5167.36
2023-10-24,5441.86
2023-10-25,5684.39
2023-10-26,5823.93
2023-10-27,5929.04
2023-10-28,6105.06
2023-10-29,6388.83
2023-10-30,6603.37
2023-10-31,6747.19
2023-11-01,6675.2
2023-11-02,6460.19
2023-11-03,6246.62
2023-11-04,5964.16
2023-11-05,5754.07
2023-11-06,5545.54
2023-11-07,5269.96
2023-11-08,5065.17
2023-11-09,4828.36
2023-11-10,4627.24
2023-11-11,4527.34
2023-11-12,4560.59
2023-11-13,4694.09
2023-11-14,4963.4
2023-11-15,5407.39
2023-11-16,6034.52
2023-11-17,6460.19
2023-11-18,6927.84
2023-11-19,7438.73
2023-11-20,7733.94
2023-11-21,7919.62
2023-11-22,7919.62
2023-11-23,7845.24
2023-11-24,7622.96
2023-11-25,7475.51
2023-11-26,7475.51
2023-11-27,7402
2023-11-28,7475.51
2023-11-29,7733.94
2023-11-30,8031.45
2023-12-01,8293.63
2023-12-02,8519.71
2023-12-03,8595.34
2023-12-04,8557.5
2023-12-05,8481.94
2023-12-06,8368.85
2023-12-07,8218.55
2023-12-08,8068.8
2023-12-09,7994.14
2023-12-10,8068.8
2023-12-11,8256.07
2023-12-12,8633.2
2023-12-13,9051.95
2023-12-14,9436.07
2023-12-15,9862.31
2023-12-16,10331.6
2023-12-17,10765.6
2023-12-18,11123.4
2023-12-19,11443.4
2023-12-20,11644.4
2023-12-21,11765.3
2023-12-22,11846
2023-12-23,11926.8
2023-12-24,12088.9
2023-12-25,12332.8
2023-12-26,12332.8
2023-12-27,12292.1
2023-12-28,12129.5
2023-12-29,12088.9
2023-12-30,12170.1
2023-12-31,12292.1
2024-01-01,12604.6
2024-01-02,12836.6
2024-01-03,13245.6
2024-01-04,13540
2024-01-05,13717.5
2024-01-06,13638.6
2024-01-07,13363.1
2024-01-08,12972.5
2024-01-09,12489.1
2024-01-10,12011
2024-01-11,11500.9
2024-01-12,11090.1
2024-01-13,10794
2024-01-14,10775.6
2024-01-15,10904.8
2024-01-16,11145.8
2024-01-17,11332.3
2024-01-18,11500.9
2024-01-19,11538.5
2024-01-20,11332.3
2024-01-21,11108.6
2024-01-22,10941.7
2024-01-23,10849.3
2024-01-24,10757.2
2024-01-25,10738.8
2024-01-26,10775.6
2024-01-27,10738.8
2024-01-28,10573.5
2024-01-29,10372.6
2024-01-30,10227.1
2024-01-31,10082.3
2024-02-01,9938.08
2024-02-02,9633.63
2024-02-03,9314.29
2024-02-04,8998.12
2024-02-05,8789.12
2024-02-06,8564.32
2024-02-07,8307.07
2024-02-08,8157.89
2024-02-09,8125.75
2024-02-10,8173.97
2024-02-11,8238.86
2024-02-12,8307.07
2024-02-13,8392.57
2024-02-14,8547.1
2024-02-15,8650.58
2024-02-16,8806.48
2024-02-17,9120.7
2024-02-18,9580.18
2024-02-19,10064.3
2024-02-20,10427.3
2024-02-21,10628.5
2024-02-22,10702
2024-02-23,10646.9
2024-02-24,10445.5
2024-02-25,10172.8
2024-02-26,9902.12
2024-02-27,9420.39
2024-02-28,9085.62
2024-02-29,8685.16
2024-03-01,8324.15
2024-03-02,8029.45
2024-03-03,7885.39
2024-03-04,7837.47
2024-03-05,7789.61
2024-03-06,7741.8
2024-03-07,7725.87
2024-03-08,7662.23
2024-03-09,7598.68
2024-03-10,7614.56
2024-03-11,7741.8
2024-03-12,7869.41
2024-03-13,7933.36
2024-03-14,7885.39
2024-03-15,7789.61
2024-03-16,7773.67
2024-03-17,7885.39
2024-03-18,8061.53
2024-03-19,8461.15
2024-03-20,8823.85
2024-03-21,9085.62
2024-03-22,9173.38
2024-03-23,9190.96
2024-03-24,9367.29
2024-03-25,9420.39
2024-03-26,9544.61
2024-03-27,9687.15
2024-03-28,9974.08
2024-03-29,9974.08
2024-03-30,10118.5
2024-03-31,10172.8
2024-04-01,10190.9
2024-04-02,10263.4
2024-04-03,10536.9
2024-04-04,10886.3
2024-04-05,11294.9
2024-04-06,11726.8
2024-04-07,12163.4
2024-04-08,12662.5
2024-04-09,13579.4
2024-04-10,14374.3
2024-04-11,15121.1
2024-04-12,15632
2024-04-13,15982.2
2024-04-14,16002.8
2024-04-15,15837.7
2024-04-16,15632
2024-04-17,15427
2024-04-18,15222.9
2024-04-19,14938.5
2024-04-20,14756.4
2024-04-21,14675.7
2024-04-22,14736.2
2024-04-23,14918.2
2024-04-24,15284.1
2024-04-25,15693.6
2024-04-26,16168.5
2024-04-27,16605.6
2024-04-28,16710.2
2024-04-29,16710.2
2024-04-30,16794
2024-05-01,16836
2024-05-02,16898.9
2024-05-03,16941
2024-05-04,17004.1
2024-05-05,17109.4
2024-05-06,17299.4
2024-05-07,17426.4
2024-05-08,17575
2024-05-09,17809.1
2024-05-10,18129.9
2024-05-11,18495.4
2024-05-12,19102.1
2024-05-13,19648.6
2024-05-14,20044.9
2024-05-15,20465.6
2024-05-16,20876.8
2024-05-17,21087.3
2024-05-18,21275.7
2024-05-19,21512.7
2024-05-20,21799.5
2024-05-21,22137.2
2024-05-22,22601
2024-05-23,22971.8
2024-05-24,23371.6
2024-05-25,23852.4
2024-05-26,24185.1
2024-05-27,24938.3
2024-05-28,25573.3
2024-05-29,25975.6
2024-05-30,26409.3
2024-05-31,26737.7
2024-06-01,27041.1
2024-06-02,27152
2024-06-03,27207.5
2024-06-04,27207.5
2024-06-05,27263.2
2024-06-06,27291
2024-06-07,27430.5
2024-06-08,27626.6
2024-06-09,27851.9
2024-06-10,28106.7
2024-06-11,28334.6
2024-06-12,28678.6
2024-06-13,28880.6
2024-06-14,28909.5
2024-06-15,28996.4
2024-06-16,29025.4
2024-06-17,29112.6
2024-06-18,29229
2024-06-19,29345.8
2024-06-20,29462.8
2024-06-21,29492.1
2024-06-22,29697.9
2024-06-23,29934.2
2024-06-24,30052.8
2024-06-25,30261.1
2024-06-26,30380.6
2024-06-27,30380.6
2024-06-28,30440.4
2024-06-29,30440.4
2024-06-30,30410.5
2024-07-01,30142
2024-07-02,29756.8
2024-07-03,29433.5
2024-07-04,29199.9
2024-07-05,28909.5
2024-07-06,28621.1
2024-07-07,28306
2024-07-08,28135.2
2024-07-09,27851.9
2024-07-10,27598.6
2024-07-11,27402.6
2024-07-12,27263.2
2024-07-13,27124.2
2024-07-14,27124.2
2024-07-15,27207.5
2024-07-16,27346.8
2024-07-17,27430.5
2024-07-18,27514.5
2024-07-19,27542.5
2024-07-20,27402.6
2024-07-21,27318.9
2024-07-22,27124.2
2024-07-23,27013.4
2024-07-24,26902.9
2024-07-25,26737.7
2024-07-26,26627.9
2024-07-27,26491.1
2024-07-28,26300.4
2024-07-29,26110.6
2024-07-30,25894.8
2024-07-31,25680.2
2024-08-01,25440.2
2024-08-02,25228.1
2024-08-03,25148.8
2024-08-04,25043.4
2024-08-05,24781.2
2024-08-06,24546.8
2024-08-07,24339.7
2024-08-08,24108
2024-08-09,23852.4
2024-08-10,23497.5
2024-08-11,23096.2
2024-08-12,22699.5
2024-08-13,22307.3
2024-08-14,21895.6
2024-08-15,21679.7
2024-08-16,21512.7
2024-08-17,21323
2024-08-18,21040.4
2024-08-19,20690.7
2024-08-20,20155.3
2024-08-21,19692.5
2024-08-22,19189.3
2024-08-23,18689.8
2024-08-24,18215.7
2024-08-25,17723.9
2024-08-26,17257.1
2024-08-27,16794
2024-08-28,16376.2
2024-08-29,15899.6
2024-08-30,15488.4
2024-08-31,15060.2
2024-09-01,14655.6
2024-09-02,14394.3
2024-09-03,14134.4
2024-09-04,13915.6
2024-09-05,13658.3
2024-09-06,13579.4
2024-09-07,13441.7
2024-09-08,13284.7
2024-09-09,13089.4
2024-09-10,12894.8
2024-09-11,12585.3
2024-09-12,12278.1
2024-09-13,11992
2024-09-14,11689.1
2024-09-15,11369.7
2024-09-16,11108.6
2024-09-17,10849.3
2024-09-18,10573.5
2024-09-19,10263.4
2024-09-20,9956.08
2024-09-21,9633.63
2024-09-22,9279
2024-09-23,8980.65
2024-09-24,8702.46
2024-09-25,8409.7
2024-09-26,8157.89
2024-09-27,7997.4
2024-09-28,7837.47
2024-09-29,7709.95
2024-09-30,7709.95
2024-10-01,7997.4
2024-10-02,8650.58
2024-10-03,9402.68
2024-10-04,10064.3
2024-10-05,10500.3
2024-10-06,10738.8
2024-10-07,10867.8
2024-10-08,10830.9
2024-10-09,10683.6
2024-10-10,10354.4
2024-10-11,9938.08
2024-10-12,9597.99
2024-10-13,9384.98
2024-10-14,9155.81
2024-10-15,8841.23
2024-10-16,8478.32
2024-10-17,8190.06
2024-10-18,7901.37
2024-10-19,7662.23
2024-10-20,7471.87
2024-10-21,7298.14
2024-10-22,7140.83
2024-10-23,7031.09
2024-10-24,6890.44
2024-10-25,6765.85
2024-10-26,6610.68
2024-10-27,6487.01
2024-10-28,6471.59
2024-10-29,6533.34
2024-10-30,6688.18
2024-10-31,6828.09
2024-11-01,6968.52
2024-11-02,7031.09
2024-11-03,7093.76
2024-11-04,7109.45
2024-11-05,7156.54
2024-11-06,7203.68
2024-11-07,7250.88
2024-11-08,7424.42
2024-11-09,7551.08
2024-11-10,7582.81
2024-11-11,7487.7
2024-11-12,7313.9
2024-11-13,7109.45
2024-11-14,6999.79
2024-11-15,6859.25
2024-11-16,6921.65
2024-11-17,7093.76
2024-11-18,7172.25
2024-11-19,7313.9
2024-11-20,7503.54
2024-11-21,7725.87
2024-11-22,7933.36
2024-11-23,8173.97
2024-11-24,8392.57
2024-11-25,8564.32
2024-11-26,8841.23
2024-11-27,9033.09
2024-11-28,9085.62
2024-11-29,9226.15
2024-11-30,9190.96
2024-12-01,8998.12
2024-12-02,8876.03
2024-12-03,8685.16
2024-12-04,8512.69
2024-12-05,8255.9
2024-12-06,7997.4
2024-12-07,7821.51
2024-12-08,7614.56
2024-12-09,7519.38
2024-12-10,7503.54
2024-12-11,7598.68
2024-12-12,7646.34
2024-12-13,7694.04
2024-12-14,7805.56
2024-12-15,7997.4
2024-12-16,8190.06
2024-12-17,8409.7
2024-12-18,8702.46
2024-12-19,8806.48
2024-12-20,8858.63
2024-12-21,8876.03
2024-12-22,8928.29
2024-12-23,9033.09
2024-12-24,9384.98
2024-12-25,9920.1
2024-12-26,10628.5
2024-12-27,11463.4
2024-12-28,12106.2
2024-12-29,12662.5
2024-12-30,13422
2024-12-31,14094.6
2025-01-01,14837.2
2025-01-02,15570.4
2025-01-03,16085.6
2025-01-04,16815
2025-01-05,17362.9
2025-01-06,17787.8
2025-01-07,18237.2
2025-01-08,18733.1
2025-01-09,19123.9
2025-01-10,19385.7
2025-01-11,19539
2025-01-12,19495.1
2025-01-13,19232.9
2025-01-14,18928.2
2025-01-15,18668.2
2025-01-16,18237.2
2025-01-17,18151.3
2025-01-18,17617.5
2025-01-19,17172.6
2025-01-20,16543
2025-01-21,15734.7
2025-01-22,14776.6
2025-01-23,13757.1
2025-01-24,12797.9
2025-01-25,11897.1
2025-01-26,11145.8
2025-01-27,10702
2025-01-28,10427.3
2025-01-29,10354.4
2025-01-30,10445.5
2025-01-31,10702
2025-02-01,11015.8
2025-02-02,11407.1
2025-02-03,11726.8
2025-02-04,12030
2025-02-05,12373.9
2025-02-06,12701.1
2025-02-07,13128.4
2025-02-08,13520.3
2025-02-09,14094.6
2025-02-10,14655.6
2025-02-11,15304.5
2025-02-12,15961.5
2025-02-13,16480.4
2025-02-14,16919.9
2025-02-15,17278.2
2025-02-16,17681.3
2025-02-17,18065.6
2025-02-18,18538.6
2025-02-19,18733.1
2025-02-20,18819.7
2025-02-21,18993.4
2025-02-22,19145.7
2025-02-23,19232.9
2025-02-24,19320.2
2025-02-25,19342
2025-02-26,19385.7
2025-02-27,19429.5
2025-02-28,19539
2025-03-01,19626.7
2025-03-02,19582.8
2025-03-03,19102.1
2025-03-04,18538.6
2025-03-05,18129.9
2025-03-06,18087
2025-03-07,17958.6
2025-03-08,17596.2
2025-03-09,17025.1
2025-03-10,16501.2
2025-03-11,16044.2
2025-03-12,15488.4
2025-03-13,14918.2
2025-03-14,14514.7
2025-03-15,14354.2
2025-03-16,14294.2
2025-03-17,14394.3
2025-03-18,14736.2
2025-03-19,15039.9
2025-03-20,15324.9
2025-03-21,15508.9
2025-03-22,15590.9
2025-03-23,15549.9
2025-03-24,15447.5
2025-03-25,15304.5
2025-03-26,15100.8
2025-03-27,14938.5
2025-03-28,14796.8
2025-03-29,14595.2
2025-03-30,14615.3
2025-03-31,14796.8
2025-04-01,15039.9
2025-04-02,15427
2025-04-03,15940.8
2025-04-04,16417.8
2025-04-05,16962
2025-04-06,17490
2025-04-07,18129.9
2025-04-08,18776.4
2025-04-09,19495.1
2025-04-10,20221.7
2025-04-11,20946.8
2025-04-12,21655.8
2025-04-13,22283
2025-04-14,22922.1
2025-04-15,23573.2
2025-04-16,24313.9
2025-04-17,24833.5
2025-04-18,25122.4
2025-04-19,25493.4
2025-04-20,25867.9
2025-04-21,26246.1
2025-04-22,26354.8
2025-04-23,26491.1
2025-04-24,26545.8
2025-04-25,26518.5
2025-04-26,26327.6
2025-04-27,26110.6
2025-04-28,25894.8
2025-04-29,25626.7
2025-04-30,25175.2
2025-05-01,24964.6
2025-05-02,24859.7
2025-05-03,24912.1
2025-05-04,25069.8
2025-05-05,25254.5
2025-05-06,25307.5
2025-05-07,25334
2025-05-08,25387
2025-05-09,25520
2025-05-10,25626.7
2025-05-11,25626.7
2025-05-12,25680.2
2025-05-13,25680.2
2025-05-14,25733.7
2025-05-15,25841.1
2025-05-16,25921.7
2025-05-17,26327.6
2025-05-18,26600.5
2025-05-19,26875.3
2025-05-20,27207.5
2025-05-21,27430.5
2025-05-22,27570.5
2025-05-23,27654.7
2025-05-24,27823.7
2025-05-25,27880.1
2025-05-26,28106.7
2025-05-27,28334.6
2025-05-28,28592.4
2025-05-29,28851.7
2025-05-30,29112.6
2025-05-31,29287.3
2025-06-01,29492.1
2025-06-02,29727.4
2025-06-03,29963.8
2025-06-04,30261.1
2025-06-05,30500.4
2025-06-06,30831.4
2025-06-07,31256.1
2025-06-08,31777.1
2025-06-09,32055.2
2025-06-10,32428.5
2025-06-11,32553.5
2025-06-12,32930.7
2025-06-13,32962.2
2025-06-14,33183.7
2025-06-15,33310.7
2025-06-16,33438
2025-06-17,33565.7
2025-06-18,33725.7
2025-06-19,33982.7
2025-06-20,34241.1
2025-06-21,34370.7
2025-06-22,34370.7
2025-06-23,34435.7
2025-06-24,34435.7
2025-06-25,34435.7
2025-06-26,34338.3
2025-06-27,34208.7
2025-06-28,34079.5
2025-06-29,33950.5
2025-06-30,33821.9
2025-07-01,33693.6
2025-07-02,33501.8
2025-07-03,33310.7
2025-07-04,33120.3
2025-07-05,33057
2025-07-06,32836.1
2025-07-07,32647.6
2025-07-08,32491
2025-07-09,32428.5
2025-07-10,32459.7
2025-07-11,32459.7
2025-07-12,32459.7
2025-07-13,32303.7
2025-07-14,32241.5
2025-07-15,32241.5
2025-07-16,32210.4
2025-07-17,32210.4
2025-07-18,32334.9
2025-07-19,32428.5
2025-07-20,32710.3
2025-07-21,33025.4
2025-07-22,33183.7
2025-07-23,33310.7
2025-07-24,33438
2025-07-25,33565.7
2025-07-26,33725.7
2025-07-27,33886.2
2025-07-28,33982.7
2025-07-29,33854
2025-07-30,33725.7
2025-07-31,33565.7